-------------------------+-------------------------
Argument                 |Value                    
-------------------------+-------------------------
Grid name:               | LSQB_sf1000              
Input directory:         | /root/cuMatch/scratch/LSQB/social-network-sf1000-projected-fk-relabeled
Output directory:        | /root/cuMatch/scratch/LGF
Schema file path:        | ./schema/LSQB_schema.json
Header flag:             | true                     
Skip relabeling:         | true                     
-------------------------+-------------------------
> Vertex Labels : {0: City}, {1: Company}, {2: Continent}, {3: Country}, {4: Forum}, {5: Comment}, {6: Post}, {7: Message}, {8: Person}, {9: Tag}, {10: TagClass}, {11: University}
> Edge Labels : {0: CONTAINER_OF}, {1: HAS_CREATOR}, {2: HAS_INTEREST}, {3: HAS_MEMBER}, {4: HAS_MODERATOR}, {5: HAS_TAG}, {6: HAS_TYPE}, {7: IS_LOCATED_IN}, {8: IS_PART_OF}, {9: IS_SUBCLASS_OF}, {10: KNOWS}, {11: LIKES}, {12: REPLY_OF}, {13: STUDY_AT}, {14: WORK_AT}
> Total vertices : 3022426959
> Total edges : 21050528090
> Maximum num grids : 36100
> Maximum num grids per edge label : 21025
> Vertex label range : { City: [0-1) Company: [1-2) Continent: [2-3) Country: [3-4) Forum: [4-7) Comment: [7-152) Post: [152-186) Message: [7-186) Person: [186-187) Tag: [187-188) TagClass: [188-189) University: [189-190) 
dmesg > labeled_gridgen_utility.cpp:66
find /root/cuMatch/scratch/LGF/el32_tmp/186/186-0-7.el32.labeled
dmesg > labeled_gridgen_utility.cpp:66
find /root/cuMatch/scratch/LGF/el32_tmp/189/189-0-7.el32.labeled
dmesg > labeled_gridgen_utility.cpp:66
find /root/cuMatch/scratch/LGF/el32_tmp/186/186-1-14.el32.labeled
dmesg > labeled_gridgen_utility.cpp:66
find /root/cuMatch/scratch/LGF/el32_tmp/3/3-2-8.el32.labeled
dmesg > labeled_gridgen_utility.cpp:66
find /root/cuMatch/scratch/LGF/el32_tmp/0/0-3-8.el32.labeled
dmesg > labeled_gridgen_utility.cpp:66
find /root/cuMatch/scratch/LGF/el32_tmp/1/1-3-7.el32.labeled
dmesg > labeled_gridgen_utility.cpp:66
find /root/cuMatch/scratch/LGF/el32_tmp/7/7-3-7.el32.labeled
dmesg > labeled_gridgen_utility.cpp:66
find /root/cuMatch/scratch/LGF/el32_tmp/8/8-3-7.el32.labeled
dmesg > labeled_gridgen_utility.cpp:66
find /root/cuMatch/scratch/LGF/el32_tmp/9/9-3-7.el32.labeled
dmesg > labeled_gridgen_utility.cpp:66
find /root/cuMatch/scratch/LGF/el32_tmp/10/10-3-7.el32.labeled
dmesg > labeled_gridgen_utility.cpp:66
find /root/cuMatch/scratch/LGF/el32_tmp/11/11-3-7.el32.labeled
dmesg > labeled_gridgen_utility.cpp:66
find /root/cuMatch/scratch/LGF/el32_tmp/12/12-3-7.el32.labeled
dmesg > labeled_gridgen_utility.cpp:66
find /root/cuMatch/scratch/LGF/el32_tmp/13/13-3-7.el32.labeled
dmesg > labeled_gridgen_utility.cpp:66
find /root/cuMatch/scratch/LGF/el32_tmp/14/14-3-7.el32.labeled
dmesg > labeled_gridgen_utility.cpp:66
find /root/cuMatch/scratch/LGF/el32_tmp/15/15-3-7.el32.labeled
dmesg > labeled_gridgen_utility.cpp:66
find /root/cuMatch/scratch/LGF/el32_tmp/16/16-3-7.el32.labeled
dmesg > labeled_gridgen_utility.cpp:66
find /root/cuMatch/scratch/LGF/el32_tmp/17/17-3-7.el32.labeled
dmesg > labeled_gridgen_utility.cpp:66
find /root/cuMatch/scratch/LGF/el32_tmp/18/18-3-7.el32.labeled
dmesg > labeled_gridgen_utility.cpp:66
find /root/cuMatch/scratch/LGF/el32_tmp/19/19-3-7.el32.labeled
dmesg > labeled_gridgen_utility.cpp:66
find /root/cuMatch/scratch/LGF/el32_tmp/20/20-3-7.el32.labeled
dmesg > labeled_gridgen_utility.cpp:66
find /root/cuMatch/scratch/LGF/el32_tmp/21/21-3-7.el32.labeled
dmesg > labeled_gridgen_utility.cpp:66
find /root/cuMatch/scratch/LGF/el32_tmp/22/22-3-7.el32.labeled
dmesg > labeled_gridgen_utility.cpp:66
find /root/cuMatch/scratch/LGF/el32_tmp/23/23-3-7.el32.labeled
dmesg > labeled_gridgen_utility.cpp:66
find /root/cuMatch/scratch/LGF/el32_tmp/24/24-3-7.el32.labeled
dmesg > labeled_gridgen_utility.cpp:66
find /root/cuMatch/scratch/LGF/el32_tmp/25/25-3-7.el32.labeled
dmesg > labeled_gridgen_utility.cpp:66
find /root/cuMatch/scratch/LGF/el32_tmp/26/26-3-7.el32.labeled
dmesg > labeled_gridgen_utility.cpp:66
find /root/cuMatch/scratch/LGF/el32_tmp/27/27-3-7.el32.labeled
dmesg > labeled_gridgen_utility.cpp:66
find /root/cuMatch/scratch/LGF/el32_tmp/28/28-3-7.el32.labeled
dmesg > labeled_gridgen_utility.cpp:66
find /root/cuMatch/scratch/LGF/el32_tmp/29/29-3-7.el32.labeled
dmesg > labeled_gridgen_utility.cpp:66
find /root/cuMatch/scratch/LGF/el32_tmp/30/30-3-7.el32.labeled
dmesg > labeled_gridgen_utility.cpp:66
find /root/cuMatch/scratch/LGF/el32_tmp/31/31-3-7.el32.labeled
dmesg > labeled_gridgen_utility.cpp:66
find /root/cuMatch/scratch/LGF/el32_tmp/32/32-3-7.el32.labeled
dmesg > labeled_gridgen_utility.cpp:66
find /root/cuMatch/scratch/LGF/el32_tmp/33/33-3-7.el32.labeled
dmesg > labeled_gridgen_utility.cpp:66
find /root/cuMatch/scratch/LGF/el32_tmp/34/34-3-7.el32.labeled
dmesg > labeled_gridgen_utility.cpp:66
find /root/cuMatch/scratch/LGF/el32_tmp/35/35-3-7.el32.labeled
dmesg > labeled_gridgen_utility.cpp:66
find /root/cuMatch/scratch/LGF/el32_tmp/36/36-3-7.el32.labeled
dmesg > labeled_gridgen_utility.cpp:66
find /root/cuMatch/scratch/LGF/el32_tmp/37/37-3-7.el32.labeled
dmesg > labeled_gridgen_utility.cpp:66
find /root/cuMatch/scratch/LGF/el32_tmp/38/38-3-7.el32.labeled
dmesg > labeled_gridgen_utility.cpp:66
find /root/cuMatch/scratch/LGF/el32_tmp/39/39-3-7.el32.labeled
dmesg > labeled_gridgen_utility.cpp:66
find /root/cuMatch/scratch/LGF/el32_tmp/40/40-3-7.el32.labeled
dmesg > labeled_gridgen_utility.cpp:66
find /root/cuMatch/scratch/LGF/el32_tmp/41/41-3-7.el32.labeled
dmesg > labeled_gridgen_utility.cpp:66
find /root/cuMatch/scratch/LGF/el32_tmp/42/42-3-7.el32.labeled
dmesg > labeled_gridgen_utility.cpp:66
find /root/cuMatch/scratch/LGF/el32_tmp/43/43-3-7.el32.labeled
dmesg > labeled_gridgen_utility.cpp:66
find /root/cuMatch/scratch/LGF/el32_tmp/44/44-3-7.el32.labeled
dmesg > labeled_gridgen_utility.cpp:66
find /root/cuMatch/scratch/LGF/el32_tmp/45/45-3-7.el32.labeled
dmesg > labeled_gridgen_utility.cpp:66
find /root/cuMatch/scratch/LGF/el32_tmp/46/46-3-7.el32.labeled
dmesg > labeled_gridgen_utility.cpp:66
find /root/cuMatch/scratch/LGF/el32_tmp/47/47-3-7.el32.labeled
dmesg > labeled_gridgen_utility.cpp:66
find /root/cuMatch/scratch/LGF/el32_tmp/48/48-3-7.el32.labeled
dmesg > labeled_gridgen_utility.cpp:66
find /root/cuMatch/scratch/LGF/el32_tmp/49/49-3-7.el32.labeled
dmesg > labeled_gridgen_utility.cpp:66
find /root/cuMatch/scratch/LGF/el32_tmp/50/50-3-7.el32.labeled
dmesg > labeled_gridgen_utility.cpp:66
find /root/cuMatch/scratch/LGF/el32_tmp/51/51-3-7.el32.labeled
dmesg > labeled_gridgen_utility.cpp:66
find /root/cuMatch/scratch/LGF/el32_tmp/52/52-3-7.el32.labeled
dmesg > labeled_gridgen_utility.cpp:66
find /root/cuMatch/scratch/LGF/el32_tmp/53/53-3-7.el32.labeled
dmesg > labeled_gridgen_utility.cpp:66
find /root/cuMatch/scratch/LGF/el32_tmp/54/54-3-7.el32.labeled
dmesg > labeled_gridgen_utility.cpp:66
find /root/cuMatch/scratch/LGF/el32_tmp/55/55-3-7.el32.labeled
dmesg > labeled_gridgen_utility.cpp:66
find /root/cuMatch/scratch/LGF/el32_tmp/56/56-3-7.el32.labeled
dmesg > labeled_gridgen_utility.cpp:66
find /root/cuMatch/scratch/LGF/el32_tmp/57/57-3-7.el32.labeled
dmesg > labeled_gridgen_utility.cpp:66
find /root/cuMatch/scratch/LGF/el32_tmp/58/58-3-7.el32.labeled
dmesg > labeled_gridgen_utility.cpp:66
find /root/cuMatch/scratch/LGF/el32_tmp/59/59-3-7.el32.labeled
dmesg > labeled_gridgen_utility.cpp:66
find /root/cuMatch/scratch/LGF/el32_tmp/60/60-3-7.el32.labeled
dmesg > labeled_gridgen_utility.cpp:66
find /root/cuMatch/scratch/LGF/el32_tmp/61/61-3-7.el32.labeled
dmesg > labeled_gridgen_utility.cpp:66
find /root/cuMatch/scratch/LGF/el32_tmp/62/62-3-7.el32.labeled
dmesg > labeled_gridgen_utility.cpp:66
find /root/cuMatch/scratch/LGF/el32_tmp/63/63-3-7.el32.labeled
dmesg > labeled_gridgen_utility.cpp:66
find /root/cuMatch/scratch/LGF/el32_tmp/64/64-3-7.el32.labeled
dmesg > labeled_gridgen_utility.cpp:66
find /root/cuMatch/scratch/LGF/el32_tmp/65/65-3-7.el32.labeled
dmesg > labeled_gridgen_utility.cpp:66
find /root/cuMatch/scratch/LGF/el32_tmp/66/66-3-7.el32.labeled
dmesg > labeled_gridgen_utility.cpp:66
find /root/cuMatch/scratch/LGF/el32_tmp/67/67-3-7.el32.labeled
dmesg > labeled_gridgen_utility.cpp:66
find /root/cuMatch/scratch/LGF/el32_tmp/68/68-3-7.el32.labeled
dmesg > labeled_gridgen_utility.cpp:66
find /root/cuMatch/scratch/LGF/el32_tmp/69/69-3-7.el32.labeled
dmesg > labeled_gridgen_utility.cpp:66
find /root/cuMatch/scratch/LGF/el32_tmp/70/70-3-7.el32.labeled
dmesg > labeled_gridgen_utility.cpp:66
find /root/cuMatch/scratch/LGF/el32_tmp/71/71-3-7.el32.labeled
dmesg > labeled_gridgen_utility.cpp:66
find /root/cuMatch/scratch/LGF/el32_tmp/72/72-3-7.el32.labeled
dmesg > labeled_gridgen_utility.cpp:66
find /root/cuMatch/scratch/LGF/el32_tmp/73/73-3-7.el32.labeled
dmesg > labeled_gridgen_utility.cpp:66
find /root/cuMatch/scratch/LGF/el32_tmp/74/74-3-7.el32.labeled
dmesg > labeled_gridgen_utility.cpp:66
find /root/cuMatch/scratch/LGF/el32_tmp/75/75-3-7.el32.labeled
dmesg > labeled_gridgen_utility.cpp:66
find /root/cuMatch/scratch/LGF/el32_tmp/76/76-3-7.el32.labeled
dmesg > labeled_gridgen_utility.cpp:66
find /root/cuMatch/scratch/LGF/el32_tmp/77/77-3-7.el32.labeled
dmesg > labeled_gridgen_utility.cpp:66
find /root/cuMatch/scratch/LGF/el32_tmp/78/78-3-7.el32.labeled
dmesg > labeled_gridgen_utility.cpp:66
find /root/cuMatch/scratch/LGF/el32_tmp/79/79-3-7.el32.labeled
dmesg > labeled_gridgen_utility.cpp:66
find /root/cuMatch/scratch/LGF/el32_tmp/80/80-3-7.el32.labeled
dmesg > labeled_gridgen_utility.cpp:66
find /root/cuMatch/scratch/LGF/el32_tmp/81/81-3-7.el32.labeled
dmesg > labeled_gridgen_utility.cpp:66
find /root/cuMatch/scratch/LGF/el32_tmp/82/82-3-7.el32.labeled
dmesg > labeled_gridgen_utility.cpp:66
find /root/cuMatch/scratch/LGF/el32_tmp/83/83-3-7.el32.labeled
dmesg > labeled_gridgen_utility.cpp:66
find /root/cuMatch/scratch/LGF/el32_tmp/84/84-3-7.el32.labeled
dmesg > labeled_gridgen_utility.cpp:66
find /root/cuMatch/scratch/LGF/el32_tmp/85/85-3-7.el32.labeled
dmesg > labeled_gridgen_utility.cpp:66
find /root/cuMatch/scratch/LGF/el32_tmp/86/86-3-7.el32.labeled
dmesg > labeled_gridgen_utility.cpp:66
find /root/cuMatch/scratch/LGF/el32_tmp/87/87-3-7.el32.labeled
dmesg > labeled_gridgen_utility.cpp:66
find /root/cuMatch/scratch/LGF/el32_tmp/88/88-3-7.el32.labeled
dmesg > labeled_gridgen_utility.cpp:66
find /root/cuMatch/scratch/LGF/el32_tmp/89/89-3-7.el32.labeled
dmesg > labeled_gridgen_utility.cpp:66
find /root/cuMatch/scratch/LGF/el32_tmp/90/90-3-7.el32.labeled
dmesg > labeled_gridgen_utility.cpp:66
find /root/cuMatch/scratch/LGF/el32_tmp/91/91-3-7.el32.labeled
dmesg > labeled_gridgen_utility.cpp:66
find /root/cuMatch/scratch/LGF/el32_tmp/92/92-3-7.el32.labeled
dmesg > labeled_gridgen_utility.cpp:66
find /root/cuMatch/scratch/LGF/el32_tmp/93/93-3-7.el32.labeled
dmesg > labeled_gridgen_utility.cpp:66
find /root/cuMatch/scratch/LGF/el32_tmp/94/94-3-7.el32.labeled
dmesg > labeled_gridgen_utility.cpp:66
find /root/cuMatch/scratch/LGF/el32_tmp/95/95-3-7.el32.labeled
dmesg > labeled_gridgen_utility.cpp:66
find /root/cuMatch/scratch/LGF/el32_tmp/96/96-3-7.el32.labeled
dmesg > labeled_gridgen_utility.cpp:66
find /root/cuMatch/scratch/LGF/el32_tmp/97/97-3-7.el32.labeled
dmesg > labeled_gridgen_utility.cpp:66
find /root/cuMatch/scratch/LGF/el32_tmp/98/98-3-7.el32.labeled
dmesg > labeled_gridgen_utility.cpp:66
find /root/cuMatch/scratch/LGF/el32_tmp/99/99-3-7.el32.labeled
dmesg > labeled_gridgen_utility.cpp:66
find /root/cuMatch/scratch/LGF/el32_tmp/100/100-3-7.el32.labeled
dmesg > labeled_gridgen_utility.cpp:66
find /root/cuMatch/scratch/LGF/el32_tmp/101/101-3-7.el32.labeled
dmesg > labeled_gridgen_utility.cpp:66
find /root/cuMatch/scratch/LGF/el32_tmp/102/102-3-7.el32.labeled
dmesg > labeled_gridgen_utility.cpp:66
find /root/cuMatch/scratch/LGF/el32_tmp/103/103-3-7.el32.labeled
dmesg > labeled_gridgen_utility.cpp:66
find /root/cuMatch/scratch/LGF/el32_tmp/104/104-3-7.el32.labeled
dmesg > labeled_gridgen_utility.cpp:66
find /root/cuMatch/scratch/LGF/el32_tmp/105/105-3-7.el32.labeled
dmesg > labeled_gridgen_utility.cpp:66
find /root/cuMatch/scratch/LGF/el32_tmp/106/106-3-7.el32.labeled
dmesg > labeled_gridgen_utility.cpp:66
find /root/cuMatch/scratch/LGF/el32_tmp/107/107-3-7.el32.labeled
dmesg > labeled_gridgen_utility.cpp:66
find /root/cuMatch/scratch/LGF/el32_tmp/108/108-3-7.el32.labeled
dmesg > labeled_gridgen_utility.cpp:66
find /root/cuMatch/scratch/LGF/el32_tmp/109/109-3-7.el32.labeled
dmesg > labeled_gridgen_utility.cpp:66
find /root/cuMatch/scratch/LGF/el32_tmp/110/110-3-7.el32.labeled
dmesg > labeled_gridgen_utility.cpp:66
find /root/cuMatch/scratch/LGF/el32_tmp/111/111-3-7.el32.labeled
dmesg > labeled_gridgen_utility.cpp:66
find /root/cuMatch/scratch/LGF/el32_tmp/112/112-3-7.el32.labeled
dmesg > labeled_gridgen_utility.cpp:66
find /root/cuMatch/scratch/LGF/el32_tmp/113/113-3-7.el32.labeled
dmesg > labeled_gridgen_utility.cpp:66
find /root/cuMatch/scratch/LGF/el32_tmp/114/114-3-7.el32.labeled
dmesg > labeled_gridgen_utility.cpp:66
find /root/cuMatch/scratch/LGF/el32_tmp/115/115-3-7.el32.labeled
dmesg > labeled_gridgen_utility.cpp:66
find /root/cuMatch/scratch/LGF/el32_tmp/116/116-3-7.el32.labeled
dmesg > labeled_gridgen_utility.cpp:66
find /root/cuMatch/scratch/LGF/el32_tmp/117/117-3-7.el32.labeled
dmesg > labeled_gridgen_utility.cpp:66
find /root/cuMatch/scratch/LGF/el32_tmp/118/118-3-7.el32.labeled
dmesg > labeled_gridgen_utility.cpp:66
find /root/cuMatch/scratch/LGF/el32_tmp/119/119-3-7.el32.labeled
dmesg > labeled_gridgen_utility.cpp:66
find /root/cuMatch/scratch/LGF/el32_tmp/120/120-3-7.el32.labeled
dmesg > labeled_gridgen_utility.cpp:66
find /root/cuMatch/scratch/LGF/el32_tmp/121/121-3-7.el32.labeled
dmesg > labeled_gridgen_utility.cpp:66
find /root/cuMatch/scratch/LGF/el32_tmp/122/122-3-7.el32.labeled
dmesg > labeled_gridgen_utility.cpp:66
find /root/cuMatch/scratch/LGF/el32_tmp/123/123-3-7.el32.labeled
dmesg > labeled_gridgen_utility.cpp:66
find /root/cuMatch/scratch/LGF/el32_tmp/124/124-3-7.el32.labeled
dmesg > labeled_gridgen_utility.cpp:66
find /root/cuMatch/scratch/LGF/el32_tmp/125/125-3-7.el32.labeled
dmesg > labeled_gridgen_utility.cpp:66
find /root/cuMatch/scratch/LGF/el32_tmp/126/126-3-7.el32.labeled
dmesg > labeled_gridgen_utility.cpp:66
find /root/cuMatch/scratch/LGF/el32_tmp/127/127-3-7.el32.labeled
dmesg > labeled_gridgen_utility.cpp:66
find /root/cuMatch/scratch/LGF/el32_tmp/128/128-3-7.el32.labeled
dmesg > labeled_gridgen_utility.cpp:66
find /root/cuMatch/scratch/LGF/el32_tmp/129/129-3-7.el32.labeled
dmesg > labeled_gridgen_utility.cpp:66
find /root/cuMatch/scratch/LGF/el32_tmp/130/130-3-7.el32.labeled
dmesg > labeled_gridgen_utility.cpp:66
find /root/cuMatch/scratch/LGF/el32_tmp/131/131-3-7.el32.labeled
dmesg > labeled_gridgen_utility.cpp:66
find /root/cuMatch/scratch/LGF/el32_tmp/132/132-3-7.el32.labeled
dmesg > labeled_gridgen_utility.cpp:66
find /root/cuMatch/scratch/LGF/el32_tmp/133/133-3-7.el32.labeled
dmesg > labeled_gridgen_utility.cpp:66
find /root/cuMatch/scratch/LGF/el32_tmp/134/134-3-7.el32.labeled
dmesg > labeled_gridgen_utility.cpp:66
find /root/cuMatch/scratch/LGF/el32_tmp/135/135-3-7.el32.labeled
dmesg > labeled_gridgen_utility.cpp:66
find /root/cuMatch/scratch/LGF/el32_tmp/136/136-3-7.el32.labeled
dmesg > labeled_gridgen_utility.cpp:66
find /root/cuMatch/scratch/LGF/el32_tmp/137/137-3-7.el32.labeled
dmesg > labeled_gridgen_utility.cpp:66
find /root/cuMatch/scratch/LGF/el32_tmp/138/138-3-7.el32.labeled
dmesg > labeled_gridgen_utility.cpp:66
find /root/cuMatch/scratch/LGF/el32_tmp/139/139-3-7.el32.labeled
dmesg > labeled_gridgen_utility.cpp:66
find /root/cuMatch/scratch/LGF/el32_tmp/140/140-3-7.el32.labeled
dmesg > labeled_gridgen_utility.cpp:66
find /root/cuMatch/scratch/LGF/el32_tmp/141/141-3-7.el32.labeled
dmesg > labeled_gridgen_utility.cpp:66
find /root/cuMatch/scratch/LGF/el32_tmp/142/142-3-7.el32.labeled
dmesg > labeled_gridgen_utility.cpp:66
find /root/cuMatch/scratch/LGF/el32_tmp/143/143-3-7.el32.labeled
dmesg > labeled_gridgen_utility.cpp:66
find /root/cuMatch/scratch/LGF/el32_tmp/144/144-3-7.el32.labeled
dmesg > labeled_gridgen_utility.cpp:66
find /root/cuMatch/scratch/LGF/el32_tmp/145/145-3-7.el32.labeled
dmesg > labeled_gridgen_utility.cpp:66
find /root/cuMatch/scratch/LGF/el32_tmp/146/146-3-7.el32.labeled
dmesg > labeled_gridgen_utility.cpp:66
find /root/cuMatch/scratch/LGF/el32_tmp/147/147-3-7.el32.labeled
dmesg > labeled_gridgen_utility.cpp:66
find /root/cuMatch/scratch/LGF/el32_tmp/148/148-3-7.el32.labeled
dmesg > labeled_gridgen_utility.cpp:66
find /root/cuMatch/scratch/LGF/el32_tmp/149/149-3-7.el32.labeled
dmesg > labeled_gridgen_utility.cpp:66
find /root/cuMatch/scratch/LGF/el32_tmp/150/150-3-7.el32.labeled
dmesg > labeled_gridgen_utility.cpp:66
find /root/cuMatch/scratch/LGF/el32_tmp/151/151-3-7.el32.labeled
dmesg > labeled_gridgen_utility.cpp:66
find /root/cuMatch/scratch/LGF/el32_tmp/152/152-3-7.el32.labeled
dmesg > labeled_gridgen_utility.cpp:66
find /root/cuMatch/scratch/LGF/el32_tmp/153/153-3-7.el32.labeled
dmesg > labeled_gridgen_utility.cpp:66
find /root/cuMatch/scratch/LGF/el32_tmp/154/154-3-7.el32.labeled
dmesg > labeled_gridgen_utility.cpp:66
find /root/cuMatch/scratch/LGF/el32_tmp/155/155-3-7.el32.labeled
dmesg > labeled_gridgen_utility.cpp:66
find /root/cuMatch/scratch/LGF/el32_tmp/156/156-3-7.el32.labeled
dmesg > labeled_gridgen_utility.cpp:66
find /root/cuMatch/scratch/LGF/el32_tmp/157/157-3-7.el32.labeled
dmesg > labeled_gridgen_utility.cpp:66
find /root/cuMatch/scratch/LGF/el32_tmp/158/158-3-7.el32.labeled
dmesg > labeled_gridgen_utility.cpp:66
find /root/cuMatch/scratch/LGF/el32_tmp/159/159-3-7.el32.labeled
dmesg > labeled_gridgen_utility.cpp:66
find /root/cuMatch/scratch/LGF/el32_tmp/160/160-3-7.el32.labeled
dmesg > labeled_gridgen_utility.cpp:66
find /root/cuMatch/scratch/LGF/el32_tmp/161/161-3-7.el32.labeled
dmesg > labeled_gridgen_utility.cpp:66
find /root/cuMatch/scratch/LGF/el32_tmp/162/162-3-7.el32.labeled
dmesg > labeled_gridgen_utility.cpp:66
find /root/cuMatch/scratch/LGF/el32_tmp/163/163-3-7.el32.labeled
dmesg > labeled_gridgen_utility.cpp:66
find /root/cuMatch/scratch/LGF/el32_tmp/164/164-3-7.el32.labeled
dmesg > labeled_gridgen_utility.cpp:66
find /root/cuMatch/scratch/LGF/el32_tmp/165/165-3-7.el32.labeled
dmesg > labeled_gridgen_utility.cpp:66
find /root/cuMatch/scratch/LGF/el32_tmp/166/166-3-7.el32.labeled
dmesg > labeled_gridgen_utility.cpp:66
find /root/cuMatch/scratch/LGF/el32_tmp/167/167-3-7.el32.labeled
dmesg > labeled_gridgen_utility.cpp:66
find /root/cuMatch/scratch/LGF/el32_tmp/168/168-3-7.el32.labeled
dmesg > labeled_gridgen_utility.cpp:66
find /root/cuMatch/scratch/LGF/el32_tmp/169/169-3-7.el32.labeled
dmesg > labeled_gridgen_utility.cpp:66
find /root/cuMatch/scratch/LGF/el32_tmp/170/170-3-7.el32.labeled
dmesg > labeled_gridgen_utility.cpp:66
find /root/cuMatch/scratch/LGF/el32_tmp/171/171-3-7.el32.labeled
dmesg > labeled_gridgen_utility.cpp:66
find /root/cuMatch/scratch/LGF/el32_tmp/172/172-3-7.el32.labeled
dmesg > labeled_gridgen_utility.cpp:66
find /root/cuMatch/scratch/LGF/el32_tmp/173/173-3-7.el32.labeled
dmesg > labeled_gridgen_utility.cpp:66
find /root/cuMatch/scratch/LGF/el32_tmp/174/174-3-7.el32.labeled
dmesg > labeled_gridgen_utility.cpp:66
find /root/cuMatch/scratch/LGF/el32_tmp/175/175-3-7.el32.labeled
dmesg > labeled_gridgen_utility.cpp:66
find /root/cuMatch/scratch/LGF/el32_tmp/176/176-3-7.el32.labeled
dmesg > labeled_gridgen_utility.cpp:66
find /root/cuMatch/scratch/LGF/el32_tmp/177/177-3-7.el32.labeled
dmesg > labeled_gridgen_utility.cpp:66
find /root/cuMatch/scratch/LGF/el32_tmp/178/178-3-7.el32.labeled
dmesg > labeled_gridgen_utility.cpp:66
find /root/cuMatch/scratch/LGF/el32_tmp/179/179-3-7.el32.labeled
dmesg > labeled_gridgen_utility.cpp:66
find /root/cuMatch/scratch/LGF/el32_tmp/180/180-3-7.el32.labeled
dmesg > labeled_gridgen_utility.cpp:66
find /root/cuMatch/scratch/LGF/el32_tmp/181/181-3-7.el32.labeled
dmesg > labeled_gridgen_utility.cpp:66
find /root/cuMatch/scratch/LGF/el32_tmp/182/182-3-7.el32.labeled
dmesg > labeled_gridgen_utility.cpp:66
find /root/cuMatch/scratch/LGF/el32_tmp/183/183-3-7.el32.labeled
dmesg > labeled_gridgen_utility.cpp:66
find /root/cuMatch/scratch/LGF/el32_tmp/184/184-3-7.el32.labeled
dmesg > labeled_gridgen_utility.cpp:66
find /root/cuMatch/scratch/LGF/el32_tmp/185/185-3-7.el32.labeled
dmesg > labeled_gridgen_utility.cpp:66
find /root/cuMatch/scratch/LGF/el32_tmp/7/7-7-12.el32.labeled
dmesg > labeled_gridgen_utility.cpp:66
find /root/cuMatch/scratch/LGF/el32_tmp/8/8-7-12.el32.labeled
dmesg > labeled_gridgen_utility.cpp:66
find /root/cuMatch/scratch/LGF/el32_tmp/186/186-7-11.el32.labeled
dmesg > labeled_gridgen_utility.cpp:66
find /root/cuMatch/scratch/LGF/el32_tmp/8/8-8-12.el32.labeled
dmesg > labeled_gridgen_utility.cpp:66
find /root/cuMatch/scratch/LGF/el32_tmp/9/9-8-12.el32.labeled
dmesg > labeled_gridgen_utility.cpp:66
find /root/cuMatch/scratch/LGF/el32_tmp/186/186-8-11.el32.labeled
dmesg > labeled_gridgen_utility.cpp:66
find /root/cuMatch/scratch/LGF/el32_tmp/9/9-9-12.el32.labeled
dmesg > labeled_gridgen_utility.cpp:66
find /root/cuMatch/scratch/LGF/el32_tmp/10/10-9-12.el32.labeled
dmesg > labeled_gridgen_utility.cpp:66
find /root/cuMatch/scratch/LGF/el32_tmp/186/186-9-11.el32.labeled
dmesg > labeled_gridgen_utility.cpp:66
find /root/cuMatch/scratch/LGF/el32_tmp/10/10-10-12.el32.labeled
dmesg > labeled_gridgen_utility.cpp:66
find /root/cuMatch/scratch/LGF/el32_tmp/11/11-10-12.el32.labeled
dmesg > labeled_gridgen_utility.cpp:66
find /root/cuMatch/scratch/LGF/el32_tmp/186/186-10-11.el32.labeled
dmesg > labeled_gridgen_utility.cpp:66
find /root/cuMatch/scratch/LGF/el32_tmp/11/11-11-12.el32.labeled
dmesg > labeled_gridgen_utility.cpp:66
find /root/cuMatch/scratch/LGF/el32_tmp/12/12-11-12.el32.labeled
dmesg > labeled_gridgen_utility.cpp:66
find /root/cuMatch/scratch/LGF/el32_tmp/186/186-11-11.el32.labeled
dmesg > labeled_gridgen_utility.cpp:66
find /root/cuMatch/scratch/LGF/el32_tmp/12/12-12-12.el32.labeled
dmesg > labeled_gridgen_utility.cpp:66
find /root/cuMatch/scratch/LGF/el32_tmp/13/13-12-12.el32.labeled
dmesg > labeled_gridgen_utility.cpp:66
find /root/cuMatch/scratch/LGF/el32_tmp/186/186-12-11.el32.labeled
dmesg > labeled_gridgen_utility.cpp:66
find /root/cuMatch/scratch/LGF/el32_tmp/13/13-13-12.el32.labeled
dmesg > labeled_gridgen_utility.cpp:66
find /root/cuMatch/scratch/LGF/el32_tmp/14/14-13-12.el32.labeled
dmesg > labeled_gridgen_utility.cpp:66
find /root/cuMatch/scratch/LGF/el32_tmp/186/186-13-11.el32.labeled
dmesg > labeled_gridgen_utility.cpp:66
find /root/cuMatch/scratch/LGF/el32_tmp/14/14-14-12.el32.labeled
dmesg > labeled_gridgen_utility.cpp:66
find /root/cuMatch/scratch/LGF/el32_tmp/15/15-14-12.el32.labeled
dmesg > labeled_gridgen_utility.cpp:66
find /root/cuMatch/scratch/LGF/el32_tmp/186/186-14-11.el32.labeled
dmesg > labeled_gridgen_utility.cpp:66
find /root/cuMatch/scratch/LGF/el32_tmp/15/15-15-12.el32.labeled
dmesg > labeled_gridgen_utility.cpp:66
find /root/cuMatch/scratch/LGF/el32_tmp/186/186-15-11.el32.labeled
dmesg > labeled_gridgen_utility.cpp:66
find /root/cuMatch/scratch/LGF/el32_tmp/16/16-16-12.el32.labeled
dmesg > labeled_gridgen_utility.cpp:66
find /root/cuMatch/scratch/LGF/el32_tmp/17/17-16-12.el32.labeled
dmesg > labeled_gridgen_utility.cpp:66
find /root/cuMatch/scratch/LGF/el32_tmp/186/186-16-11.el32.labeled
dmesg > labeled_gridgen_utility.cpp:66
find /root/cuMatch/scratch/LGF/el32_tmp/17/17-17-12.el32.labeled
dmesg > labeled_gridgen_utility.cpp:66
find /root/cuMatch/scratch/LGF/el32_tmp/186/186-17-11.el32.labeled
dmesg > labeled_gridgen_utility.cpp:66
find /root/cuMatch/scratch/LGF/el32_tmp/18/18-18-12.el32.labeled
dmesg > labeled_gridgen_utility.cpp:66
find /root/cuMatch/scratch/LGF/el32_tmp/186/186-18-11.el32.labeled
dmesg > labeled_gridgen_utility.cpp:66
find /root/cuMatch/scratch/LGF/el32_tmp/19/19-19-12.el32.labeled
dmesg > labeled_gridgen_utility.cpp:66
find /root/cuMatch/scratch/LGF/el32_tmp/20/20-19-12.el32.labeled
dmesg > labeled_gridgen_utility.cpp:66
find /root/cuMatch/scratch/LGF/el32_tmp/186/186-19-11.el32.labeled
dmesg > labeled_gridgen_utility.cpp:66
find /root/cuMatch/scratch/LGF/el32_tmp/20/20-20-12.el32.labeled
dmesg > labeled_gridgen_utility.cpp:66
find /root/cuMatch/scratch/LGF/el32_tmp/186/186-20-11.el32.labeled
dmesg > labeled_gridgen_utility.cpp:66
find /root/cuMatch/scratch/LGF/el32_tmp/21/21-21-12.el32.labeled
dmesg > labeled_gridgen_utility.cpp:66
find /root/cuMatch/scratch/LGF/el32_tmp/22/22-21-12.el32.labeled
dmesg > labeled_gridgen_utility.cpp:66
find /root/cuMatch/scratch/LGF/el32_tmp/186/186-21-11.el32.labeled
dmesg > labeled_gridgen_utility.cpp:66
find /root/cuMatch/scratch/LGF/el32_tmp/22/22-22-12.el32.labeled
dmesg > labeled_gridgen_utility.cpp:66
find /root/cuMatch/scratch/LGF/el32_tmp/23/23-22-12.el32.labeled
dmesg > labeled_gridgen_utility.cpp:66
find /root/cuMatch/scratch/LGF/el32_tmp/186/186-22-11.el32.labeled
dmesg > labeled_gridgen_utility.cpp:66
find /root/cuMatch/scratch/LGF/el32_tmp/23/23-23-12.el32.labeled
dmesg > labeled_gridgen_utility.cpp:66
find /root/cuMatch/scratch/LGF/el32_tmp/24/24-23-12.el32.labeled
dmesg > labeled_gridgen_utility.cpp:66
find /root/cuMatch/scratch/LGF/el32_tmp/186/186-23-11.el32.labeled
dmesg > labeled_gridgen_utility.cpp:66
find /root/cuMatch/scratch/LGF/el32_tmp/24/24-24-12.el32.labeled
dmesg > labeled_gridgen_utility.cpp:66
find /root/cuMatch/scratch/LGF/el32_tmp/25/25-24-12.el32.labeled
dmesg > labeled_gridgen_utility.cpp:66
find /root/cuMatch/scratch/LGF/el32_tmp/186/186-24-11.el32.labeled
dmesg > labeled_gridgen_utility.cpp:66
find /root/cuMatch/scratch/LGF/el32_tmp/25/25-25-12.el32.labeled
dmesg > labeled_gridgen_utility.cpp:66
find /root/cuMatch/scratch/LGF/el32_tmp/26/26-25-12.el32.labeled
dmesg > labeled_gridgen_utility.cpp:66
find /root/cuMatch/scratch/LGF/el32_tmp/186/186-25-11.el32.labeled
dmesg > labeled_gridgen_utility.cpp:66
find /root/cuMatch/scratch/LGF/el32_tmp/26/26-26-12.el32.labeled
dmesg > labeled_gridgen_utility.cpp:66
find /root/cuMatch/scratch/LGF/el32_tmp/27/27-26-12.el32.labeled
dmesg > labeled_gridgen_utility.cpp:66
find /root/cuMatch/scratch/LGF/el32_tmp/186/186-26-11.el32.labeled
dmesg > labeled_gridgen_utility.cpp:66
find /root/cuMatch/scratch/LGF/el32_tmp/27/27-27-12.el32.labeled
dmesg > labeled_gridgen_utility.cpp:66
find /root/cuMatch/scratch/LGF/el32_tmp/28/28-27-12.el32.labeled
dmesg > labeled_gridgen_utility.cpp:66
find /root/cuMatch/scratch/LGF/el32_tmp/186/186-27-11.el32.labeled
dmesg > labeled_gridgen_utility.cpp:66
find /root/cuMatch/scratch/LGF/el32_tmp/28/28-28-12.el32.labeled
dmesg > labeled_gridgen_utility.cpp:66
find /root/cuMatch/scratch/LGF/el32_tmp/186/186-28-11.el32.labeled
dmesg > labeled_gridgen_utility.cpp:66
find /root/cuMatch/scratch/LGF/el32_tmp/29/29-29-12.el32.labeled
dmesg > labeled_gridgen_utility.cpp:66
find /root/cuMatch/scratch/LGF/el32_tmp/30/30-29-12.el32.labeled
dmesg > labeled_gridgen_utility.cpp:66
find /root/cuMatch/scratch/LGF/el32_tmp/186/186-29-11.el32.labeled
dmesg > labeled_gridgen_utility.cpp:66
find /root/cuMatch/scratch/LGF/el32_tmp/30/30-30-12.el32.labeled
dmesg > labeled_gridgen_utility.cpp:66
find /root/cuMatch/scratch/LGF/el32_tmp/31/31-30-12.el32.labeled
dmesg > labeled_gridgen_utility.cpp:66
find /root/cuMatch/scratch/LGF/el32_tmp/186/186-30-11.el32.labeled
dmesg > labeled_gridgen_utility.cpp:66
find /root/cuMatch/scratch/LGF/el32_tmp/31/31-31-12.el32.labeled
dmesg > labeled_gridgen_utility.cpp:66
find /root/cuMatch/scratch/LGF/el32_tmp/186/186-31-11.el32.labeled
dmesg > labeled_gridgen_utility.cpp:66
find /root/cuMatch/scratch/LGF/el32_tmp/32/32-32-12.el32.labeled
dmesg > labeled_gridgen_utility.cpp:66
find /root/cuMatch/scratch/LGF/el32_tmp/33/33-32-12.el32.labeled
dmesg > labeled_gridgen_utility.cpp:66
find /root/cuMatch/scratch/LGF/el32_tmp/186/186-32-11.el32.labeled
dmesg > labeled_gridgen_utility.cpp:66
find /root/cuMatch/scratch/LGF/el32_tmp/33/33-33-12.el32.labeled
dmesg > labeled_gridgen_utility.cpp:66
find /root/cuMatch/scratch/LGF/el32_tmp/34/34-33-12.el32.labeled
dmesg > labeled_gridgen_utility.cpp:66
find /root/cuMatch/scratch/LGF/el32_tmp/186/186-33-11.el32.labeled
dmesg > labeled_gridgen_utility.cpp:66
find /root/cuMatch/scratch/LGF/el32_tmp/34/34-34-12.el32.labeled
dmesg > labeled_gridgen_utility.cpp:66
find /root/cuMatch/scratch/LGF/el32_tmp/186/186-34-11.el32.labeled
dmesg > labeled_gridgen_utility.cpp:66
find /root/cuMatch/scratch/LGF/el32_tmp/35/35-35-12.el32.labeled
dmesg > labeled_gridgen_utility.cpp:66
find /root/cuMatch/scratch/LGF/el32_tmp/36/36-35-12.el32.labeled
dmesg > labeled_gridgen_utility.cpp:66
find /root/cuMatch/scratch/LGF/el32_tmp/186/186-35-11.el32.labeled
dmesg > labeled_gridgen_utility.cpp:66
find /root/cuMatch/scratch/LGF/el32_tmp/36/36-36-12.el32.labeled
dmesg > labeled_gridgen_utility.cpp:66
find /root/cuMatch/scratch/LGF/el32_tmp/37/37-36-12.el32.labeled
dmesg > labeled_gridgen_utility.cpp:66
find /root/cuMatch/scratch/LGF/el32_tmp/186/186-36-11.el32.labeled
dmesg > labeled_gridgen_utility.cpp:66
find /root/cuMatch/scratch/LGF/el32_tmp/37/37-37-12.el32.labeled
dmesg > labeled_gridgen_utility.cpp:66
find /root/cuMatch/scratch/LGF/el32_tmp/38/38-37-12.el32.labeled
dmesg > labeled_gridgen_utility.cpp:66
find /root/cuMatch/scratch/LGF/el32_tmp/186/186-37-11.el32.labeled
dmesg > labeled_gridgen_utility.cpp:66
find /root/cuMatch/scratch/LGF/el32_tmp/38/38-38-12.el32.labeled
dmesg > labeled_gridgen_utility.cpp:66
find /root/cuMatch/scratch/LGF/el32_tmp/39/39-38-12.el32.labeled
dmesg > labeled_gridgen_utility.cpp:66
find /root/cuMatch/scratch/LGF/el32_tmp/186/186-38-11.el32.labeled
dmesg > labeled_gridgen_utility.cpp:66
find /root/cuMatch/scratch/LGF/el32_tmp/39/39-39-12.el32.labeled
dmesg > labeled_gridgen_utility.cpp:66
find /root/cuMatch/scratch/LGF/el32_tmp/40/40-39-12.el32.labeled
dmesg > labeled_gridgen_utility.cpp:66
find /root/cuMatch/scratch/LGF/el32_tmp/186/186-39-11.el32.labeled
dmesg > labeled_gridgen_utility.cpp:66
find /root/cuMatch/scratch/LGF/el32_tmp/40/40-40-12.el32.labeled
dmesg > labeled_gridgen_utility.cpp:66
find /root/cuMatch/scratch/LGF/el32_tmp/41/41-40-12.el32.labeled
dmesg > labeled_gridgen_utility.cpp:66
find /root/cuMatch/scratch/LGF/el32_tmp/186/186-40-11.el32.labeled
dmesg > labeled_gridgen_utility.cpp:66
find /root/cuMatch/scratch/LGF/el32_tmp/41/41-41-12.el32.labeled
dmesg > labeled_gridgen_utility.cpp:66
find /root/cuMatch/scratch/LGF/el32_tmp/186/186-41-11.el32.labeled
dmesg > labeled_gridgen_utility.cpp:66
find /root/cuMatch/scratch/LGF/el32_tmp/42/42-42-12.el32.labeled
dmesg > labeled_gridgen_utility.cpp:66
find /root/cuMatch/scratch/LGF/el32_tmp/43/43-42-12.el32.labeled
dmesg > labeled_gridgen_utility.cpp:66
find /root/cuMatch/scratch/LGF/el32_tmp/186/186-42-11.el32.labeled
dmesg > labeled_gridgen_utility.cpp:66
find /root/cuMatch/scratch/LGF/el32_tmp/43/43-43-12.el32.labeled
dmesg > labeled_gridgen_utility.cpp:66
find /root/cuMatch/scratch/LGF/el32_tmp/186/186-43-11.el32.labeled
dmesg > labeled_gridgen_utility.cpp:66
find /root/cuMatch/scratch/LGF/el32_tmp/44/44-44-12.el32.labeled
dmesg > labeled_gridgen_utility.cpp:66
find /root/cuMatch/scratch/LGF/el32_tmp/186/186-44-11.el32.labeled
dmesg > labeled_gridgen_utility.cpp:66
find /root/cuMatch/scratch/LGF/el32_tmp/45/45-45-12.el32.labeled
dmesg > labeled_gridgen_utility.cpp:66
find /root/cuMatch/scratch/LGF/el32_tmp/46/46-45-12.el32.labeled
dmesg > labeled_gridgen_utility.cpp:66
find /root/cuMatch/scratch/LGF/el32_tmp/186/186-45-11.el32.labeled
dmesg > labeled_gridgen_utility.cpp:66
find /root/cuMatch/scratch/LGF/el32_tmp/46/46-46-12.el32.labeled
dmesg > labeled_gridgen_utility.cpp:66
find /root/cuMatch/scratch/LGF/el32_tmp/47/47-46-12.el32.labeled
dmesg > labeled_gridgen_utility.cpp:66
find /root/cuMatch/scratch/LGF/el32_tmp/186/186-46-11.el32.labeled
dmesg > labeled_gridgen_utility.cpp:66
find /root/cuMatch/scratch/LGF/el32_tmp/47/47-47-12.el32.labeled
dmesg > labeled_gridgen_utility.cpp:66
find /root/cuMatch/scratch/LGF/el32_tmp/186/186-47-11.el32.labeled
dmesg > labeled_gridgen_utility.cpp:66
find /root/cuMatch/scratch/LGF/el32_tmp/48/48-48-12.el32.labeled
dmesg > labeled_gridgen_utility.cpp:66
find /root/cuMatch/scratch/LGF/el32_tmp/49/49-48-12.el32.labeled
dmesg > labeled_gridgen_utility.cpp:66
find /root/cuMatch/scratch/LGF/el32_tmp/186/186-48-11.el32.labeled
dmesg > labeled_gridgen_utility.cpp:66
find /root/cuMatch/scratch/LGF/el32_tmp/49/49-49-12.el32.labeled
dmesg > labeled_gridgen_utility.cpp:66
find /root/cuMatch/scratch/LGF/el32_tmp/186/186-49-11.el32.labeled
dmesg > labeled_gridgen_utility.cpp:66
find /root/cuMatch/scratch/LGF/el32_tmp/50/50-50-12.el32.labeled
dmesg > labeled_gridgen_utility.cpp:66
find /root/cuMatch/scratch/LGF/el32_tmp/186/186-50-11.el32.labeled
dmesg > labeled_gridgen_utility.cpp:66
find /root/cuMatch/scratch/LGF/el32_tmp/51/51-51-12.el32.labeled
dmesg > labeled_gridgen_utility.cpp:66
find /root/cuMatch/scratch/LGF/el32_tmp/52/52-51-12.el32.labeled
dmesg > labeled_gridgen_utility.cpp:66
find /root/cuMatch/scratch/LGF/el32_tmp/186/186-51-11.el32.labeled
dmesg > labeled_gridgen_utility.cpp:66
find /root/cuMatch/scratch/LGF/el32_tmp/52/52-52-12.el32.labeled
dmesg > labeled_gridgen_utility.cpp:66
find /root/cuMatch/scratch/LGF/el32_tmp/53/53-52-12.el32.labeled
dmesg > labeled_gridgen_utility.cpp:66
find /root/cuMatch/scratch/LGF/el32_tmp/186/186-52-11.el32.labeled
dmesg > labeled_gridgen_utility.cpp:66
find /root/cuMatch/scratch/LGF/el32_tmp/53/53-53-12.el32.labeled
dmesg > labeled_gridgen_utility.cpp:66
find /root/cuMatch/scratch/LGF/el32_tmp/54/54-53-12.el32.labeled
dmesg > labeled_gridgen_utility.cpp:66
find /root/cuMatch/scratch/LGF/el32_tmp/186/186-53-11.el32.labeled
dmesg > labeled_gridgen_utility.cpp:66
find /root/cuMatch/scratch/LGF/el32_tmp/54/54-54-12.el32.labeled
dmesg > labeled_gridgen_utility.cpp:66
find /root/cuMatch/scratch/LGF/el32_tmp/55/55-54-12.el32.labeled
dmesg > labeled_gridgen_utility.cpp:66
find /root/cuMatch/scratch/LGF/el32_tmp/186/186-54-11.el32.labeled
dmesg > labeled_gridgen_utility.cpp:66
find /root/cuMatch/scratch/LGF/el32_tmp/55/55-55-12.el32.labeled
dmesg > labeled_gridgen_utility.cpp:66
find /root/cuMatch/scratch/LGF/el32_tmp/186/186-55-11.el32.labeled
dmesg > labeled_gridgen_utility.cpp:66
find /root/cuMatch/scratch/LGF/el32_tmp/56/56-56-12.el32.labeled
dmesg > labeled_gridgen_utility.cpp:66
find /root/cuMatch/scratch/LGF/el32_tmp/186/186-56-11.el32.labeled
dmesg > labeled_gridgen_utility.cpp:66
find /root/cuMatch/scratch/LGF/el32_tmp/57/57-57-12.el32.labeled
dmesg > labeled_gridgen_utility.cpp:66
find /root/cuMatch/scratch/LGF/el32_tmp/58/58-57-12.el32.labeled
dmesg > labeled_gridgen_utility.cpp:66
find /root/cuMatch/scratch/LGF/el32_tmp/186/186-57-11.el32.labeled
dmesg > labeled_gridgen_utility.cpp:66
find /root/cuMatch/scratch/LGF/el32_tmp/58/58-58-12.el32.labeled
dmesg > labeled_gridgen_utility.cpp:66
find /root/cuMatch/scratch/LGF/el32_tmp/59/59-58-12.el32.labeled
dmesg > labeled_gridgen_utility.cpp:66
find /root/cuMatch/scratch/LGF/el32_tmp/186/186-58-11.el32.labeled
dmesg > labeled_gridgen_utility.cpp:66
find /root/cuMatch/scratch/LGF/el32_tmp/59/59-59-12.el32.labeled
dmesg > labeled_gridgen_utility.cpp:66
find /root/cuMatch/scratch/LGF/el32_tmp/60/60-59-12.el32.labeled
dmesg > labeled_gridgen_utility.cpp:66
find /root/cuMatch/scratch/LGF/el32_tmp/186/186-59-11.el32.labeled
dmesg > labeled_gridgen_utility.cpp:66
find /root/cuMatch/scratch/LGF/el32_tmp/60/60-60-12.el32.labeled
dmesg > labeled_gridgen_utility.cpp:66
find /root/cuMatch/scratch/LGF/el32_tmp/61/61-60-12.el32.labeled
dmesg > labeled_gridgen_utility.cpp:66
find /root/cuMatch/scratch/LGF/el32_tmp/186/186-60-11.el32.labeled
dmesg > labeled_gridgen_utility.cpp:66
find /root/cuMatch/scratch/LGF/el32_tmp/61/61-61-12.el32.labeled
dmesg > labeled_gridgen_utility.cpp:66
find /root/cuMatch/scratch/LGF/el32_tmp/62/62-61-12.el32.labeled
dmesg > labeled_gridgen_utility.cpp:66
find /root/cuMatch/scratch/LGF/el32_tmp/186/186-61-11.el32.labeled
dmesg > labeled_gridgen_utility.cpp:66
find /root/cuMatch/scratch/LGF/el32_tmp/62/62-62-12.el32.labeled
dmesg > labeled_gridgen_utility.cpp:66
find /root/cuMatch/scratch/LGF/el32_tmp/186/186-62-11.el32.labeled
dmesg > labeled_gridgen_utility.cpp:66
find /root/cuMatch/scratch/LGF/el32_tmp/63/63-63-12.el32.labeled
dmesg > labeled_gridgen_utility.cpp:66
find /root/cuMatch/scratch/LGF/el32_tmp/186/186-63-11.el32.labeled
dmesg > labeled_gridgen_utility.cpp:66
find /root/cuMatch/scratch/LGF/el32_tmp/64/64-64-12.el32.labeled
dmesg > labeled_gridgen_utility.cpp:66
find /root/cuMatch/scratch/LGF/el32_tmp/65/65-64-12.el32.labeled
dmesg > labeled_gridgen_utility.cpp:66
find /root/cuMatch/scratch/LGF/el32_tmp/186/186-64-11.el32.labeled
dmesg > labeled_gridgen_utility.cpp:66
find /root/cuMatch/scratch/LGF/el32_tmp/65/65-65-12.el32.labeled
dmesg > labeled_gridgen_utility.cpp:66
find /root/cuMatch/scratch/LGF/el32_tmp/66/66-65-12.el32.labeled
dmesg > labeled_gridgen_utility.cpp:66
find /root/cuMatch/scratch/LGF/el32_tmp/186/186-65-11.el32.labeled
dmesg > labeled_gridgen_utility.cpp:66
find /root/cuMatch/scratch/LGF/el32_tmp/66/66-66-12.el32.labeled
dmesg > labeled_gridgen_utility.cpp:66
find /root/cuMatch/scratch/LGF/el32_tmp/67/67-66-12.el32.labeled
dmesg > labeled_gridgen_utility.cpp:66
find /root/cuMatch/scratch/LGF/el32_tmp/186/186-66-11.el32.labeled
dmesg > labeled_gridgen_utility.cpp:66
find /root/cuMatch/scratch/LGF/el32_tmp/67/67-67-12.el32.labeled
dmesg > labeled_gridgen_utility.cpp:66
find /root/cuMatch/scratch/LGF/el32_tmp/68/68-67-12.el32.labeled
dmesg > labeled_gridgen_utility.cpp:66
find /root/cuMatch/scratch/LGF/el32_tmp/186/186-67-11.el32.labeled
dmesg > labeled_gridgen_utility.cpp:66
find /root/cuMatch/scratch/LGF/el32_tmp/68/68-68-12.el32.labeled
dmesg > labeled_gridgen_utility.cpp:66
find /root/cuMatch/scratch/LGF/el32_tmp/69/69-68-12.el32.labeled
dmesg > labeled_gridgen_utility.cpp:66
find /root/cuMatch/scratch/LGF/el32_tmp/186/186-68-11.el32.labeled
dmesg > labeled_gridgen_utility.cpp:66
find /root/cuMatch/scratch/LGF/el32_tmp/69/69-69-12.el32.labeled
dmesg > labeled_gridgen_utility.cpp:66
find /root/cuMatch/scratch/LGF/el32_tmp/70/70-69-12.el32.labeled
dmesg > labeled_gridgen_utility.cpp:66
find /root/cuMatch/scratch/LGF/el32_tmp/186/186-69-11.el32.labeled
dmesg > labeled_gridgen_utility.cpp:66
find /root/cuMatch/scratch/LGF/el32_tmp/70/70-70-12.el32.labeled
dmesg > labeled_gridgen_utility.cpp:66
find /root/cuMatch/scratch/LGF/el32_tmp/71/71-70-12.el32.labeled
dmesg > labeled_gridgen_utility.cpp:66
find /root/cuMatch/scratch/LGF/el32_tmp/186/186-70-11.el32.labeled
dmesg > labeled_gridgen_utility.cpp:66
find /root/cuMatch/scratch/LGF/el32_tmp/71/71-71-12.el32.labeled
dmesg > labeled_gridgen_utility.cpp:66
find /root/cuMatch/scratch/LGF/el32_tmp/186/186-71-11.el32.labeled
dmesg > labeled_gridgen_utility.cpp:66
find /root/cuMatch/scratch/LGF/el32_tmp/72/72-72-12.el32.labeled
dmesg > labeled_gridgen_utility.cpp:66
find /root/cuMatch/scratch/LGF/el32_tmp/186/186-72-11.el32.labeled
dmesg > labeled_gridgen_utility.cpp:66
find /root/cuMatch/scratch/LGF/el32_tmp/73/73-73-12.el32.labeled
dmesg > labeled_gridgen_utility.cpp:66
find /root/cuMatch/scratch/LGF/el32_tmp/74/74-73-12.el32.labeled
dmesg > labeled_gridgen_utility.cpp:66
find /root/cuMatch/scratch/LGF/el32_tmp/186/186-73-11.el32.labeled
dmesg > labeled_gridgen_utility.cpp:66
find /root/cuMatch/scratch/LGF/el32_tmp/74/74-74-12.el32.labeled
dmesg > labeled_gridgen_utility.cpp:66
find /root/cuMatch/scratch/LGF/el32_tmp/75/75-74-12.el32.labeled
dmesg > labeled_gridgen_utility.cpp:66
find /root/cuMatch/scratch/LGF/el32_tmp/186/186-74-11.el32.labeled
dmesg > labeled_gridgen_utility.cpp:66
find /root/cuMatch/scratch/LGF/el32_tmp/75/75-75-12.el32.labeled
dmesg > labeled_gridgen_utility.cpp:66
find /root/cuMatch/scratch/LGF/el32_tmp/76/76-75-12.el32.labeled
dmesg > labeled_gridgen_utility.cpp:66
find /root/cuMatch/scratch/LGF/el32_tmp/186/186-75-11.el32.labeled
dmesg > labeled_gridgen_utility.cpp:66
find /root/cuMatch/scratch/LGF/el32_tmp/76/76-76-12.el32.labeled
dmesg > labeled_gridgen_utility.cpp:66
find /root/cuMatch/scratch/LGF/el32_tmp/77/77-76-12.el32.labeled
dmesg > labeled_gridgen_utility.cpp:66
find /root/cuMatch/scratch/LGF/el32_tmp/186/186-76-11.el32.labeled
dmesg > labeled_gridgen_utility.cpp:66
find /root/cuMatch/scratch/LGF/el32_tmp/77/77-77-12.el32.labeled
dmesg > labeled_gridgen_utility.cpp:66
find /root/cuMatch/scratch/LGF/el32_tmp/78/78-77-12.el32.labeled
dmesg > labeled_gridgen_utility.cpp:66
find /root/cuMatch/scratch/LGF/el32_tmp/186/186-77-11.el32.labeled
dmesg > labeled_gridgen_utility.cpp:66
find /root/cuMatch/scratch/LGF/el32_tmp/78/78-78-12.el32.labeled
dmesg > labeled_gridgen_utility.cpp:66
find /root/cuMatch/scratch/LGF/el32_tmp/79/79-78-12.el32.labeled
dmesg > labeled_gridgen_utility.cpp:66
find /root/cuMatch/scratch/LGF/el32_tmp/186/186-78-11.el32.labeled
dmesg > labeled_gridgen_utility.cpp:66
find /root/cuMatch/scratch/LGF/el32_tmp/79/79-79-12.el32.labeled
dmesg > labeled_gridgen_utility.cpp:66
find /root/cuMatch/scratch/LGF/el32_tmp/80/80-79-12.el32.labeled
dmesg > labeled_gridgen_utility.cpp:66
find /root/cuMatch/scratch/LGF/el32_tmp/186/186-79-11.el32.labeled
dmesg > labeled_gridgen_utility.cpp:66
find /root/cuMatch/scratch/LGF/el32_tmp/80/80-80-12.el32.labeled
dmesg > labeled_gridgen_utility.cpp:66
find /root/cuMatch/scratch/LGF/el32_tmp/81/81-80-12.el32.labeled
dmesg > labeled_gridgen_utility.cpp:66
find /root/cuMatch/scratch/LGF/el32_tmp/186/186-80-11.el32.labeled
dmesg > labeled_gridgen_utility.cpp:66
find /root/cuMatch/scratch/LGF/el32_tmp/81/81-81-12.el32.labeled
dmesg > labeled_gridgen_utility.cpp:66
find /root/cuMatch/scratch/LGF/el32_tmp/186/186-81-11.el32.labeled
dmesg > labeled_gridgen_utility.cpp:66
find /root/cuMatch/scratch/LGF/el32_tmp/82/82-82-12.el32.labeled
dmesg > labeled_gridgen_utility.cpp:66
find /root/cuMatch/scratch/LGF/el32_tmp/186/186-82-11.el32.labeled
dmesg > labeled_gridgen_utility.cpp:66
find /root/cuMatch/scratch/LGF/el32_tmp/83/83-83-12.el32.labeled
dmesg > labeled_gridgen_utility.cpp:66
find /root/cuMatch/scratch/LGF/el32_tmp/186/186-83-11.el32.labeled
dmesg > labeled_gridgen_utility.cpp:66
find /root/cuMatch/scratch/LGF/el32_tmp/84/84-84-12.el32.labeled
dmesg > labeled_gridgen_utility.cpp:66
find /root/cuMatch/scratch/LGF/el32_tmp/85/85-84-12.el32.labeled
dmesg > labeled_gridgen_utility.cpp:66
find /root/cuMatch/scratch/LGF/el32_tmp/186/186-84-11.el32.labeled
dmesg > labeled_gridgen_utility.cpp:66
find /root/cuMatch/scratch/LGF/el32_tmp/85/85-85-12.el32.labeled
dmesg > labeled_gridgen_utility.cpp:66
find /root/cuMatch/scratch/LGF/el32_tmp/86/86-85-12.el32.labeled
dmesg > labeled_gridgen_utility.cpp:66
find /root/cuMatch/scratch/LGF/el32_tmp/186/186-85-11.el32.labeled
dmesg > labeled_gridgen_utility.cpp:66
find /root/cuMatch/scratch/LGF/el32_tmp/86/86-86-12.el32.labeled
dmesg > labeled_gridgen_utility.cpp:66
find /root/cuMatch/scratch/LGF/el32_tmp/87/87-86-12.el32.labeled
dmesg > labeled_gridgen_utility.cpp:66
find /root/cuMatch/scratch/LGF/el32_tmp/186/186-86-11.el32.labeled
dmesg > labeled_gridgen_utility.cpp:66
find /root/cuMatch/scratch/LGF/el32_tmp/87/87-87-12.el32.labeled
dmesg > labeled_gridgen_utility.cpp:66
find /root/cuMatch/scratch/LGF/el32_tmp/88/88-87-12.el32.labeled
dmesg > labeled_gridgen_utility.cpp:66
find /root/cuMatch/scratch/LGF/el32_tmp/186/186-87-11.el32.labeled
dmesg > labeled_gridgen_utility.cpp:66
find /root/cuMatch/scratch/LGF/el32_tmp/88/88-88-12.el32.labeled
dmesg > labeled_gridgen_utility.cpp:66
find /root/cuMatch/scratch/LGF/el32_tmp/89/89-88-12.el32.labeled
dmesg > labeled_gridgen_utility.cpp:66
find /root/cuMatch/scratch/LGF/el32_tmp/186/186-88-11.el32.labeled
dmesg > labeled_gridgen_utility.cpp:66
find /root/cuMatch/scratch/LGF/el32_tmp/89/89-89-12.el32.labeled
dmesg > labeled_gridgen_utility.cpp:66
find /root/cuMatch/scratch/LGF/el32_tmp/186/186-89-11.el32.labeled
dmesg > labeled_gridgen_utility.cpp:66
find /root/cuMatch/scratch/LGF/el32_tmp/90/90-90-12.el32.labeled
dmesg > labeled_gridgen_utility.cpp:66
find /root/cuMatch/scratch/LGF/el32_tmp/186/186-90-11.el32.labeled
dmesg > labeled_gridgen_utility.cpp:66
find /root/cuMatch/scratch/LGF/el32_tmp/91/91-91-12.el32.labeled
dmesg > labeled_gridgen_utility.cpp:66
find /root/cuMatch/scratch/LGF/el32_tmp/92/92-91-12.el32.labeled
dmesg > labeled_gridgen_utility.cpp:66
find /root/cuMatch/scratch/LGF/el32_tmp/186/186-91-11.el32.labeled
dmesg > labeled_gridgen_utility.cpp:66
find /root/cuMatch/scratch/LGF/el32_tmp/92/92-92-12.el32.labeled
dmesg > labeled_gridgen_utility.cpp:66
find /root/cuMatch/scratch/LGF/el32_tmp/186/186-92-11.el32.labeled
dmesg > labeled_gridgen_utility.cpp:66
find /root/cuMatch/scratch/LGF/el32_tmp/93/93-93-12.el32.labeled
dmesg > labeled_gridgen_utility.cpp:66
find /root/cuMatch/scratch/LGF/el32_tmp/186/186-93-11.el32.labeled
dmesg > labeled_gridgen_utility.cpp:66
find /root/cuMatch/scratch/LGF/el32_tmp/94/94-94-12.el32.labeled
dmesg > labeled_gridgen_utility.cpp:66
find /root/cuMatch/scratch/LGF/el32_tmp/186/186-94-11.el32.labeled
dmesg > labeled_gridgen_utility.cpp:66
find /root/cuMatch/scratch/LGF/el32_tmp/95/95-95-12.el32.labeled
dmesg > labeled_gridgen_utility.cpp:66
find /root/cuMatch/scratch/LGF/el32_tmp/96/96-95-12.el32.labeled
dmesg > labeled_gridgen_utility.cpp:66
find /root/cuMatch/scratch/LGF/el32_tmp/186/186-95-11.el32.labeled
dmesg > labeled_gridgen_utility.cpp:66
find /root/cuMatch/scratch/LGF/el32_tmp/96/96-96-12.el32.labeled
dmesg > labeled_gridgen_utility.cpp:66
find /root/cuMatch/scratch/LGF/el32_tmp/97/97-96-12.el32.labeled
dmesg > labeled_gridgen_utility.cpp:66
find /root/cuMatch/scratch/LGF/el32_tmp/186/186-96-11.el32.labeled
dmesg > labeled_gridgen_utility.cpp:66
find /root/cuMatch/scratch/LGF/el32_tmp/97/97-97-12.el32.labeled
dmesg > labeled_gridgen_utility.cpp:66
find /root/cuMatch/scratch/LGF/el32_tmp/98/98-97-12.el32.labeled
dmesg > labeled_gridgen_utility.cpp:66
find /root/cuMatch/scratch/LGF/el32_tmp/186/186-97-11.el32.labeled
dmesg > labeled_gridgen_utility.cpp:66
find /root/cuMatch/scratch/LGF/el32_tmp/98/98-98-12.el32.labeled
dmesg > labeled_gridgen_utility.cpp:66
find /root/cuMatch/scratch/LGF/el32_tmp/99/99-98-12.el32.labeled
dmesg > labeled_gridgen_utility.cpp:66
find /root/cuMatch/scratch/LGF/el32_tmp/186/186-98-11.el32.labeled
dmesg > labeled_gridgen_utility.cpp:66
find /root/cuMatch/scratch/LGF/el32_tmp/99/99-99-12.el32.labeled
dmesg > labeled_gridgen_utility.cpp:66
find /root/cuMatch/scratch/LGF/el32_tmp/100/100-99-12.el32.labeled
dmesg > labeled_gridgen_utility.cpp:66
find /root/cuMatch/scratch/LGF/el32_tmp/186/186-99-11.el32.labeled
dmesg > labeled_gridgen_utility.cpp:66
find /root/cuMatch/scratch/LGF/el32_tmp/100/100-100-12.el32.labeled
dmesg > labeled_gridgen_utility.cpp:66
find /root/cuMatch/scratch/LGF/el32_tmp/101/101-100-12.el32.labeled
dmesg > labeled_gridgen_utility.cpp:66
find /root/cuMatch/scratch/LGF/el32_tmp/186/186-100-11.el32.labeled
dmesg > labeled_gridgen_utility.cpp:66
find /root/cuMatch/scratch/LGF/el32_tmp/101/101-101-12.el32.labeled
dmesg > labeled_gridgen_utility.cpp:66
find /root/cuMatch/scratch/LGF/el32_tmp/102/102-101-12.el32.labeled
dmesg > labeled_gridgen_utility.cpp:66
find /root/cuMatch/scratch/LGF/el32_tmp/186/186-101-11.el32.labeled
dmesg > labeled_gridgen_utility.cpp:66
find /root/cuMatch/scratch/LGF/el32_tmp/102/102-102-12.el32.labeled
dmesg > labeled_gridgen_utility.cpp:66
find /root/cuMatch/scratch/LGF/el32_tmp/103/103-102-12.el32.labeled
dmesg > labeled_gridgen_utility.cpp:66
find /root/cuMatch/scratch/LGF/el32_tmp/186/186-102-11.el32.labeled
dmesg > labeled_gridgen_utility.cpp:66
find /root/cuMatch/scratch/LGF/el32_tmp/103/103-103-12.el32.labeled
dmesg > labeled_gridgen_utility.cpp:66
find /root/cuMatch/scratch/LGF/el32_tmp/186/186-103-11.el32.labeled
dmesg > labeled_gridgen_utility.cpp:66
find /root/cuMatch/scratch/LGF/el32_tmp/104/104-104-12.el32.labeled
dmesg > labeled_gridgen_utility.cpp:66
find /root/cuMatch/scratch/LGF/el32_tmp/105/105-104-12.el32.labeled
dmesg > labeled_gridgen_utility.cpp:66
find /root/cuMatch/scratch/LGF/el32_tmp/186/186-104-11.el32.labeled
dmesg > labeled_gridgen_utility.cpp:66
find /root/cuMatch/scratch/LGF/el32_tmp/105/105-105-12.el32.labeled
dmesg > labeled_gridgen_utility.cpp:66
find /root/cuMatch/scratch/LGF/el32_tmp/106/106-105-12.el32.labeled
dmesg > labeled_gridgen_utility.cpp:66
find /root/cuMatch/scratch/LGF/el32_tmp/186/186-105-11.el32.labeled
dmesg > labeled_gridgen_utility.cpp:66
find /root/cuMatch/scratch/LGF/el32_tmp/106/106-106-12.el32.labeled
dmesg > labeled_gridgen_utility.cpp:66
find /root/cuMatch/scratch/LGF/el32_tmp/186/186-106-11.el32.labeled
dmesg > labeled_gridgen_utility.cpp:66
find /root/cuMatch/scratch/LGF/el32_tmp/107/107-107-12.el32.labeled
dmesg > labeled_gridgen_utility.cpp:66
find /root/cuMatch/scratch/LGF/el32_tmp/186/186-107-11.el32.labeled
dmesg > labeled_gridgen_utility.cpp:66
find /root/cuMatch/scratch/LGF/el32_tmp/108/108-108-12.el32.labeled
dmesg > labeled_gridgen_utility.cpp:66
find /root/cuMatch/scratch/LGF/el32_tmp/109/109-108-12.el32.labeled
dmesg > labeled_gridgen_utility.cpp:66
find /root/cuMatch/scratch/LGF/el32_tmp/186/186-108-11.el32.labeled
dmesg > labeled_gridgen_utility.cpp:66
find /root/cuMatch/scratch/LGF/el32_tmp/109/109-109-12.el32.labeled
dmesg > labeled_gridgen_utility.cpp:66
find /root/cuMatch/scratch/LGF/el32_tmp/110/110-109-12.el32.labeled
dmesg > labeled_gridgen_utility.cpp:66
find /root/cuMatch/scratch/LGF/el32_tmp/186/186-109-11.el32.labeled
dmesg > labeled_gridgen_utility.cpp:66
find /root/cuMatch/scratch/LGF/el32_tmp/110/110-110-12.el32.labeled
dmesg > labeled_gridgen_utility.cpp:66
find /root/cuMatch/scratch/LGF/el32_tmp/111/111-110-12.el32.labeled
dmesg > labeled_gridgen_utility.cpp:66
find /root/cuMatch/scratch/LGF/el32_tmp/186/186-110-11.el32.labeled
dmesg > labeled_gridgen_utility.cpp:66
find /root/cuMatch/scratch/LGF/el32_tmp/111/111-111-12.el32.labeled
dmesg > labeled_gridgen_utility.cpp:66
find /root/cuMatch/scratch/LGF/el32_tmp/112/112-111-12.el32.labeled
dmesg > labeled_gridgen_utility.cpp:66
find /root/cuMatch/scratch/LGF/el32_tmp/186/186-111-11.el32.labeled
dmesg > labeled_gridgen_utility.cpp:66
find /root/cuMatch/scratch/LGF/el32_tmp/112/112-112-12.el32.labeled
dmesg > labeled_gridgen_utility.cpp:66
find /root/cuMatch/scratch/LGF/el32_tmp/186/186-112-11.el32.labeled
dmesg > labeled_gridgen_utility.cpp:66
find /root/cuMatch/scratch/LGF/el32_tmp/113/113-113-12.el32.labeled
dmesg > labeled_gridgen_utility.cpp:66
find /root/cuMatch/scratch/LGF/el32_tmp/114/114-113-12.el32.labeled
dmesg > labeled_gridgen_utility.cpp:66
find /root/cuMatch/scratch/LGF/el32_tmp/186/186-113-11.el32.labeled
dmesg > labeled_gridgen_utility.cpp:66
find /root/cuMatch/scratch/LGF/el32_tmp/114/114-114-12.el32.labeled
dmesg > labeled_gridgen_utility.cpp:66
find /root/cuMatch/scratch/LGF/el32_tmp/186/186-114-11.el32.labeled
dmesg > labeled_gridgen_utility.cpp:66
find /root/cuMatch/scratch/LGF/el32_tmp/115/115-115-12.el32.labeled
dmesg > labeled_gridgen_utility.cpp:66
find /root/cuMatch/scratch/LGF/el32_tmp/186/186-115-11.el32.labeled
dmesg > labeled_gridgen_utility.cpp:66
find /root/cuMatch/scratch/LGF/el32_tmp/116/116-116-12.el32.labeled
dmesg > labeled_gridgen_utility.cpp:66
find /root/cuMatch/scratch/LGF/el32_tmp/117/117-116-12.el32.labeled
dmesg > labeled_gridgen_utility.cpp:66
find /root/cuMatch/scratch/LGF/el32_tmp/186/186-116-11.el32.labeled
dmesg > labeled_gridgen_utility.cpp:66
find /root/cuMatch/scratch/LGF/el32_tmp/117/117-117-12.el32.labeled
dmesg > labeled_gridgen_utility.cpp:66
find /root/cuMatch/scratch/LGF/el32_tmp/118/118-117-12.el32.labeled
dmesg > labeled_gridgen_utility.cpp:66
find /root/cuMatch/scratch/LGF/el32_tmp/186/186-117-11.el32.labeled
dmesg > labeled_gridgen_utility.cpp:66
find /root/cuMatch/scratch/LGF/el32_tmp/118/118-118-12.el32.labeled
dmesg > labeled_gridgen_utility.cpp:66
find /root/cuMatch/scratch/LGF/el32_tmp/186/186-118-11.el32.labeled
dmesg > labeled_gridgen_utility.cpp:66
find /root/cuMatch/scratch/LGF/el32_tmp/119/119-119-12.el32.labeled
dmesg > labeled_gridgen_utility.cpp:66
find /root/cuMatch/scratch/LGF/el32_tmp/186/186-119-11.el32.labeled
dmesg > labeled_gridgen_utility.cpp:66
find /root/cuMatch/scratch/LGF/el32_tmp/120/120-120-12.el32.labeled
dmesg > labeled_gridgen_utility.cpp:66
find /root/cuMatch/scratch/LGF/el32_tmp/121/121-120-12.el32.labeled
dmesg > labeled_gridgen_utility.cpp:66
find /root/cuMatch/scratch/LGF/el32_tmp/186/186-120-11.el32.labeled
dmesg > labeled_gridgen_utility.cpp:66
find /root/cuMatch/scratch/LGF/el32_tmp/121/121-121-12.el32.labeled
dmesg > labeled_gridgen_utility.cpp:66
find /root/cuMatch/scratch/LGF/el32_tmp/186/186-121-11.el32.labeled
dmesg > labeled_gridgen_utility.cpp:66
find /root/cuMatch/scratch/LGF/el32_tmp/122/122-122-12.el32.labeled
dmesg > labeled_gridgen_utility.cpp:66
find /root/cuMatch/scratch/LGF/el32_tmp/123/123-122-12.el32.labeled
dmesg > labeled_gridgen_utility.cpp:66
find /root/cuMatch/scratch/LGF/el32_tmp/186/186-122-11.el32.labeled
dmesg > labeled_gridgen_utility.cpp:66
find /root/cuMatch/scratch/LGF/el32_tmp/123/123-123-12.el32.labeled
dmesg > labeled_gridgen_utility.cpp:66
find /root/cuMatch/scratch/LGF/el32_tmp/124/124-123-12.el32.labeled
dmesg > labeled_gridgen_utility.cpp:66
find /root/cuMatch/scratch/LGF/el32_tmp/186/186-123-11.el32.labeled
dmesg > labeled_gridgen_utility.cpp:66
find /root/cuMatch/scratch/LGF/el32_tmp/124/124-124-12.el32.labeled
dmesg > labeled_gridgen_utility.cpp:66
find /root/cuMatch/scratch/LGF/el32_tmp/125/125-124-12.el32.labeled
dmesg > labeled_gridgen_utility.cpp:66
find /root/cuMatch/scratch/LGF/el32_tmp/186/186-124-11.el32.labeled
dmesg > labeled_gridgen_utility.cpp:66
find /root/cuMatch/scratch/LGF/el32_tmp/125/125-125-12.el32.labeled
dmesg > labeled_gridgen_utility.cpp:66
find /root/cuMatch/scratch/LGF/el32_tmp/186/186-125-11.el32.labeled
dmesg > labeled_gridgen_utility.cpp:66
find /root/cuMatch/scratch/LGF/el32_tmp/126/126-126-12.el32.labeled
dmesg > labeled_gridgen_utility.cpp:66
find /root/cuMatch/scratch/LGF/el32_tmp/127/127-126-12.el32.labeled
dmesg > labeled_gridgen_utility.cpp:66
find /root/cuMatch/scratch/LGF/el32_tmp/186/186-126-11.el32.labeled
dmesg > labeled_gridgen_utility.cpp:66
find /root/cuMatch/scratch/LGF/el32_tmp/127/127-127-12.el32.labeled
dmesg > labeled_gridgen_utility.cpp:66
find /root/cuMatch/scratch/LGF/el32_tmp/128/128-127-12.el32.labeled
dmesg > labeled_gridgen_utility.cpp:66
find /root/cuMatch/scratch/LGF/el32_tmp/186/186-127-11.el32.labeled
dmesg > labeled_gridgen_utility.cpp:66
find /root/cuMatch/scratch/LGF/el32_tmp/128/128-128-12.el32.labeled
dmesg > labeled_gridgen_utility.cpp:66
find /root/cuMatch/scratch/LGF/el32_tmp/129/129-128-12.el32.labeled
dmesg > labeled_gridgen_utility.cpp:66
find /root/cuMatch/scratch/LGF/el32_tmp/186/186-128-11.el32.labeled
dmesg > labeled_gridgen_utility.cpp:66
find /root/cuMatch/scratch/LGF/el32_tmp/129/129-129-12.el32.labeled
dmesg > labeled_gridgen_utility.cpp:66
find /root/cuMatch/scratch/LGF/el32_tmp/186/186-129-11.el32.labeled
dmesg > labeled_gridgen_utility.cpp:66
find /root/cuMatch/scratch/LGF/el32_tmp/130/130-130-12.el32.labeled
dmesg > labeled_gridgen_utility.cpp:66
find /root/cuMatch/scratch/LGF/el32_tmp/131/131-130-12.el32.labeled
dmesg > labeled_gridgen_utility.cpp:66
find /root/cuMatch/scratch/LGF/el32_tmp/186/186-130-11.el32.labeled
dmesg > labeled_gridgen_utility.cpp:66
find /root/cuMatch/scratch/LGF/el32_tmp/131/131-131-12.el32.labeled
dmesg > labeled_gridgen_utility.cpp:66
find /root/cuMatch/scratch/LGF/el32_tmp/132/132-131-12.el32.labeled
dmesg > labeled_gridgen_utility.cpp:66
find /root/cuMatch/scratch/LGF/el32_tmp/186/186-131-11.el32.labeled
dmesg > labeled_gridgen_utility.cpp:66
find /root/cuMatch/scratch/LGF/el32_tmp/132/132-132-12.el32.labeled
dmesg > labeled_gridgen_utility.cpp:66
find /root/cuMatch/scratch/LGF/el32_tmp/133/133-132-12.el32.labeled
dmesg > labeled_gridgen_utility.cpp:66
find /root/cuMatch/scratch/LGF/el32_tmp/186/186-132-11.el32.labeled
dmesg > labeled_gridgen_utility.cpp:66
find /root/cuMatch/scratch/LGF/el32_tmp/133/133-133-12.el32.labeled
dmesg > labeled_gridgen_utility.cpp:66
find /root/cuMatch/scratch/LGF/el32_tmp/134/134-133-12.el32.labeled
dmesg > labeled_gridgen_utility.cpp:66
find /root/cuMatch/scratch/LGF/el32_tmp/186/186-133-11.el32.labeled
dmesg > labeled_gridgen_utility.cpp:66
find /root/cuMatch/scratch/LGF/el32_tmp/134/134-134-12.el32.labeled
dmesg > labeled_gridgen_utility.cpp:66
find /root/cuMatch/scratch/LGF/el32_tmp/135/135-134-12.el32.labeled
dmesg > labeled_gridgen_utility.cpp:66
find /root/cuMatch/scratch/LGF/el32_tmp/186/186-134-11.el32.labeled
dmesg > labeled_gridgen_utility.cpp:66
find /root/cuMatch/scratch/LGF/el32_tmp/135/135-135-12.el32.labeled
dmesg > labeled_gridgen_utility.cpp:66
find /root/cuMatch/scratch/LGF/el32_tmp/136/136-135-12.el32.labeled
dmesg > labeled_gridgen_utility.cpp:66
find /root/cuMatch/scratch/LGF/el32_tmp/186/186-135-11.el32.labeled
dmesg > labeled_gridgen_utility.cpp:66
find /root/cuMatch/scratch/LGF/el32_tmp/136/136-136-12.el32.labeled
dmesg > labeled_gridgen_utility.cpp:66
find /root/cuMatch/scratch/LGF/el32_tmp/186/186-136-11.el32.labeled
dmesg > labeled_gridgen_utility.cpp:66
find /root/cuMatch/scratch/LGF/el32_tmp/137/137-137-12.el32.labeled
dmesg > labeled_gridgen_utility.cpp:66
find /root/cuMatch/scratch/LGF/el32_tmp/186/186-137-11.el32.labeled
dmesg > labeled_gridgen_utility.cpp:66
find /root/cuMatch/scratch/LGF/el32_tmp/138/138-138-12.el32.labeled
dmesg > labeled_gridgen_utility.cpp:66
find /root/cuMatch/scratch/LGF/el32_tmp/186/186-138-11.el32.labeled
dmesg > labeled_gridgen_utility.cpp:66
find /root/cuMatch/scratch/LGF/el32_tmp/139/139-139-12.el32.labeled
dmesg > labeled_gridgen_utility.cpp:66
find /root/cuMatch/scratch/LGF/el32_tmp/140/140-139-12.el32.labeled
dmesg > labeled_gridgen_utility.cpp:66
find /root/cuMatch/scratch/LGF/el32_tmp/186/186-139-11.el32.labeled
dmesg > labeled_gridgen_utility.cpp:66
find /root/cuMatch/scratch/LGF/el32_tmp/140/140-140-12.el32.labeled
dmesg > labeled_gridgen_utility.cpp:66
find /root/cuMatch/scratch/LGF/el32_tmp/141/141-140-12.el32.labeled
dmesg > labeled_gridgen_utility.cpp:66
find /root/cuMatch/scratch/LGF/el32_tmp/186/186-140-11.el32.labeled
dmesg > labeled_gridgen_utility.cpp:66
find /root/cuMatch/scratch/LGF/el32_tmp/141/141-141-12.el32.labeled
dmesg > labeled_gridgen_utility.cpp:66
find /root/cuMatch/scratch/LGF/el32_tmp/142/142-141-12.el32.labeled
dmesg > labeled_gridgen_utility.cpp:66
find /root/cuMatch/scratch/LGF/el32_tmp/186/186-141-11.el32.labeled
dmesg > labeled_gridgen_utility.cpp:66
find /root/cuMatch/scratch/LGF/el32_tmp/142/142-142-12.el32.labeled
dmesg > labeled_gridgen_utility.cpp:66
find /root/cuMatch/scratch/LGF/el32_tmp/143/143-142-12.el32.labeled
dmesg > labeled_gridgen_utility.cpp:66
find /root/cuMatch/scratch/LGF/el32_tmp/186/186-142-11.el32.labeled
dmesg > labeled_gridgen_utility.cpp:66
find /root/cuMatch/scratch/LGF/el32_tmp/143/143-143-12.el32.labeled
dmesg > labeled_gridgen_utility.cpp:66
find /root/cuMatch/scratch/LGF/el32_tmp/144/144-143-12.el32.labeled
dmesg > labeled_gridgen_utility.cpp:66
find /root/cuMatch/scratch/LGF/el32_tmp/186/186-143-11.el32.labeled
dmesg > labeled_gridgen_utility.cpp:66
find /root/cuMatch/scratch/LGF/el32_tmp/144/144-144-12.el32.labeled
dmesg > labeled_gridgen_utility.cpp:66
find /root/cuMatch/scratch/LGF/el32_tmp/145/145-144-12.el32.labeled
dmesg > labeled_gridgen_utility.cpp:66
find /root/cuMatch/scratch/LGF/el32_tmp/186/186-144-11.el32.labeled
dmesg > labeled_gridgen_utility.cpp:66
find /root/cuMatch/scratch/LGF/el32_tmp/145/145-145-12.el32.labeled
dmesg > labeled_gridgen_utility.cpp:66
find /root/cuMatch/scratch/LGF/el32_tmp/146/146-145-12.el32.labeled
dmesg > labeled_gridgen_utility.cpp:66
find /root/cuMatch/scratch/LGF/el32_tmp/186/186-145-11.el32.labeled
dmesg > labeled_gridgen_utility.cpp:66
find /root/cuMatch/scratch/LGF/el32_tmp/146/146-146-12.el32.labeled
dmesg > labeled_gridgen_utility.cpp:66
find /root/cuMatch/scratch/LGF/el32_tmp/186/186-146-11.el32.labeled
dmesg > labeled_gridgen_utility.cpp:66
find /root/cuMatch/scratch/LGF/el32_tmp/147/147-147-12.el32.labeled
dmesg > labeled_gridgen_utility.cpp:66
find /root/cuMatch/scratch/LGF/el32_tmp/148/148-147-12.el32.labeled
dmesg > labeled_gridgen_utility.cpp:66
find /root/cuMatch/scratch/LGF/el32_tmp/186/186-147-11.el32.labeled
dmesg > labeled_gridgen_utility.cpp:66
find /root/cuMatch/scratch/LGF/el32_tmp/148/148-148-12.el32.labeled
dmesg > labeled_gridgen_utility.cpp:66
find /root/cuMatch/scratch/LGF/el32_tmp/149/149-148-12.el32.labeled
dmesg > labeled_gridgen_utility.cpp:66
find /root/cuMatch/scratch/LGF/el32_tmp/186/186-148-11.el32.labeled
dmesg > labeled_gridgen_utility.cpp:66
find /root/cuMatch/scratch/LGF/el32_tmp/149/149-149-12.el32.labeled
dmesg > labeled_gridgen_utility.cpp:66
find /root/cuMatch/scratch/LGF/el32_tmp/186/186-149-11.el32.labeled
dmesg > labeled_gridgen_utility.cpp:66
find /root/cuMatch/scratch/LGF/el32_tmp/150/150-150-12.el32.labeled
dmesg > labeled_gridgen_utility.cpp:66
find /root/cuMatch/scratch/LGF/el32_tmp/186/186-150-11.el32.labeled
dmesg > labeled_gridgen_utility.cpp:66
find /root/cuMatch/scratch/LGF/el32_tmp/151/151-151-12.el32.labeled
dmesg > labeled_gridgen_utility.cpp:66
find /root/cuMatch/scratch/LGF/el32_tmp/186/186-151-11.el32.labeled
dmesg > labeled_gridgen_utility.cpp:66
find /root/cuMatch/scratch/LGF/el32_tmp/4/4-152-0.el32.labeled
dmesg > labeled_gridgen_utility.cpp:66
find /root/cuMatch/scratch/LGF/el32_tmp/7/7-152-12.el32.labeled
dmesg > labeled_gridgen_utility.cpp:66
find /root/cuMatch/scratch/LGF/el32_tmp/8/8-152-12.el32.labeled
dmesg > labeled_gridgen_utility.cpp:66
find /root/cuMatch/scratch/LGF/el32_tmp/9/9-152-12.el32.labeled
dmesg > labeled_gridgen_utility.cpp:66
find /root/cuMatch/scratch/LGF/el32_tmp/10/10-152-12.el32.labeled
dmesg > labeled_gridgen_utility.cpp:66
find /root/cuMatch/scratch/LGF/el32_tmp/11/11-152-12.el32.labeled
dmesg > labeled_gridgen_utility.cpp:66
find /root/cuMatch/scratch/LGF/el32_tmp/186/186-152-11.el32.labeled
dmesg > labeled_gridgen_utility.cpp:66
find /root/cuMatch/scratch/LGF/el32_tmp/4/4-153-0.el32.labeled
dmesg > labeled_gridgen_utility.cpp:66
find /root/cuMatch/scratch/LGF/el32_tmp/11/11-153-12.el32.labeled
dmesg > labeled_gridgen_utility.cpp:66
find /root/cuMatch/scratch/LGF/el32_tmp/12/12-153-12.el32.labeled
dmesg > labeled_gridgen_utility.cpp:66
find /root/cuMatch/scratch/LGF/el32_tmp/13/13-153-12.el32.labeled
dmesg > labeled_gridgen_utility.cpp:66
find /root/cuMatch/scratch/LGF/el32_tmp/14/14-153-12.el32.labeled
dmesg > labeled_gridgen_utility.cpp:66
find /root/cuMatch/scratch/LGF/el32_tmp/15/15-153-12.el32.labeled
dmesg > labeled_gridgen_utility.cpp:66
find /root/cuMatch/scratch/LGF/el32_tmp/186/186-153-11.el32.labeled
dmesg > labeled_gridgen_utility.cpp:66
find /root/cuMatch/scratch/LGF/el32_tmp/4/4-154-0.el32.labeled
dmesg > labeled_gridgen_utility.cpp:66
find /root/cuMatch/scratch/LGF/el32_tmp/15/15-154-12.el32.labeled
dmesg > labeled_gridgen_utility.cpp:66
find /root/cuMatch/scratch/LGF/el32_tmp/16/16-154-12.el32.labeled
dmesg > labeled_gridgen_utility.cpp:66
find /root/cuMatch/scratch/LGF/el32_tmp/17/17-154-12.el32.labeled
dmesg > labeled_gridgen_utility.cpp:66
find /root/cuMatch/scratch/LGF/el32_tmp/18/18-154-12.el32.labeled
dmesg > labeled_gridgen_utility.cpp:66
find /root/cuMatch/scratch/LGF/el32_tmp/19/19-154-12.el32.labeled
dmesg > labeled_gridgen_utility.cpp:66
find /root/cuMatch/scratch/LGF/el32_tmp/186/186-154-11.el32.labeled
dmesg > labeled_gridgen_utility.cpp:66
find /root/cuMatch/scratch/LGF/el32_tmp/4/4-155-0.el32.labeled
dmesg > labeled_gridgen_utility.cpp:66
find /root/cuMatch/scratch/LGF/el32_tmp/19/19-155-12.el32.labeled
dmesg > labeled_gridgen_utility.cpp:66
find /root/cuMatch/scratch/LGF/el32_tmp/20/20-155-12.el32.labeled
dmesg > labeled_gridgen_utility.cpp:66
find /root/cuMatch/scratch/LGF/el32_tmp/21/21-155-12.el32.labeled
dmesg > labeled_gridgen_utility.cpp:66
find /root/cuMatch/scratch/LGF/el32_tmp/22/22-155-12.el32.labeled
dmesg > labeled_gridgen_utility.cpp:66
find /root/cuMatch/scratch/LGF/el32_tmp/23/23-155-12.el32.labeled
dmesg > labeled_gridgen_utility.cpp:66
find /root/cuMatch/scratch/LGF/el32_tmp/24/24-155-12.el32.labeled
dmesg > labeled_gridgen_utility.cpp:66
find /root/cuMatch/scratch/LGF/el32_tmp/186/186-155-11.el32.labeled
dmesg > labeled_gridgen_utility.cpp:66
find /root/cuMatch/scratch/LGF/el32_tmp/4/4-156-0.el32.labeled
dmesg > labeled_gridgen_utility.cpp:66
find /root/cuMatch/scratch/LGF/el32_tmp/24/24-156-12.el32.labeled
dmesg > labeled_gridgen_utility.cpp:66
find /root/cuMatch/scratch/LGF/el32_tmp/25/25-156-12.el32.labeled
dmesg > labeled_gridgen_utility.cpp:66
find /root/cuMatch/scratch/LGF/el32_tmp/26/26-156-12.el32.labeled
dmesg > labeled_gridgen_utility.cpp:66
find /root/cuMatch/scratch/LGF/el32_tmp/27/27-156-12.el32.labeled
dmesg > labeled_gridgen_utility.cpp:66
find /root/cuMatch/scratch/LGF/el32_tmp/28/28-156-12.el32.labeled
dmesg > labeled_gridgen_utility.cpp:66
find /root/cuMatch/scratch/LGF/el32_tmp/186/186-156-11.el32.labeled
dmesg > labeled_gridgen_utility.cpp:66
find /root/cuMatch/scratch/LGF/el32_tmp/4/4-157-0.el32.labeled
dmesg > labeled_gridgen_utility.cpp:66
find /root/cuMatch/scratch/LGF/el32_tmp/28/28-157-12.el32.labeled
dmesg > labeled_gridgen_utility.cpp:66
find /root/cuMatch/scratch/LGF/el32_tmp/29/29-157-12.el32.labeled
dmesg > labeled_gridgen_utility.cpp:66
find /root/cuMatch/scratch/LGF/el32_tmp/30/30-157-12.el32.labeled
dmesg > labeled_gridgen_utility.cpp:66
find /root/cuMatch/scratch/LGF/el32_tmp/31/31-157-12.el32.labeled
dmesg > labeled_gridgen_utility.cpp:66
find /root/cuMatch/scratch/LGF/el32_tmp/32/32-157-12.el32.labeled
dmesg > labeled_gridgen_utility.cpp:66
find /root/cuMatch/scratch/LGF/el32_tmp/186/186-157-11.el32.labeled
dmesg > labeled_gridgen_utility.cpp:66
find /root/cuMatch/scratch/LGF/el32_tmp/4/4-158-0.el32.labeled
dmesg > labeled_gridgen_utility.cpp:66
find /root/cuMatch/scratch/LGF/el32_tmp/32/32-158-12.el32.labeled
dmesg > labeled_gridgen_utility.cpp:66
find /root/cuMatch/scratch/LGF/el32_tmp/33/33-158-12.el32.labeled
dmesg > labeled_gridgen_utility.cpp:66
find /root/cuMatch/scratch/LGF/el32_tmp/34/34-158-12.el32.labeled
dmesg > labeled_gridgen_utility.cpp:66
find /root/cuMatch/scratch/LGF/el32_tmp/35/35-158-12.el32.labeled
dmesg > labeled_gridgen_utility.cpp:66
find /root/cuMatch/scratch/LGF/el32_tmp/36/36-158-12.el32.labeled
dmesg > labeled_gridgen_utility.cpp:66
find /root/cuMatch/scratch/LGF/el32_tmp/37/37-158-12.el32.labeled
dmesg > labeled_gridgen_utility.cpp:66
find /root/cuMatch/scratch/LGF/el32_tmp/186/186-158-11.el32.labeled
dmesg > labeled_gridgen_utility.cpp:66
find /root/cuMatch/scratch/LGF/el32_tmp/4/4-159-0.el32.labeled
dmesg > labeled_gridgen_utility.cpp:66
find /root/cuMatch/scratch/LGF/el32_tmp/37/37-159-12.el32.labeled
dmesg > labeled_gridgen_utility.cpp:66
find /root/cuMatch/scratch/LGF/el32_tmp/38/38-159-12.el32.labeled
dmesg > labeled_gridgen_utility.cpp:66
find /root/cuMatch/scratch/LGF/el32_tmp/39/39-159-12.el32.labeled
dmesg > labeled_gridgen_utility.cpp:66
find /root/cuMatch/scratch/LGF/el32_tmp/40/40-159-12.el32.labeled
dmesg > labeled_gridgen_utility.cpp:66
find /root/cuMatch/scratch/LGF/el32_tmp/41/41-159-12.el32.labeled
dmesg > labeled_gridgen_utility.cpp:66
find /root/cuMatch/scratch/LGF/el32_tmp/186/186-159-11.el32.labeled
dmesg > labeled_gridgen_utility.cpp:66
find /root/cuMatch/scratch/LGF/el32_tmp/4/4-160-0.el32.labeled
dmesg > labeled_gridgen_utility.cpp:66
find /root/cuMatch/scratch/LGF/el32_tmp/41/41-160-12.el32.labeled
dmesg > labeled_gridgen_utility.cpp:66
find /root/cuMatch/scratch/LGF/el32_tmp/42/42-160-12.el32.labeled
dmesg > labeled_gridgen_utility.cpp:66
find /root/cuMatch/scratch/LGF/el32_tmp/43/43-160-12.el32.labeled
dmesg > labeled_gridgen_utility.cpp:66
find /root/cuMatch/scratch/LGF/el32_tmp/44/44-160-12.el32.labeled
dmesg > labeled_gridgen_utility.cpp:66
find /root/cuMatch/scratch/LGF/el32_tmp/45/45-160-12.el32.labeled
dmesg > labeled_gridgen_utility.cpp:66
find /root/cuMatch/scratch/LGF/el32_tmp/186/186-160-11.el32.labeled
dmesg > labeled_gridgen_utility.cpp:66
find /root/cuMatch/scratch/LGF/el32_tmp/4/4-161-0.el32.labeled
dmesg > labeled_gridgen_utility.cpp:66
find /root/cuMatch/scratch/LGF/el32_tmp/45/45-161-12.el32.labeled
dmesg > labeled_gridgen_utility.cpp:66
find /root/cuMatch/scratch/LGF/el32_tmp/46/46-161-12.el32.labeled
dmesg > labeled_gridgen_utility.cpp:66
find /root/cuMatch/scratch/LGF/el32_tmp/47/47-161-12.el32.labeled
dmesg > labeled_gridgen_utility.cpp:66
find /root/cuMatch/scratch/LGF/el32_tmp/48/48-161-12.el32.labeled
dmesg > labeled_gridgen_utility.cpp:66
find /root/cuMatch/scratch/LGF/el32_tmp/49/49-161-12.el32.labeled
dmesg > labeled_gridgen_utility.cpp:66
find /root/cuMatch/scratch/LGF/el32_tmp/50/50-161-12.el32.labeled
dmesg > labeled_gridgen_utility.cpp:66
find /root/cuMatch/scratch/LGF/el32_tmp/186/186-161-11.el32.labeled
dmesg > labeled_gridgen_utility.cpp:66
find /root/cuMatch/scratch/LGF/el32_tmp/4/4-162-0.el32.labeled
dmesg > labeled_gridgen_utility.cpp:66
find /root/cuMatch/scratch/LGF/el32_tmp/50/50-162-12.el32.labeled
dmesg > labeled_gridgen_utility.cpp:66
find /root/cuMatch/scratch/LGF/el32_tmp/51/51-162-12.el32.labeled
dmesg > labeled_gridgen_utility.cpp:66
find /root/cuMatch/scratch/LGF/el32_tmp/52/52-162-12.el32.labeled
dmesg > labeled_gridgen_utility.cpp:66
find /root/cuMatch/scratch/LGF/el32_tmp/53/53-162-12.el32.labeled
dmesg > labeled_gridgen_utility.cpp:66
find /root/cuMatch/scratch/LGF/el32_tmp/54/54-162-12.el32.labeled
dmesg > labeled_gridgen_utility.cpp:66
find /root/cuMatch/scratch/LGF/el32_tmp/186/186-162-11.el32.labeled
dmesg > labeled_gridgen_utility.cpp:66
find /root/cuMatch/scratch/LGF/el32_tmp/4/4-163-0.el32.labeled
dmesg > labeled_gridgen_utility.cpp:66
find /root/cuMatch/scratch/LGF/el32_tmp/54/54-163-12.el32.labeled
dmesg > labeled_gridgen_utility.cpp:66
find /root/cuMatch/scratch/LGF/el32_tmp/55/55-163-12.el32.labeled
dmesg > labeled_gridgen_utility.cpp:66
find /root/cuMatch/scratch/LGF/el32_tmp/56/56-163-12.el32.labeled
dmesg > labeled_gridgen_utility.cpp:66
find /root/cuMatch/scratch/LGF/el32_tmp/57/57-163-12.el32.labeled
dmesg > labeled_gridgen_utility.cpp:66
find /root/cuMatch/scratch/LGF/el32_tmp/58/58-163-12.el32.labeled
dmesg > labeled_gridgen_utility.cpp:66
find /root/cuMatch/scratch/LGF/el32_tmp/186/186-163-11.el32.labeled
dmesg > labeled_gridgen_utility.cpp:66
find /root/cuMatch/scratch/LGF/el32_tmp/4/4-164-0.el32.labeled
dmesg > labeled_gridgen_utility.cpp:66
find /root/cuMatch/scratch/LGF/el32_tmp/58/58-164-12.el32.labeled
dmesg > labeled_gridgen_utility.cpp:66
find /root/cuMatch/scratch/LGF/el32_tmp/59/59-164-12.el32.labeled
dmesg > labeled_gridgen_utility.cpp:66
find /root/cuMatch/scratch/LGF/el32_tmp/60/60-164-12.el32.labeled
dmesg > labeled_gridgen_utility.cpp:66
find /root/cuMatch/scratch/LGF/el32_tmp/61/61-164-12.el32.labeled
dmesg > labeled_gridgen_utility.cpp:66
find /root/cuMatch/scratch/LGF/el32_tmp/62/62-164-12.el32.labeled
dmesg > labeled_gridgen_utility.cpp:66
find /root/cuMatch/scratch/LGF/el32_tmp/186/186-164-11.el32.labeled
dmesg > labeled_gridgen_utility.cpp:66
find /root/cuMatch/scratch/LGF/el32_tmp/4/4-165-0.el32.labeled
dmesg > labeled_gridgen_utility.cpp:66
find /root/cuMatch/scratch/LGF/el32_tmp/62/62-165-12.el32.labeled
dmesg > labeled_gridgen_utility.cpp:66
find /root/cuMatch/scratch/LGF/el32_tmp/63/63-165-12.el32.labeled
dmesg > labeled_gridgen_utility.cpp:66
find /root/cuMatch/scratch/LGF/el32_tmp/64/64-165-12.el32.labeled
dmesg > labeled_gridgen_utility.cpp:66
find /root/cuMatch/scratch/LGF/el32_tmp/65/65-165-12.el32.labeled
dmesg > labeled_gridgen_utility.cpp:66
find /root/cuMatch/scratch/LGF/el32_tmp/66/66-165-12.el32.labeled
dmesg > labeled_gridgen_utility.cpp:66
find /root/cuMatch/scratch/LGF/el32_tmp/67/67-165-12.el32.labeled
dmesg > labeled_gridgen_utility.cpp:66
find /root/cuMatch/scratch/LGF/el32_tmp/186/186-165-11.el32.labeled
dmesg > labeled_gridgen_utility.cpp:66
find /root/cuMatch/scratch/LGF/el32_tmp/4/4-166-0.el32.labeled
dmesg > labeled_gridgen_utility.cpp:66
find /root/cuMatch/scratch/LGF/el32_tmp/67/67-166-12.el32.labeled
dmesg > labeled_gridgen_utility.cpp:66
find /root/cuMatch/scratch/LGF/el32_tmp/68/68-166-12.el32.labeled
dmesg > labeled_gridgen_utility.cpp:66
find /root/cuMatch/scratch/LGF/el32_tmp/69/69-166-12.el32.labeled
dmesg > labeled_gridgen_utility.cpp:66
find /root/cuMatch/scratch/LGF/el32_tmp/70/70-166-12.el32.labeled
dmesg > labeled_gridgen_utility.cpp:66
find /root/cuMatch/scratch/LGF/el32_tmp/71/71-166-12.el32.labeled
dmesg > labeled_gridgen_utility.cpp:66
find /root/cuMatch/scratch/LGF/el32_tmp/186/186-166-11.el32.labeled
dmesg > labeled_gridgen_utility.cpp:66
find /root/cuMatch/scratch/LGF/el32_tmp/4/4-167-0.el32.labeled
dmesg > labeled_gridgen_utility.cpp:66
find /root/cuMatch/scratch/LGF/el32_tmp/5/5-167-0.el32.labeled
dmesg > labeled_gridgen_utility.cpp:66
find /root/cuMatch/scratch/LGF/el32_tmp/71/71-167-12.el32.labeled
dmesg > labeled_gridgen_utility.cpp:66
find /root/cuMatch/scratch/LGF/el32_tmp/72/72-167-12.el32.labeled
dmesg > labeled_gridgen_utility.cpp:66
find /root/cuMatch/scratch/LGF/el32_tmp/73/73-167-12.el32.labeled
dmesg > labeled_gridgen_utility.cpp:66
find /root/cuMatch/scratch/LGF/el32_tmp/74/74-167-12.el32.labeled
dmesg > labeled_gridgen_utility.cpp:66
find /root/cuMatch/scratch/LGF/el32_tmp/75/75-167-12.el32.labeled
dmesg > labeled_gridgen_utility.cpp:66
find /root/cuMatch/scratch/LGF/el32_tmp/186/186-167-11.el32.labeled
dmesg > labeled_gridgen_utility.cpp:66
find /root/cuMatch/scratch/LGF/el32_tmp/5/5-168-0.el32.labeled
dmesg > labeled_gridgen_utility.cpp:66
find /root/cuMatch/scratch/LGF/el32_tmp/75/75-168-12.el32.labeled
dmesg > labeled_gridgen_utility.cpp:66
find /root/cuMatch/scratch/LGF/el32_tmp/76/76-168-12.el32.labeled
dmesg > labeled_gridgen_utility.cpp:66
find /root/cuMatch/scratch/LGF/el32_tmp/77/77-168-12.el32.labeled
dmesg > labeled_gridgen_utility.cpp:66
find /root/cuMatch/scratch/LGF/el32_tmp/78/78-168-12.el32.labeled
dmesg > labeled_gridgen_utility.cpp:66
find /root/cuMatch/scratch/LGF/el32_tmp/79/79-168-12.el32.labeled
dmesg > labeled_gridgen_utility.cpp:66
find /root/cuMatch/scratch/LGF/el32_tmp/80/80-168-12.el32.labeled
dmesg > labeled_gridgen_utility.cpp:66
find /root/cuMatch/scratch/LGF/el32_tmp/186/186-168-11.el32.labeled
dmesg > labeled_gridgen_utility.cpp:66
find /root/cuMatch/scratch/LGF/el32_tmp/5/5-169-0.el32.labeled
dmesg > labeled_gridgen_utility.cpp:66
find /root/cuMatch/scratch/LGF/el32_tmp/80/80-169-12.el32.labeled
dmesg > labeled_gridgen_utility.cpp:66
find /root/cuMatch/scratch/LGF/el32_tmp/81/81-169-12.el32.labeled
dmesg > labeled_gridgen_utility.cpp:66
find /root/cuMatch/scratch/LGF/el32_tmp/82/82-169-12.el32.labeled
dmesg > labeled_gridgen_utility.cpp:66
find /root/cuMatch/scratch/LGF/el32_tmp/83/83-169-12.el32.labeled
dmesg > labeled_gridgen_utility.cpp:66
find /root/cuMatch/scratch/LGF/el32_tmp/84/84-169-12.el32.labeled
dmesg > labeled_gridgen_utility.cpp:66
find /root/cuMatch/scratch/LGF/el32_tmp/186/186-169-11.el32.labeled
dmesg > labeled_gridgen_utility.cpp:66
find /root/cuMatch/scratch/LGF/el32_tmp/5/5-170-0.el32.labeled
dmesg > labeled_gridgen_utility.cpp:66
find /root/cuMatch/scratch/LGF/el32_tmp/84/84-170-12.el32.labeled
dmesg > labeled_gridgen_utility.cpp:66
find /root/cuMatch/scratch/LGF/el32_tmp/85/85-170-12.el32.labeled
dmesg > labeled_gridgen_utility.cpp:66
find /root/cuMatch/scratch/LGF/el32_tmp/86/86-170-12.el32.labeled
dmesg > labeled_gridgen_utility.cpp:66
find /root/cuMatch/scratch/LGF/el32_tmp/87/87-170-12.el32.labeled
dmesg > labeled_gridgen_utility.cpp:66
find /root/cuMatch/scratch/LGF/el32_tmp/88/88-170-12.el32.labeled
dmesg > labeled_gridgen_utility.cpp:66
find /root/cuMatch/scratch/LGF/el32_tmp/186/186-170-11.el32.labeled
dmesg > labeled_gridgen_utility.cpp:66
find /root/cuMatch/scratch/LGF/el32_tmp/5/5-171-0.el32.labeled
dmesg > labeled_gridgen_utility.cpp:66
find /root/cuMatch/scratch/LGF/el32_tmp/88/88-171-12.el32.labeled
dmesg > labeled_gridgen_utility.cpp:66
find /root/cuMatch/scratch/LGF/el32_tmp/89/89-171-12.el32.labeled
dmesg > labeled_gridgen_utility.cpp:66
find /root/cuMatch/scratch/LGF/el32_tmp/90/90-171-12.el32.labeled
dmesg > labeled_gridgen_utility.cpp:66
find /root/cuMatch/scratch/LGF/el32_tmp/91/91-171-12.el32.labeled
dmesg > labeled_gridgen_utility.cpp:66
find /root/cuMatch/scratch/LGF/el32_tmp/92/92-171-12.el32.labeled
dmesg > labeled_gridgen_utility.cpp:66
find /root/cuMatch/scratch/LGF/el32_tmp/186/186-171-11.el32.labeled
dmesg > labeled_gridgen_utility.cpp:66
find /root/cuMatch/scratch/LGF/el32_tmp/5/5-172-0.el32.labeled
dmesg > labeled_gridgen_utility.cpp:66
find /root/cuMatch/scratch/LGF/el32_tmp/92/92-172-12.el32.labeled
dmesg > labeled_gridgen_utility.cpp:66
find /root/cuMatch/scratch/LGF/el32_tmp/93/93-172-12.el32.labeled
dmesg > labeled_gridgen_utility.cpp:66
find /root/cuMatch/scratch/LGF/el32_tmp/94/94-172-12.el32.labeled
dmesg > labeled_gridgen_utility.cpp:66
find /root/cuMatch/scratch/LGF/el32_tmp/95/95-172-12.el32.labeled
dmesg > labeled_gridgen_utility.cpp:66
find /root/cuMatch/scratch/LGF/el32_tmp/96/96-172-12.el32.labeled
dmesg > labeled_gridgen_utility.cpp:66
find /root/cuMatch/scratch/LGF/el32_tmp/97/97-172-12.el32.labeled
dmesg > labeled_gridgen_utility.cpp:66
find /root/cuMatch/scratch/LGF/el32_tmp/186/186-172-11.el32.labeled
dmesg > labeled_gridgen_utility.cpp:66
find /root/cuMatch/scratch/LGF/el32_tmp/5/5-173-0.el32.labeled
dmesg > labeled_gridgen_utility.cpp:66
find /root/cuMatch/scratch/LGF/el32_tmp/97/97-173-12.el32.labeled
dmesg > labeled_gridgen_utility.cpp:66
find /root/cuMatch/scratch/LGF/el32_tmp/98/98-173-12.el32.labeled
dmesg > labeled_gridgen_utility.cpp:66
find /root/cuMatch/scratch/LGF/el32_tmp/99/99-173-12.el32.labeled
dmesg > labeled_gridgen_utility.cpp:66
find /root/cuMatch/scratch/LGF/el32_tmp/100/100-173-12.el32.labeled
dmesg > labeled_gridgen_utility.cpp:66
find /root/cuMatch/scratch/LGF/el32_tmp/101/101-173-12.el32.labeled
dmesg > labeled_gridgen_utility.cpp:66
find /root/cuMatch/scratch/LGF/el32_tmp/186/186-173-11.el32.labeled
dmesg > labeled_gridgen_utility.cpp:66
find /root/cuMatch/scratch/LGF/el32_tmp/5/5-174-0.el32.labeled
dmesg > labeled_gridgen_utility.cpp:66
find /root/cuMatch/scratch/LGF/el32_tmp/101/101-174-12.el32.labeled
dmesg > labeled_gridgen_utility.cpp:66
find /root/cuMatch/scratch/LGF/el32_tmp/102/102-174-12.el32.labeled
dmesg > labeled_gridgen_utility.cpp:66
find /root/cuMatch/scratch/LGF/el32_tmp/103/103-174-12.el32.labeled
dmesg > labeled_gridgen_utility.cpp:66
find /root/cuMatch/scratch/LGF/el32_tmp/104/104-174-12.el32.labeled
dmesg > labeled_gridgen_utility.cpp:66
find /root/cuMatch/scratch/LGF/el32_tmp/105/105-174-12.el32.labeled
dmesg > labeled_gridgen_utility.cpp:66
find /root/cuMatch/scratch/LGF/el32_tmp/186/186-174-11.el32.labeled
dmesg > labeled_gridgen_utility.cpp:66
find /root/cuMatch/scratch/LGF/el32_tmp/5/5-175-0.el32.labeled
dmesg > labeled_gridgen_utility.cpp:66
find /root/cuMatch/scratch/LGF/el32_tmp/105/105-175-12.el32.labeled
dmesg > labeled_gridgen_utility.cpp:66
find /root/cuMatch/scratch/LGF/el32_tmp/106/106-175-12.el32.labeled
dmesg > labeled_gridgen_utility.cpp:66
find /root/cuMatch/scratch/LGF/el32_tmp/107/107-175-12.el32.labeled
dmesg > labeled_gridgen_utility.cpp:66
find /root/cuMatch/scratch/LGF/el32_tmp/108/108-175-12.el32.labeled
dmesg > labeled_gridgen_utility.cpp:66
find /root/cuMatch/scratch/LGF/el32_tmp/109/109-175-12.el32.labeled
dmesg > labeled_gridgen_utility.cpp:66
find /root/cuMatch/scratch/LGF/el32_tmp/110/110-175-12.el32.labeled
dmesg > labeled_gridgen_utility.cpp:66
find /root/cuMatch/scratch/LGF/el32_tmp/186/186-175-11.el32.labeled
dmesg > labeled_gridgen_utility.cpp:66
find /root/cuMatch/scratch/LGF/el32_tmp/5/5-176-0.el32.labeled
dmesg > labeled_gridgen_utility.cpp:66
find /root/cuMatch/scratch/LGF/el32_tmp/110/110-176-12.el32.labeled
dmesg > labeled_gridgen_utility.cpp:66
find /root/cuMatch/scratch/LGF/el32_tmp/111/111-176-12.el32.labeled
dmesg > labeled_gridgen_utility.cpp:66
find /root/cuMatch/scratch/LGF/el32_tmp/112/112-176-12.el32.labeled
dmesg > labeled_gridgen_utility.cpp:66
find /root/cuMatch/scratch/LGF/el32_tmp/113/113-176-12.el32.labeled
dmesg > labeled_gridgen_utility.cpp:66
find /root/cuMatch/scratch/LGF/el32_tmp/114/114-176-12.el32.labeled
dmesg > labeled_gridgen_utility.cpp:66
find /root/cuMatch/scratch/LGF/el32_tmp/186/186-176-11.el32.labeled
dmesg > labeled_gridgen_utility.cpp:66
find /root/cuMatch/scratch/LGF/el32_tmp/5/5-177-0.el32.labeled
dmesg > labeled_gridgen_utility.cpp:66
find /root/cuMatch/scratch/LGF/el32_tmp/114/114-177-12.el32.labeled
dmesg > labeled_gridgen_utility.cpp:66
find /root/cuMatch/scratch/LGF/el32_tmp/115/115-177-12.el32.labeled
dmesg > labeled_gridgen_utility.cpp:66
find /root/cuMatch/scratch/LGF/el32_tmp/116/116-177-12.el32.labeled
dmesg > labeled_gridgen_utility.cpp:66
find /root/cuMatch/scratch/LGF/el32_tmp/117/117-177-12.el32.labeled
dmesg > labeled_gridgen_utility.cpp:66
find /root/cuMatch/scratch/LGF/el32_tmp/118/118-177-12.el32.labeled
dmesg > labeled_gridgen_utility.cpp:66
find /root/cuMatch/scratch/LGF/el32_tmp/186/186-177-11.el32.labeled
dmesg > labeled_gridgen_utility.cpp:66
find /root/cuMatch/scratch/LGF/el32_tmp/5/5-178-0.el32.labeled
dmesg > labeled_gridgen_utility.cpp:66
find /root/cuMatch/scratch/LGF/el32_tmp/118/118-178-12.el32.labeled
dmesg > labeled_gridgen_utility.cpp:66
find /root/cuMatch/scratch/LGF/el32_tmp/119/119-178-12.el32.labeled
dmesg > labeled_gridgen_utility.cpp:66
find /root/cuMatch/scratch/LGF/el32_tmp/120/120-178-12.el32.labeled
dmesg > labeled_gridgen_utility.cpp:66
find /root/cuMatch/scratch/LGF/el32_tmp/121/121-178-12.el32.labeled
dmesg > labeled_gridgen_utility.cpp:66
find /root/cuMatch/scratch/LGF/el32_tmp/122/122-178-12.el32.labeled
dmesg > labeled_gridgen_utility.cpp:66
find /root/cuMatch/scratch/LGF/el32_tmp/123/123-178-12.el32.labeled
dmesg > labeled_gridgen_utility.cpp:66
find /root/cuMatch/scratch/LGF/el32_tmp/186/186-178-11.el32.labeled
dmesg > labeled_gridgen_utility.cpp:66
find /root/cuMatch/scratch/LGF/el32_tmp/5/5-179-0.el32.labeled
dmesg > labeled_gridgen_utility.cpp:66
find /root/cuMatch/scratch/LGF/el32_tmp/123/123-179-12.el32.labeled
dmesg > labeled_gridgen_utility.cpp:66
find /root/cuMatch/scratch/LGF/el32_tmp/124/124-179-12.el32.labeled
dmesg > labeled_gridgen_utility.cpp:66
find /root/cuMatch/scratch/LGF/el32_tmp/125/125-179-12.el32.labeled
dmesg > labeled_gridgen_utility.cpp:66
find /root/cuMatch/scratch/LGF/el32_tmp/126/126-179-12.el32.labeled
dmesg > labeled_gridgen_utility.cpp:66
find /root/cuMatch/scratch/LGF/el32_tmp/127/127-179-12.el32.labeled
dmesg > labeled_gridgen_utility.cpp:66
find /root/cuMatch/scratch/LGF/el32_tmp/186/186-179-11.el32.labeled
dmesg > labeled_gridgen_utility.cpp:66
find /root/cuMatch/scratch/LGF/el32_tmp/5/5-180-0.el32.labeled
dmesg > labeled_gridgen_utility.cpp:66
find /root/cuMatch/scratch/LGF/el32_tmp/127/127-180-12.el32.labeled
dmesg > labeled_gridgen_utility.cpp:66
find /root/cuMatch/scratch/LGF/el32_tmp/128/128-180-12.el32.labeled
dmesg > labeled_gridgen_utility.cpp:66
find /root/cuMatch/scratch/LGF/el32_tmp/129/129-180-12.el32.labeled
dmesg > labeled_gridgen_utility.cpp:66
find /root/cuMatch/scratch/LGF/el32_tmp/130/130-180-12.el32.labeled
dmesg > labeled_gridgen_utility.cpp:66
find /root/cuMatch/scratch/LGF/el32_tmp/131/131-180-12.el32.labeled
dmesg > labeled_gridgen_utility.cpp:66
find /root/cuMatch/scratch/LGF/el32_tmp/186/186-180-11.el32.labeled
dmesg > labeled_gridgen_utility.cpp:66
find /root/cuMatch/scratch/LGF/el32_tmp/5/5-181-0.el32.labeled
dmesg > labeled_gridgen_utility.cpp:66
find /root/cuMatch/scratch/LGF/el32_tmp/131/131-181-12.el32.labeled
dmesg > labeled_gridgen_utility.cpp:66
find /root/cuMatch/scratch/LGF/el32_tmp/132/132-181-12.el32.labeled
dmesg > labeled_gridgen_utility.cpp:66
find /root/cuMatch/scratch/LGF/el32_tmp/133/133-181-12.el32.labeled
dmesg > labeled_gridgen_utility.cpp:66
find /root/cuMatch/scratch/LGF/el32_tmp/134/134-181-12.el32.labeled
dmesg > labeled_gridgen_utility.cpp:66
find /root/cuMatch/scratch/LGF/el32_tmp/135/135-181-12.el32.labeled
dmesg > labeled_gridgen_utility.cpp:66
find /root/cuMatch/scratch/LGF/el32_tmp/186/186-181-11.el32.labeled
dmesg > labeled_gridgen_utility.cpp:66
find /root/cuMatch/scratch/LGF/el32_tmp/5/5-182-0.el32.labeled
dmesg > labeled_gridgen_utility.cpp:66
find /root/cuMatch/scratch/LGF/el32_tmp/135/135-182-12.el32.labeled
dmesg > labeled_gridgen_utility.cpp:66
find /root/cuMatch/scratch/LGF/el32_tmp/136/136-182-12.el32.labeled
dmesg > labeled_gridgen_utility.cpp:66
find /root/cuMatch/scratch/LGF/el32_tmp/137/137-182-12.el32.labeled
dmesg > labeled_gridgen_utility.cpp:66
find /root/cuMatch/scratch/LGF/el32_tmp/138/138-182-12.el32.labeled
dmesg > labeled_gridgen_utility.cpp:66
find /root/cuMatch/scratch/LGF/el32_tmp/139/139-182-12.el32.labeled
dmesg > labeled_gridgen_utility.cpp:66
find /root/cuMatch/scratch/LGF/el32_tmp/140/140-182-12.el32.labeled
dmesg > labeled_gridgen_utility.cpp:66
find /root/cuMatch/scratch/LGF/el32_tmp/186/186-182-11.el32.labeled
dmesg > labeled_gridgen_utility.cpp:66
find /root/cuMatch/scratch/LGF/el32_tmp/5/5-183-0.el32.labeled
dmesg > labeled_gridgen_utility.cpp:66
find /root/cuMatch/scratch/LGF/el32_tmp/6/6-183-0.el32.labeled
dmesg > labeled_gridgen_utility.cpp:66
find /root/cuMatch/scratch/LGF/el32_tmp/140/140-183-12.el32.labeled
dmesg > labeled_gridgen_utility.cpp:66
find /root/cuMatch/scratch/LGF/el32_tmp/141/141-183-12.el32.labeled
dmesg > labeled_gridgen_utility.cpp:66
find /root/cuMatch/scratch/LGF/el32_tmp/142/142-183-12.el32.labeled
dmesg > labeled_gridgen_utility.cpp:66
find /root/cuMatch/scratch/LGF/el32_tmp/143/143-183-12.el32.labeled
dmesg > labeled_gridgen_utility.cpp:66
find /root/cuMatch/scratch/LGF/el32_tmp/144/144-183-12.el32.labeled
dmesg > labeled_gridgen_utility.cpp:66
find /root/cuMatch/scratch/LGF/el32_tmp/186/186-183-11.el32.labeled
dmesg > labeled_gridgen_utility.cpp:66
find /root/cuMatch/scratch/LGF/el32_tmp/6/6-184-0.el32.labeled
dmesg > labeled_gridgen_utility.cpp:66
find /root/cuMatch/scratch/LGF/el32_tmp/144/144-184-12.el32.labeled
dmesg > labeled_gridgen_utility.cpp:66
find /root/cuMatch/scratch/LGF/el32_tmp/145/145-184-12.el32.labeled
dmesg > labeled_gridgen_utility.cpp:66
find /root/cuMatch/scratch/LGF/el32_tmp/146/146-184-12.el32.labeled
dmesg > labeled_gridgen_utility.cpp:66
find /root/cuMatch/scratch/LGF/el32_tmp/147/147-184-12.el32.labeled
dmesg > labeled_gridgen_utility.cpp:66
find /root/cuMatch/scratch/LGF/el32_tmp/148/148-184-12.el32.labeled
dmesg > labeled_gridgen_utility.cpp:66
find /root/cuMatch/scratch/LGF/el32_tmp/186/186-184-11.el32.labeled
dmesg > labeled_gridgen_utility.cpp:66
find /root/cuMatch/scratch/LGF/el32_tmp/6/6-185-0.el32.labeled
dmesg > labeled_gridgen_utility.cpp:66
find /root/cuMatch/scratch/LGF/el32_tmp/148/148-185-12.el32.labeled
dmesg > labeled_gridgen_utility.cpp:66
find /root/cuMatch/scratch/LGF/el32_tmp/149/149-185-12.el32.labeled
dmesg > labeled_gridgen_utility.cpp:66
find /root/cuMatch/scratch/LGF/el32_tmp/150/150-185-12.el32.labeled
dmesg > labeled_gridgen_utility.cpp:66
find /root/cuMatch/scratch/LGF/el32_tmp/151/151-185-12.el32.labeled
dmesg > labeled_gridgen_utility.cpp:66
find /root/cuMatch/scratch/LGF/el32_tmp/186/186-185-11.el32.labeled
dmesg > labeled_gridgen_utility.cpp:66
find /root/cuMatch/scratch/LGF/el32_tmp/4/4-186-3.el32.labeled
dmesg > labeled_gridgen_utility.cpp:66
find /root/cuMatch/scratch/LGF/el32_tmp/4/4-186-4.el32.labeled
dmesg > labeled_gridgen_utility.cpp:66
find /root/cuMatch/scratch/LGF/el32_tmp/5/5-186-3.el32.labeled
dmesg > labeled_gridgen_utility.cpp:66
find /root/cuMatch/scratch/LGF/el32_tmp/5/5-186-4.el32.labeled
dmesg > labeled_gridgen_utility.cpp:66
find /root/cuMatch/scratch/LGF/el32_tmp/6/6-186-3.el32.labeled
dmesg > labeled_gridgen_utility.cpp:66
find /root/cuMatch/scratch/LGF/el32_tmp/6/6-186-4.el32.labeled
dmesg > labeled_gridgen_utility.cpp:66
find /root/cuMatch/scratch/LGF/el32_tmp/7/7-186-1.el32.labeled
dmesg > labeled_gridgen_utility.cpp:66
find /root/cuMatch/scratch/LGF/el32_tmp/8/8-186-1.el32.labeled
dmesg > labeled_gridgen_utility.cpp:66
find /root/cuMatch/scratch/LGF/el32_tmp/9/9-186-1.el32.labeled
dmesg > labeled_gridgen_utility.cpp:66
find /root/cuMatch/scratch/LGF/el32_tmp/10/10-186-1.el32.labeled
dmesg > labeled_gridgen_utility.cpp:66
find /root/cuMatch/scratch/LGF/el32_tmp/11/11-186-1.el32.labeled
dmesg > labeled_gridgen_utility.cpp:66
find /root/cuMatch/scratch/LGF/el32_tmp/12/12-186-1.el32.labeled
dmesg > labeled_gridgen_utility.cpp:66
find /root/cuMatch/scratch/LGF/el32_tmp/13/13-186-1.el32.labeled
dmesg > labeled_gridgen_utility.cpp:66
find /root/cuMatch/scratch/LGF/el32_tmp/14/14-186-1.el32.labeled
dmesg > labeled_gridgen_utility.cpp:66
find /root/cuMatch/scratch/LGF/el32_tmp/15/15-186-1.el32.labeled
dmesg > labeled_gridgen_utility.cpp:66
find /root/cuMatch/scratch/LGF/el32_tmp/16/16-186-1.el32.labeled
dmesg > labeled_gridgen_utility.cpp:66
find /root/cuMatch/scratch/LGF/el32_tmp/17/17-186-1.el32.labeled
dmesg > labeled_gridgen_utility.cpp:66
find /root/cuMatch/scratch/LGF/el32_tmp/18/18-186-1.el32.labeled
dmesg > labeled_gridgen_utility.cpp:66
find /root/cuMatch/scratch/LGF/el32_tmp/19/19-186-1.el32.labeled
dmesg > labeled_gridgen_utility.cpp:66
find /root/cuMatch/scratch/LGF/el32_tmp/20/20-186-1.el32.labeled
dmesg > labeled_gridgen_utility.cpp:66
find /root/cuMatch/scratch/LGF/el32_tmp/21/21-186-1.el32.labeled
dmesg > labeled_gridgen_utility.cpp:66
find /root/cuMatch/scratch/LGF/el32_tmp/22/22-186-1.el32.labeled
dmesg > labeled_gridgen_utility.cpp:66
find /root/cuMatch/scratch/LGF/el32_tmp/23/23-186-1.el32.labeled
dmesg > labeled_gridgen_utility.cpp:66
find /root/cuMatch/scratch/LGF/el32_tmp/24/24-186-1.el32.labeled
dmesg > labeled_gridgen_utility.cpp:66
find /root/cuMatch/scratch/LGF/el32_tmp/25/25-186-1.el32.labeled
dmesg > labeled_gridgen_utility.cpp:66
find /root/cuMatch/scratch/LGF/el32_tmp/26/26-186-1.el32.labeled
dmesg > labeled_gridgen_utility.cpp:66
find /root/cuMatch/scratch/LGF/el32_tmp/27/27-186-1.el32.labeled
dmesg > labeled_gridgen_utility.cpp:66
find /root/cuMatch/scratch/LGF/el32_tmp/28/28-186-1.el32.labeled
dmesg > labeled_gridgen_utility.cpp:66
find /root/cuMatch/scratch/LGF/el32_tmp/29/29-186-1.el32.labeled
dmesg > labeled_gridgen_utility.cpp:66
find /root/cuMatch/scratch/LGF/el32_tmp/30/30-186-1.el32.labeled
dmesg > labeled_gridgen_utility.cpp:66
find /root/cuMatch/scratch/LGF/el32_tmp/31/31-186-1.el32.labeled
dmesg > labeled_gridgen_utility.cpp:66
find /root/cuMatch/scratch/LGF/el32_tmp/32/32-186-1.el32.labeled
dmesg > labeled_gridgen_utility.cpp:66
find /root/cuMatch/scratch/LGF/el32_tmp/33/33-186-1.el32.labeled
dmesg > labeled_gridgen_utility.cpp:66
find /root/cuMatch/scratch/LGF/el32_tmp/34/34-186-1.el32.labeled
dmesg > labeled_gridgen_utility.cpp:66
find /root/cuMatch/scratch/LGF/el32_tmp/35/35-186-1.el32.labeled
dmesg > labeled_gridgen_utility.cpp:66
find /root/cuMatch/scratch/LGF/el32_tmp/36/36-186-1.el32.labeled
dmesg > labeled_gridgen_utility.cpp:66
find /root/cuMatch/scratch/LGF/el32_tmp/37/37-186-1.el32.labeled
dmesg > labeled_gridgen_utility.cpp:66
find /root/cuMatch/scratch/LGF/el32_tmp/38/38-186-1.el32.labeled
dmesg > labeled_gridgen_utility.cpp:66
find /root/cuMatch/scratch/LGF/el32_tmp/39/39-186-1.el32.labeled
dmesg > labeled_gridgen_utility.cpp:66
find /root/cuMatch/scratch/LGF/el32_tmp/40/40-186-1.el32.labeled
dmesg > labeled_gridgen_utility.cpp:66
find /root/cuMatch/scratch/LGF/el32_tmp/41/41-186-1.el32.labeled
dmesg > labeled_gridgen_utility.cpp:66
find /root/cuMatch/scratch/LGF/el32_tmp/42/42-186-1.el32.labeled
dmesg > labeled_gridgen_utility.cpp:66
find /root/cuMatch/scratch/LGF/el32_tmp/43/43-186-1.el32.labeled
dmesg > labeled_gridgen_utility.cpp:66
find /root/cuMatch/scratch/LGF/el32_tmp/44/44-186-1.el32.labeled
dmesg > labeled_gridgen_utility.cpp:66
find /root/cuMatch/scratch/LGF/el32_tmp/45/45-186-1.el32.labeled
dmesg > labeled_gridgen_utility.cpp:66
find /root/cuMatch/scratch/LGF/el32_tmp/46/46-186-1.el32.labeled
dmesg > labeled_gridgen_utility.cpp:66
find /root/cuMatch/scratch/LGF/el32_tmp/47/47-186-1.el32.labeled
dmesg > labeled_gridgen_utility.cpp:66
find /root/cuMatch/scratch/LGF/el32_tmp/48/48-186-1.el32.labeled
dmesg > labeled_gridgen_utility.cpp:66
find /root/cuMatch/scratch/LGF/el32_tmp/49/49-186-1.el32.labeled
dmesg > labeled_gridgen_utility.cpp:66
find /root/cuMatch/scratch/LGF/el32_tmp/50/50-186-1.el32.labeled
dmesg > labeled_gridgen_utility.cpp:66
find /root/cuMatch/scratch/LGF/el32_tmp/51/51-186-1.el32.labeled
dmesg > labeled_gridgen_utility.cpp:66
find /root/cuMatch/scratch/LGF/el32_tmp/52/52-186-1.el32.labeled
dmesg > labeled_gridgen_utility.cpp:66
find /root/cuMatch/scratch/LGF/el32_tmp/53/53-186-1.el32.labeled
dmesg > labeled_gridgen_utility.cpp:66
find /root/cuMatch/scratch/LGF/el32_tmp/54/54-186-1.el32.labeled
dmesg > labeled_gridgen_utility.cpp:66
find /root/cuMatch/scratch/LGF/el32_tmp/55/55-186-1.el32.labeled
dmesg > labeled_gridgen_utility.cpp:66
find /root/cuMatch/scratch/LGF/el32_tmp/56/56-186-1.el32.labeled
dmesg > labeled_gridgen_utility.cpp:66
find /root/cuMatch/scratch/LGF/el32_tmp/57/57-186-1.el32.labeled
dmesg > labeled_gridgen_utility.cpp:66
find /root/cuMatch/scratch/LGF/el32_tmp/58/58-186-1.el32.labeled
dmesg > labeled_gridgen_utility.cpp:66
find /root/cuMatch/scratch/LGF/el32_tmp/59/59-186-1.el32.labeled
dmesg > labeled_gridgen_utility.cpp:66
find /root/cuMatch/scratch/LGF/el32_tmp/60/60-186-1.el32.labeled
dmesg > labeled_gridgen_utility.cpp:66
find /root/cuMatch/scratch/LGF/el32_tmp/61/61-186-1.el32.labeled
dmesg > labeled_gridgen_utility.cpp:66
find /root/cuMatch/scratch/LGF/el32_tmp/62/62-186-1.el32.labeled
dmesg > labeled_gridgen_utility.cpp:66
find /root/cuMatch/scratch/LGF/el32_tmp/63/63-186-1.el32.labeled
dmesg > labeled_gridgen_utility.cpp:66
find /root/cuMatch/scratch/LGF/el32_tmp/64/64-186-1.el32.labeled
dmesg > labeled_gridgen_utility.cpp:66
find /root/cuMatch/scratch/LGF/el32_tmp/65/65-186-1.el32.labeled
dmesg > labeled_gridgen_utility.cpp:66
find /root/cuMatch/scratch/LGF/el32_tmp/66/66-186-1.el32.labeled
dmesg > labeled_gridgen_utility.cpp:66
find /root/cuMatch/scratch/LGF/el32_tmp/67/67-186-1.el32.labeled
dmesg > labeled_gridgen_utility.cpp:66
find /root/cuMatch/scratch/LGF/el32_tmp/68/68-186-1.el32.labeled
dmesg > labeled_gridgen_utility.cpp:66
find /root/cuMatch/scratch/LGF/el32_tmp/69/69-186-1.el32.labeled
dmesg > labeled_gridgen_utility.cpp:66
find /root/cuMatch/scratch/LGF/el32_tmp/70/70-186-1.el32.labeled
dmesg > labeled_gridgen_utility.cpp:66
find /root/cuMatch/scratch/LGF/el32_tmp/71/71-186-1.el32.labeled
dmesg > labeled_gridgen_utility.cpp:66
find /root/cuMatch/scratch/LGF/el32_tmp/72/72-186-1.el32.labeled
dmesg > labeled_gridgen_utility.cpp:66
find /root/cuMatch/scratch/LGF/el32_tmp/73/73-186-1.el32.labeled
dmesg > labeled_gridgen_utility.cpp:66
find /root/cuMatch/scratch/LGF/el32_tmp/74/74-186-1.el32.labeled
dmesg > labeled_gridgen_utility.cpp:66
find /root/cuMatch/scratch/LGF/el32_tmp/75/75-186-1.el32.labeled
dmesg > labeled_gridgen_utility.cpp:66
find /root/cuMatch/scratch/LGF/el32_tmp/76/76-186-1.el32.labeled
dmesg > labeled_gridgen_utility.cpp:66
find /root/cuMatch/scratch/LGF/el32_tmp/77/77-186-1.el32.labeled
dmesg > labeled_gridgen_utility.cpp:66
find /root/cuMatch/scratch/LGF/el32_tmp/78/78-186-1.el32.labeled
dmesg > labeled_gridgen_utility.cpp:66
find /root/cuMatch/scratch/LGF/el32_tmp/79/79-186-1.el32.labeled
dmesg > labeled_gridgen_utility.cpp:66
find /root/cuMatch/scratch/LGF/el32_tmp/80/80-186-1.el32.labeled
dmesg > labeled_gridgen_utility.cpp:66
find /root/cuMatch/scratch/LGF/el32_tmp/81/81-186-1.el32.labeled
dmesg > labeled_gridgen_utility.cpp:66
find /root/cuMatch/scratch/LGF/el32_tmp/82/82-186-1.el32.labeled
dmesg > labeled_gridgen_utility.cpp:66
find /root/cuMatch/scratch/LGF/el32_tmp/83/83-186-1.el32.labeled
dmesg > labeled_gridgen_utility.cpp:66
find /root/cuMatch/scratch/LGF/el32_tmp/84/84-186-1.el32.labeled
dmesg > labeled_gridgen_utility.cpp:66
find /root/cuMatch/scratch/LGF/el32_tmp/85/85-186-1.el32.labeled
dmesg > labeled_gridgen_utility.cpp:66
find /root/cuMatch/scratch/LGF/el32_tmp/86/86-186-1.el32.labeled
dmesg > labeled_gridgen_utility.cpp:66
find /root/cuMatch/scratch/LGF/el32_tmp/87/87-186-1.el32.labeled
dmesg > labeled_gridgen_utility.cpp:66
find /root/cuMatch/scratch/LGF/el32_tmp/88/88-186-1.el32.labeled
dmesg > labeled_gridgen_utility.cpp:66
find /root/cuMatch/scratch/LGF/el32_tmp/89/89-186-1.el32.labeled
dmesg > labeled_gridgen_utility.cpp:66
find /root/cuMatch/scratch/LGF/el32_tmp/90/90-186-1.el32.labeled
dmesg > labeled_gridgen_utility.cpp:66
find /root/cuMatch/scratch/LGF/el32_tmp/91/91-186-1.el32.labeled
dmesg > labeled_gridgen_utility.cpp:66
find /root/cuMatch/scratch/LGF/el32_tmp/92/92-186-1.el32.labeled
dmesg > labeled_gridgen_utility.cpp:66
find /root/cuMatch/scratch/LGF/el32_tmp/93/93-186-1.el32.labeled
dmesg > labeled_gridgen_utility.cpp:66
find /root/cuMatch/scratch/LGF/el32_tmp/94/94-186-1.el32.labeled
dmesg > labeled_gridgen_utility.cpp:66
find /root/cuMatch/scratch/LGF/el32_tmp/95/95-186-1.el32.labeled
dmesg > labeled_gridgen_utility.cpp:66
find /root/cuMatch/scratch/LGF/el32_tmp/96/96-186-1.el32.labeled
dmesg > labeled_gridgen_utility.cpp:66
find /root/cuMatch/scratch/LGF/el32_tmp/97/97-186-1.el32.labeled
dmesg > labeled_gridgen_utility.cpp:66
find /root/cuMatch/scratch/LGF/el32_tmp/98/98-186-1.el32.labeled
dmesg > labeled_gridgen_utility.cpp:66
find /root/cuMatch/scratch/LGF/el32_tmp/99/99-186-1.el32.labeled
dmesg > labeled_gridgen_utility.cpp:66
find /root/cuMatch/scratch/LGF/el32_tmp/100/100-186-1.el32.labeled
dmesg > labeled_gridgen_utility.cpp:66
find /root/cuMatch/scratch/LGF/el32_tmp/101/101-186-1.el32.labeled
dmesg > labeled_gridgen_utility.cpp:66
find /root/cuMatch/scratch/LGF/el32_tmp/102/102-186-1.el32.labeled
dmesg > labeled_gridgen_utility.cpp:66
find /root/cuMatch/scratch/LGF/el32_tmp/103/103-186-1.el32.labeled
dmesg > labeled_gridgen_utility.cpp:66
find /root/cuMatch/scratch/LGF/el32_tmp/104/104-186-1.el32.labeled
dmesg > labeled_gridgen_utility.cpp:66
find /root/cuMatch/scratch/LGF/el32_tmp/105/105-186-1.el32.labeled
dmesg > labeled_gridgen_utility.cpp:66
find /root/cuMatch/scratch/LGF/el32_tmp/106/106-186-1.el32.labeled
dmesg > labeled_gridgen_utility.cpp:66
find /root/cuMatch/scratch/LGF/el32_tmp/107/107-186-1.el32.labeled
dmesg > labeled_gridgen_utility.cpp:66
find /root/cuMatch/scratch/LGF/el32_tmp/108/108-186-1.el32.labeled
dmesg > labeled_gridgen_utility.cpp:66
find /root/cuMatch/scratch/LGF/el32_tmp/109/109-186-1.el32.labeled
dmesg > labeled_gridgen_utility.cpp:66
find /root/cuMatch/scratch/LGF/el32_tmp/110/110-186-1.el32.labeled
dmesg > labeled_gridgen_utility.cpp:66
find /root/cuMatch/scratch/LGF/el32_tmp/111/111-186-1.el32.labeled
dmesg > labeled_gridgen_utility.cpp:66
find /root/cuMatch/scratch/LGF/el32_tmp/112/112-186-1.el32.labeled
dmesg > labeled_gridgen_utility.cpp:66
find /root/cuMatch/scratch/LGF/el32_tmp/113/113-186-1.el32.labeled
dmesg > labeled_gridgen_utility.cpp:66
find /root/cuMatch/scratch/LGF/el32_tmp/114/114-186-1.el32.labeled
dmesg > labeled_gridgen_utility.cpp:66
find /root/cuMatch/scratch/LGF/el32_tmp/115/115-186-1.el32.labeled
dmesg > labeled_gridgen_utility.cpp:66
find /root/cuMatch/scratch/LGF/el32_tmp/116/116-186-1.el32.labeled
dmesg > labeled_gridgen_utility.cpp:66
find /root/cuMatch/scratch/LGF/el32_tmp/117/117-186-1.el32.labeled
dmesg > labeled_gridgen_utility.cpp:66
find /root/cuMatch/scratch/LGF/el32_tmp/118/118-186-1.el32.labeled
dmesg > labeled_gridgen_utility.cpp:66
find /root/cuMatch/scratch/LGF/el32_tmp/119/119-186-1.el32.labeled
dmesg > labeled_gridgen_utility.cpp:66
find /root/cuMatch/scratch/LGF/el32_tmp/120/120-186-1.el32.labeled
dmesg > labeled_gridgen_utility.cpp:66
find /root/cuMatch/scratch/LGF/el32_tmp/121/121-186-1.el32.labeled
dmesg > labeled_gridgen_utility.cpp:66
find /root/cuMatch/scratch/LGF/el32_tmp/122/122-186-1.el32.labeled
dmesg > labeled_gridgen_utility.cpp:66
find /root/cuMatch/scratch/LGF/el32_tmp/123/123-186-1.el32.labeled
dmesg > labeled_gridgen_utility.cpp:66
find /root/cuMatch/scratch/LGF/el32_tmp/124/124-186-1.el32.labeled
dmesg > labeled_gridgen_utility.cpp:66
find /root/cuMatch/scratch/LGF/el32_tmp/125/125-186-1.el32.labeled
dmesg > labeled_gridgen_utility.cpp:66
find /root/cuMatch/scratch/LGF/el32_tmp/126/126-186-1.el32.labeled
dmesg > labeled_gridgen_utility.cpp:66
find /root/cuMatch/scratch/LGF/el32_tmp/127/127-186-1.el32.labeled
dmesg > labeled_gridgen_utility.cpp:66
find /root/cuMatch/scratch/LGF/el32_tmp/128/128-186-1.el32.labeled
dmesg > labeled_gridgen_utility.cpp:66
find /root/cuMatch/scratch/LGF/el32_tmp/129/129-186-1.el32.labeled
dmesg > labeled_gridgen_utility.cpp:66
find /root/cuMatch/scratch/LGF/el32_tmp/130/130-186-1.el32.labeled
dmesg > labeled_gridgen_utility.cpp:66
find /root/cuMatch/scratch/LGF/el32_tmp/131/131-186-1.el32.labeled
dmesg > labeled_gridgen_utility.cpp:66
find /root/cuMatch/scratch/LGF/el32_tmp/132/132-186-1.el32.labeled
dmesg > labeled_gridgen_utility.cpp:66
find /root/cuMatch/scratch/LGF/el32_tmp/133/133-186-1.el32.labeled
dmesg > labeled_gridgen_utility.cpp:66
find /root/cuMatch/scratch/LGF/el32_tmp/134/134-186-1.el32.labeled
dmesg > labeled_gridgen_utility.cpp:66
find /root/cuMatch/scratch/LGF/el32_tmp/135/135-186-1.el32.labeled
dmesg > labeled_gridgen_utility.cpp:66
find /root/cuMatch/scratch/LGF/el32_tmp/136/136-186-1.el32.labeled
dmesg > labeled_gridgen_utility.cpp:66
find /root/cuMatch/scratch/LGF/el32_tmp/137/137-186-1.el32.labeled
dmesg > labeled_gridgen_utility.cpp:66
find /root/cuMatch/scratch/LGF/el32_tmp/138/138-186-1.el32.labeled
dmesg > labeled_gridgen_utility.cpp:66
find /root/cuMatch/scratch/LGF/el32_tmp/139/139-186-1.el32.labeled
dmesg > labeled_gridgen_utility.cpp:66
find /root/cuMatch/scratch/LGF/el32_tmp/140/140-186-1.el32.labeled
dmesg > labeled_gridgen_utility.cpp:66
find /root/cuMatch/scratch/LGF/el32_tmp/141/141-186-1.el32.labeled
dmesg > labeled_gridgen_utility.cpp:66
find /root/cuMatch/scratch/LGF/el32_tmp/142/142-186-1.el32.labeled
dmesg > labeled_gridgen_utility.cpp:66
find /root/cuMatch/scratch/LGF/el32_tmp/143/143-186-1.el32.labeled
dmesg > labeled_gridgen_utility.cpp:66
find /root/cuMatch/scratch/LGF/el32_tmp/144/144-186-1.el32.labeled
dmesg > labeled_gridgen_utility.cpp:66
find /root/cuMatch/scratch/LGF/el32_tmp/145/145-186-1.el32.labeled
dmesg > labeled_gridgen_utility.cpp:66
find /root/cuMatch/scratch/LGF/el32_tmp/146/146-186-1.el32.labeled
dmesg > labeled_gridgen_utility.cpp:66
find /root/cuMatch/scratch/LGF/el32_tmp/147/147-186-1.el32.labeled
dmesg > labeled_gridgen_utility.cpp:66
find /root/cuMatch/scratch/LGF/el32_tmp/148/148-186-1.el32.labeled
dmesg > labeled_gridgen_utility.cpp:66
find /root/cuMatch/scratch/LGF/el32_tmp/149/149-186-1.el32.labeled
dmesg > labeled_gridgen_utility.cpp:66
find /root/cuMatch/scratch/LGF/el32_tmp/150/150-186-1.el32.labeled
dmesg > labeled_gridgen_utility.cpp:66
find /root/cuMatch/scratch/LGF/el32_tmp/151/151-186-1.el32.labeled
dmesg > labeled_gridgen_utility.cpp:66
find /root/cuMatch/scratch/LGF/el32_tmp/152/152-186-1.el32.labeled
dmesg > labeled_gridgen_utility.cpp:66
find /root/cuMatch/scratch/LGF/el32_tmp/153/153-186-1.el32.labeled
dmesg > labeled_gridgen_utility.cpp:66
find /root/cuMatch/scratch/LGF/el32_tmp/154/154-186-1.el32.labeled
dmesg > labeled_gridgen_utility.cpp:66
find /root/cuMatch/scratch/LGF/el32_tmp/155/155-186-1.el32.labeled
dmesg > labeled_gridgen_utility.cpp:66
find /root/cuMatch/scratch/LGF/el32_tmp/156/156-186-1.el32.labeled
dmesg > labeled_gridgen_utility.cpp:66
find /root/cuMatch/scratch/LGF/el32_tmp/157/157-186-1.el32.labeled
dmesg > labeled_gridgen_utility.cpp:66
find /root/cuMatch/scratch/LGF/el32_tmp/158/158-186-1.el32.labeled
dmesg > labeled_gridgen_utility.cpp:66
find /root/cuMatch/scratch/LGF/el32_tmp/159/159-186-1.el32.labeled
dmesg > labeled_gridgen_utility.cpp:66
find /root/cuMatch/scratch/LGF/el32_tmp/160/160-186-1.el32.labeled
dmesg > labeled_gridgen_utility.cpp:66
find /root/cuMatch/scratch/LGF/el32_tmp/161/161-186-1.el32.labeled
dmesg > labeled_gridgen_utility.cpp:66
find /root/cuMatch/scratch/LGF/el32_tmp/162/162-186-1.el32.labeled
dmesg > labeled_gridgen_utility.cpp:66
find /root/cuMatch/scratch/LGF/el32_tmp/163/163-186-1.el32.labeled
dmesg > labeled_gridgen_utility.cpp:66
find /root/cuMatch/scratch/LGF/el32_tmp/164/164-186-1.el32.labeled
dmesg > labeled_gridgen_utility.cpp:66
find /root/cuMatch/scratch/LGF/el32_tmp/165/165-186-1.el32.labeled
dmesg > labeled_gridgen_utility.cpp:66
find /root/cuMatch/scratch/LGF/el32_tmp/166/166-186-1.el32.labeled
dmesg > labeled_gridgen_utility.cpp:66
find /root/cuMatch/scratch/LGF/el32_tmp/167/167-186-1.el32.labeled
dmesg > labeled_gridgen_utility.cpp:66
find /root/cuMatch/scratch/LGF/el32_tmp/168/168-186-1.el32.labeled
dmesg > labeled_gridgen_utility.cpp:66
find /root/cuMatch/scratch/LGF/el32_tmp/169/169-186-1.el32.labeled
dmesg > labeled_gridgen_utility.cpp:66
find /root/cuMatch/scratch/LGF/el32_tmp/170/170-186-1.el32.labeled
dmesg > labeled_gridgen_utility.cpp:66
find /root/cuMatch/scratch/LGF/el32_tmp/171/171-186-1.el32.labeled
dmesg > labeled_gridgen_utility.cpp:66
find /root/cuMatch/scratch/LGF/el32_tmp/172/172-186-1.el32.labeled
dmesg > labeled_gridgen_utility.cpp:66
find /root/cuMatch/scratch/LGF/el32_tmp/173/173-186-1.el32.labeled
dmesg > labeled_gridgen_utility.cpp:66
find /root/cuMatch/scratch/LGF/el32_tmp/174/174-186-1.el32.labeled
dmesg > labeled_gridgen_utility.cpp:66
find /root/cuMatch/scratch/LGF/el32_tmp/175/175-186-1.el32.labeled
dmesg > labeled_gridgen_utility.cpp:66
find /root/cuMatch/scratch/LGF/el32_tmp/176/176-186-1.el32.labeled
dmesg > labeled_gridgen_utility.cpp:66
find /root/cuMatch/scratch/LGF/el32_tmp/177/177-186-1.el32.labeled
dmesg > labeled_gridgen_utility.cpp:66
find /root/cuMatch/scratch/LGF/el32_tmp/178/178-186-1.el32.labeled
dmesg > labeled_gridgen_utility.cpp:66
find /root/cuMatch/scratch/LGF/el32_tmp/179/179-186-1.el32.labeled
dmesg > labeled_gridgen_utility.cpp:66
find /root/cuMatch/scratch/LGF/el32_tmp/180/180-186-1.el32.labeled
dmesg > labeled_gridgen_utility.cpp:66
find /root/cuMatch/scratch/LGF/el32_tmp/181/181-186-1.el32.labeled
dmesg > labeled_gridgen_utility.cpp:66
find /root/cuMatch/scratch/LGF/el32_tmp/182/182-186-1.el32.labeled
dmesg > labeled_gridgen_utility.cpp:66
find /root/cuMatch/scratch/LGF/el32_tmp/183/183-186-1.el32.labeled
dmesg > labeled_gridgen_utility.cpp:66
find /root/cuMatch/scratch/LGF/el32_tmp/184/184-186-1.el32.labeled
dmesg > labeled_gridgen_utility.cpp:66
find /root/cuMatch/scratch/LGF/el32_tmp/185/185-186-1.el32.labeled
dmesg > labeled_gridgen_utility.cpp:66
find /root/cuMatch/scratch/LGF/el32_tmp/186/186-186-10.el32.labeled
dmesg > labeled_gridgen_utility.cpp:66
find /root/cuMatch/scratch/LGF/el32_tmp/4/4-187-5.el32.labeled
dmesg > labeled_gridgen_utility.cpp:66
find /root/cuMatch/scratch/LGF/el32_tmp/5/5-187-5.el32.labeled
dmesg > labeled_gridgen_utility.cpp:66
find /root/cuMatch/scratch/LGF/el32_tmp/6/6-187-5.el32.labeled
dmesg > labeled_gridgen_utility.cpp:66
find /root/cuMatch/scratch/LGF/el32_tmp/7/7-187-5.el32.labeled
dmesg > labeled_gridgen_utility.cpp:66
find /root/cuMatch/scratch/LGF/el32_tmp/8/8-187-5.el32.labeled
dmesg > labeled_gridgen_utility.cpp:66
find /root/cuMatch/scratch/LGF/el32_tmp/9/9-187-5.el32.labeled
dmesg > labeled_gridgen_utility.cpp:66
find /root/cuMatch/scratch/LGF/el32_tmp/10/10-187-5.el32.labeled
dmesg > labeled_gridgen_utility.cpp:66
find /root/cuMatch/scratch/LGF/el32_tmp/11/11-187-5.el32.labeled
dmesg > labeled_gridgen_utility.cpp:66
find /root/cuMatch/scratch/LGF/el32_tmp/12/12-187-5.el32.labeled
dmesg > labeled_gridgen_utility.cpp:66
find /root/cuMatch/scratch/LGF/el32_tmp/13/13-187-5.el32.labeled
dmesg > labeled_gridgen_utility.cpp:66
find /root/cuMatch/scratch/LGF/el32_tmp/14/14-187-5.el32.labeled
dmesg > labeled_gridgen_utility.cpp:66
find /root/cuMatch/scratch/LGF/el32_tmp/15/15-187-5.el32.labeled
dmesg > labeled_gridgen_utility.cpp:66
find /root/cuMatch/scratch/LGF/el32_tmp/16/16-187-5.el32.labeled
dmesg > labeled_gridgen_utility.cpp:66
find /root/cuMatch/scratch/LGF/el32_tmp/17/17-187-5.el32.labeled
dmesg > labeled_gridgen_utility.cpp:66
find /root/cuMatch/scratch/LGF/el32_tmp/18/18-187-5.el32.labeled
dmesg > labeled_gridgen_utility.cpp:66
find /root/cuMatch/scratch/LGF/el32_tmp/19/19-187-5.el32.labeled
dmesg > labeled_gridgen_utility.cpp:66
find /root/cuMatch/scratch/LGF/el32_tmp/20/20-187-5.el32.labeled
dmesg > labeled_gridgen_utility.cpp:66
find /root/cuMatch/scratch/LGF/el32_tmp/21/21-187-5.el32.labeled
dmesg > labeled_gridgen_utility.cpp:66
find /root/cuMatch/scratch/LGF/el32_tmp/22/22-187-5.el32.labeled
dmesg > labeled_gridgen_utility.cpp:66
find /root/cuMatch/scratch/LGF/el32_tmp/23/23-187-5.el32.labeled
dmesg > labeled_gridgen_utility.cpp:66
find /root/cuMatch/scratch/LGF/el32_tmp/24/24-187-5.el32.labeled
dmesg > labeled_gridgen_utility.cpp:66
find /root/cuMatch/scratch/LGF/el32_tmp/25/25-187-5.el32.labeled
dmesg > labeled_gridgen_utility.cpp:66
find /root/cuMatch/scratch/LGF/el32_tmp/26/26-187-5.el32.labeled
dmesg > labeled_gridgen_utility.cpp:66
find /root/cuMatch/scratch/LGF/el32_tmp/27/27-187-5.el32.labeled
dmesg > labeled_gridgen_utility.cpp:66
find /root/cuMatch/scratch/LGF/el32_tmp/28/28-187-5.el32.labeled
dmesg > labeled_gridgen_utility.cpp:66
find /root/cuMatch/scratch/LGF/el32_tmp/29/29-187-5.el32.labeled
dmesg > labeled_gridgen_utility.cpp:66
find /root/cuMatch/scratch/LGF/el32_tmp/30/30-187-5.el32.labeled
dmesg > labeled_gridgen_utility.cpp:66
find /root/cuMatch/scratch/LGF/el32_tmp/31/31-187-5.el32.labeled
dmesg > labeled_gridgen_utility.cpp:66
find /root/cuMatch/scratch/LGF/el32_tmp/32/32-187-5.el32.labeled
dmesg > labeled_gridgen_utility.cpp:66
find /root/cuMatch/scratch/LGF/el32_tmp/33/33-187-5.el32.labeled
dmesg > labeled_gridgen_utility.cpp:66
find /root/cuMatch/scratch/LGF/el32_tmp/34/34-187-5.el32.labeled
dmesg > labeled_gridgen_utility.cpp:66
find /root/cuMatch/scratch/LGF/el32_tmp/35/35-187-5.el32.labeled
dmesg > labeled_gridgen_utility.cpp:66
find /root/cuMatch/scratch/LGF/el32_tmp/36/36-187-5.el32.labeled
dmesg > labeled_gridgen_utility.cpp:66
find /root/cuMatch/scratch/LGF/el32_tmp/37/37-187-5.el32.labeled
dmesg > labeled_gridgen_utility.cpp:66
find /root/cuMatch/scratch/LGF/el32_tmp/38/38-187-5.el32.labeled
dmesg > labeled_gridgen_utility.cpp:66
find /root/cuMatch/scratch/LGF/el32_tmp/39/39-187-5.el32.labeled
dmesg > labeled_gridgen_utility.cpp:66
find /root/cuMatch/scratch/LGF/el32_tmp/40/40-187-5.el32.labeled
dmesg > labeled_gridgen_utility.cpp:66
find /root/cuMatch/scratch/LGF/el32_tmp/41/41-187-5.el32.labeled
dmesg > labeled_gridgen_utility.cpp:66
find /root/cuMatch/scratch/LGF/el32_tmp/42/42-187-5.el32.labeled
dmesg > labeled_gridgen_utility.cpp:66
find /root/cuMatch/scratch/LGF/el32_tmp/43/43-187-5.el32.labeled
dmesg > labeled_gridgen_utility.cpp:66
find /root/cuMatch/scratch/LGF/el32_tmp/44/44-187-5.el32.labeled
dmesg > labeled_gridgen_utility.cpp:66
find /root/cuMatch/scratch/LGF/el32_tmp/45/45-187-5.el32.labeled
dmesg > labeled_gridgen_utility.cpp:66
find /root/cuMatch/scratch/LGF/el32_tmp/46/46-187-5.el32.labeled
dmesg > labeled_gridgen_utility.cpp:66
find /root/cuMatch/scratch/LGF/el32_tmp/47/47-187-5.el32.labeled
dmesg > labeled_gridgen_utility.cpp:66
find /root/cuMatch/scratch/LGF/el32_tmp/48/48-187-5.el32.labeled
dmesg > labeled_gridgen_utility.cpp:66
find /root/cuMatch/scratch/LGF/el32_tmp/49/49-187-5.el32.labeled
dmesg > labeled_gridgen_utility.cpp:66
find /root/cuMatch/scratch/LGF/el32_tmp/50/50-187-5.el32.labeled
dmesg > labeled_gridgen_utility.cpp:66
find /root/cuMatch/scratch/LGF/el32_tmp/51/51-187-5.el32.labeled
dmesg > labeled_gridgen_utility.cpp:66
find /root/cuMatch/scratch/LGF/el32_tmp/52/52-187-5.el32.labeled
dmesg > labeled_gridgen_utility.cpp:66
find /root/cuMatch/scratch/LGF/el32_tmp/53/53-187-5.el32.labeled
dmesg > labeled_gridgen_utility.cpp:66
find /root/cuMatch/scratch/LGF/el32_tmp/54/54-187-5.el32.labeled
dmesg > labeled_gridgen_utility.cpp:66
find /root/cuMatch/scratch/LGF/el32_tmp/55/55-187-5.el32.labeled
dmesg > labeled_gridgen_utility.cpp:66
find /root/cuMatch/scratch/LGF/el32_tmp/56/56-187-5.el32.labeled
dmesg > labeled_gridgen_utility.cpp:66
find /root/cuMatch/scratch/LGF/el32_tmp/57/57-187-5.el32.labeled
dmesg > labeled_gridgen_utility.cpp:66
find /root/cuMatch/scratch/LGF/el32_tmp/58/58-187-5.el32.labeled
dmesg > labeled_gridgen_utility.cpp:66
find /root/cuMatch/scratch/LGF/el32_tmp/59/59-187-5.el32.labeled
dmesg > labeled_gridgen_utility.cpp:66
find /root/cuMatch/scratch/LGF/el32_tmp/60/60-187-5.el32.labeled
dmesg > labeled_gridgen_utility.cpp:66
find /root/cuMatch/scratch/LGF/el32_tmp/61/61-187-5.el32.labeled
dmesg > labeled_gridgen_utility.cpp:66
find /root/cuMatch/scratch/LGF/el32_tmp/62/62-187-5.el32.labeled
dmesg > labeled_gridgen_utility.cpp:66
find /root/cuMatch/scratch/LGF/el32_tmp/63/63-187-5.el32.labeled
dmesg > labeled_gridgen_utility.cpp:66
find /root/cuMatch/scratch/LGF/el32_tmp/64/64-187-5.el32.labeled
dmesg > labeled_gridgen_utility.cpp:66
find /root/cuMatch/scratch/LGF/el32_tmp/65/65-187-5.el32.labeled
dmesg > labeled_gridgen_utility.cpp:66
find /root/cuMatch/scratch/LGF/el32_tmp/66/66-187-5.el32.labeled
dmesg > labeled_gridgen_utility.cpp:66
find /root/cuMatch/scratch/LGF/el32_tmp/67/67-187-5.el32.labeled
dmesg > labeled_gridgen_utility.cpp:66
find /root/cuMatch/scratch/LGF/el32_tmp/68/68-187-5.el32.labeled
dmesg > labeled_gridgen_utility.cpp:66
find /root/cuMatch/scratch/LGF/el32_tmp/69/69-187-5.el32.labeled
dmesg > labeled_gridgen_utility.cpp:66
find /root/cuMatch/scratch/LGF/el32_tmp/70/70-187-5.el32.labeled
dmesg > labeled_gridgen_utility.cpp:66
find /root/cuMatch/scratch/LGF/el32_tmp/71/71-187-5.el32.labeled
dmesg > labeled_gridgen_utility.cpp:66
find /root/cuMatch/scratch/LGF/el32_tmp/72/72-187-5.el32.labeled
dmesg > labeled_gridgen_utility.cpp:66
find /root/cuMatch/scratch/LGF/el32_tmp/73/73-187-5.el32.labeled
dmesg > labeled_gridgen_utility.cpp:66
find /root/cuMatch/scratch/LGF/el32_tmp/74/74-187-5.el32.labeled
dmesg > labeled_gridgen_utility.cpp:66
find /root/cuMatch/scratch/LGF/el32_tmp/75/75-187-5.el32.labeled
dmesg > labeled_gridgen_utility.cpp:66
find /root/cuMatch/scratch/LGF/el32_tmp/76/76-187-5.el32.labeled
dmesg > labeled_gridgen_utility.cpp:66
find /root/cuMatch/scratch/LGF/el32_tmp/77/77-187-5.el32.labeled
dmesg > labeled_gridgen_utility.cpp:66
find /root/cuMatch/scratch/LGF/el32_tmp/78/78-187-5.el32.labeled
dmesg > labeled_gridgen_utility.cpp:66
find /root/cuMatch/scratch/LGF/el32_tmp/79/79-187-5.el32.labeled
dmesg > labeled_gridgen_utility.cpp:66
find /root/cuMatch/scratch/LGF/el32_tmp/80/80-187-5.el32.labeled
dmesg > labeled_gridgen_utility.cpp:66
find /root/cuMatch/scratch/LGF/el32_tmp/81/81-187-5.el32.labeled
dmesg > labeled_gridgen_utility.cpp:66
find /root/cuMatch/scratch/LGF/el32_tmp/82/82-187-5.el32.labeled
dmesg > labeled_gridgen_utility.cpp:66
find /root/cuMatch/scratch/LGF/el32_tmp/83/83-187-5.el32.labeled
dmesg > labeled_gridgen_utility.cpp:66
find /root/cuMatch/scratch/LGF/el32_tmp/84/84-187-5.el32.labeled
dmesg > labeled_gridgen_utility.cpp:66
find /root/cuMatch/scratch/LGF/el32_tmp/85/85-187-5.el32.labeled
dmesg > labeled_gridgen_utility.cpp:66
find /root/cuMatch/scratch/LGF/el32_tmp/86/86-187-5.el32.labeled
dmesg > labeled_gridgen_utility.cpp:66
find /root/cuMatch/scratch/LGF/el32_tmp/87/87-187-5.el32.labeled
dmesg > labeled_gridgen_utility.cpp:66
find /root/cuMatch/scratch/LGF/el32_tmp/88/88-187-5.el32.labeled
dmesg > labeled_gridgen_utility.cpp:66
find /root/cuMatch/scratch/LGF/el32_tmp/89/89-187-5.el32.labeled
dmesg > labeled_gridgen_utility.cpp:66
find /root/cuMatch/scratch/LGF/el32_tmp/90/90-187-5.el32.labeled
dmesg > labeled_gridgen_utility.cpp:66
find /root/cuMatch/scratch/LGF/el32_tmp/91/91-187-5.el32.labeled
dmesg > labeled_gridgen_utility.cpp:66
find /root/cuMatch/scratch/LGF/el32_tmp/92/92-187-5.el32.labeled
dmesg > labeled_gridgen_utility.cpp:66
find /root/cuMatch/scratch/LGF/el32_tmp/93/93-187-5.el32.labeled
dmesg > labeled_gridgen_utility.cpp:66
find /root/cuMatch/scratch/LGF/el32_tmp/94/94-187-5.el32.labeled
dmesg > labeled_gridgen_utility.cpp:66
find /root/cuMatch/scratch/LGF/el32_tmp/95/95-187-5.el32.labeled
dmesg > labeled_gridgen_utility.cpp:66
find /root/cuMatch/scratch/LGF/el32_tmp/96/96-187-5.el32.labeled
dmesg > labeled_gridgen_utility.cpp:66
find /root/cuMatch/scratch/LGF/el32_tmp/97/97-187-5.el32.labeled
dmesg > labeled_gridgen_utility.cpp:66
find /root/cuMatch/scratch/LGF/el32_tmp/98/98-187-5.el32.labeled
dmesg > labeled_gridgen_utility.cpp:66
find /root/cuMatch/scratch/LGF/el32_tmp/99/99-187-5.el32.labeled
dmesg > labeled_gridgen_utility.cpp:66
find /root/cuMatch/scratch/LGF/el32_tmp/100/100-187-5.el32.labeled
dmesg > labeled_gridgen_utility.cpp:66
find /root/cuMatch/scratch/LGF/el32_tmp/101/101-187-5.el32.labeled
dmesg > labeled_gridgen_utility.cpp:66
find /root/cuMatch/scratch/LGF/el32_tmp/102/102-187-5.el32.labeled
dmesg > labeled_gridgen_utility.cpp:66
find /root/cuMatch/scratch/LGF/el32_tmp/103/103-187-5.el32.labeled
dmesg > labeled_gridgen_utility.cpp:66
find /root/cuMatch/scratch/LGF/el32_tmp/104/104-187-5.el32.labeled
dmesg > labeled_gridgen_utility.cpp:66
find /root/cuMatch/scratch/LGF/el32_tmp/105/105-187-5.el32.labeled
dmesg > labeled_gridgen_utility.cpp:66
find /root/cuMatch/scratch/LGF/el32_tmp/106/106-187-5.el32.labeled
dmesg > labeled_gridgen_utility.cpp:66
find /root/cuMatch/scratch/LGF/el32_tmp/107/107-187-5.el32.labeled
dmesg > labeled_gridgen_utility.cpp:66
find /root/cuMatch/scratch/LGF/el32_tmp/108/108-187-5.el32.labeled
dmesg > labeled_gridgen_utility.cpp:66
find /root/cuMatch/scratch/LGF/el32_tmp/109/109-187-5.el32.labeled
dmesg > labeled_gridgen_utility.cpp:66
find /root/cuMatch/scratch/LGF/el32_tmp/110/110-187-5.el32.labeled
dmesg > labeled_gridgen_utility.cpp:66
find /root/cuMatch/scratch/LGF/el32_tmp/111/111-187-5.el32.labeled
dmesg > labeled_gridgen_utility.cpp:66
find /root/cuMatch/scratch/LGF/el32_tmp/112/112-187-5.el32.labeled
dmesg > labeled_gridgen_utility.cpp:66
find /root/cuMatch/scratch/LGF/el32_tmp/113/113-187-5.el32.labeled
dmesg > labeled_gridgen_utility.cpp:66
find /root/cuMatch/scratch/LGF/el32_tmp/114/114-187-5.el32.labeled
dmesg > labeled_gridgen_utility.cpp:66
find /root/cuMatch/scratch/LGF/el32_tmp/115/115-187-5.el32.labeled
dmesg > labeled_gridgen_utility.cpp:66
find /root/cuMatch/scratch/LGF/el32_tmp/116/116-187-5.el32.labeled
dmesg > labeled_gridgen_utility.cpp:66
find /root/cuMatch/scratch/LGF/el32_tmp/117/117-187-5.el32.labeled
dmesg > labeled_gridgen_utility.cpp:66
find /root/cuMatch/scratch/LGF/el32_tmp/118/118-187-5.el32.labeled
dmesg > labeled_gridgen_utility.cpp:66
find /root/cuMatch/scratch/LGF/el32_tmp/119/119-187-5.el32.labeled
dmesg > labeled_gridgen_utility.cpp:66
find /root/cuMatch/scratch/LGF/el32_tmp/120/120-187-5.el32.labeled
dmesg > labeled_gridgen_utility.cpp:66
find /root/cuMatch/scratch/LGF/el32_tmp/121/121-187-5.el32.labeled
dmesg > labeled_gridgen_utility.cpp:66
find /root/cuMatch/scratch/LGF/el32_tmp/122/122-187-5.el32.labeled
dmesg > labeled_gridgen_utility.cpp:66
find /root/cuMatch/scratch/LGF/el32_tmp/123/123-187-5.el32.labeled
dmesg > labeled_gridgen_utility.cpp:66
find /root/cuMatch/scratch/LGF/el32_tmp/124/124-187-5.el32.labeled
dmesg > labeled_gridgen_utility.cpp:66
find /root/cuMatch/scratch/LGF/el32_tmp/125/125-187-5.el32.labeled
dmesg > labeled_gridgen_utility.cpp:66
find /root/cuMatch/scratch/LGF/el32_tmp/126/126-187-5.el32.labeled
dmesg > labeled_gridgen_utility.cpp:66
find /root/cuMatch/scratch/LGF/el32_tmp/127/127-187-5.el32.labeled
dmesg > labeled_gridgen_utility.cpp:66
find /root/cuMatch/scratch/LGF/el32_tmp/128/128-187-5.el32.labeled
dmesg > labeled_gridgen_utility.cpp:66
find /root/cuMatch/scratch/LGF/el32_tmp/129/129-187-5.el32.labeled
dmesg > labeled_gridgen_utility.cpp:66
find /root/cuMatch/scratch/LGF/el32_tmp/130/130-187-5.el32.labeled
dmesg > labeled_gridgen_utility.cpp:66
find /root/cuMatch/scratch/LGF/el32_tmp/131/131-187-5.el32.labeled
dmesg > labeled_gridgen_utility.cpp:66
find /root/cuMatch/scratch/LGF/el32_tmp/132/132-187-5.el32.labeled
dmesg > labeled_gridgen_utility.cpp:66
find /root/cuMatch/scratch/LGF/el32_tmp/133/133-187-5.el32.labeled
dmesg > labeled_gridgen_utility.cpp:66
find /root/cuMatch/scratch/LGF/el32_tmp/134/134-187-5.el32.labeled
dmesg > labeled_gridgen_utility.cpp:66
find /root/cuMatch/scratch/LGF/el32_tmp/135/135-187-5.el32.labeled
dmesg > labeled_gridgen_utility.cpp:66
find /root/cuMatch/scratch/LGF/el32_tmp/136/136-187-5.el32.labeled
dmesg > labeled_gridgen_utility.cpp:66
find /root/cuMatch/scratch/LGF/el32_tmp/137/137-187-5.el32.labeled
dmesg > labeled_gridgen_utility.cpp:66
find /root/cuMatch/scratch/LGF/el32_tmp/138/138-187-5.el32.labeled
dmesg > labeled_gridgen_utility.cpp:66
find /root/cuMatch/scratch/LGF/el32_tmp/139/139-187-5.el32.labeled
dmesg > labeled_gridgen_utility.cpp:66
find /root/cuMatch/scratch/LGF/el32_tmp/140/140-187-5.el32.labeled
dmesg > labeled_gridgen_utility.cpp:66
find /root/cuMatch/scratch/LGF/el32_tmp/141/141-187-5.el32.labeled
dmesg > labeled_gridgen_utility.cpp:66
find /root/cuMatch/scratch/LGF/el32_tmp/142/142-187-5.el32.labeled
dmesg > labeled_gridgen_utility.cpp:66
find /root/cuMatch/scratch/LGF/el32_tmp/143/143-187-5.el32.labeled
dmesg > labeled_gridgen_utility.cpp:66
find /root/cuMatch/scratch/LGF/el32_tmp/144/144-187-5.el32.labeled
dmesg > labeled_gridgen_utility.cpp:66
find /root/cuMatch/scratch/LGF/el32_tmp/145/145-187-5.el32.labeled
dmesg > labeled_gridgen_utility.cpp:66
find /root/cuMatch/scratch/LGF/el32_tmp/146/146-187-5.el32.labeled
dmesg > labeled_gridgen_utility.cpp:66
find /root/cuMatch/scratch/LGF/el32_tmp/147/147-187-5.el32.labeled
dmesg > labeled_gridgen_utility.cpp:66
find /root/cuMatch/scratch/LGF/el32_tmp/148/148-187-5.el32.labeled
dmesg > labeled_gridgen_utility.cpp:66
find /root/cuMatch/scratch/LGF/el32_tmp/149/149-187-5.el32.labeled
dmesg > labeled_gridgen_utility.cpp:66
find /root/cuMatch/scratch/LGF/el32_tmp/150/150-187-5.el32.labeled
dmesg > labeled_gridgen_utility.cpp:66
find /root/cuMatch/scratch/LGF/el32_tmp/151/151-187-5.el32.labeled
dmesg > labeled_gridgen_utility.cpp:66
find /root/cuMatch/scratch/LGF/el32_tmp/152/152-187-5.el32.labeled
dmesg > labeled_gridgen_utility.cpp:66
find /root/cuMatch/scratch/LGF/el32_tmp/153/153-187-5.el32.labeled
dmesg > labeled_gridgen_utility.cpp:66
find /root/cuMatch/scratch/LGF/el32_tmp/154/154-187-5.el32.labeled
dmesg > labeled_gridgen_utility.cpp:66
find /root/cuMatch/scratch/LGF/el32_tmp/155/155-187-5.el32.labeled
dmesg > labeled_gridgen_utility.cpp:66
find /root/cuMatch/scratch/LGF/el32_tmp/156/156-187-5.el32.labeled
dmesg > labeled_gridgen_utility.cpp:66
find /root/cuMatch/scratch/LGF/el32_tmp/157/157-187-5.el32.labeled
dmesg > labeled_gridgen_utility.cpp:66
find /root/cuMatch/scratch/LGF/el32_tmp/158/158-187-5.el32.labeled
dmesg > labeled_gridgen_utility.cpp:66
find /root/cuMatch/scratch/LGF/el32_tmp/159/159-187-5.el32.labeled
dmesg > labeled_gridgen_utility.cpp:66
find /root/cuMatch/scratch/LGF/el32_tmp/160/160-187-5.el32.labeled
dmesg > labeled_gridgen_utility.cpp:66
find /root/cuMatch/scratch/LGF/el32_tmp/161/161-187-5.el32.labeled
dmesg > labeled_gridgen_utility.cpp:66
find /root/cuMatch/scratch/LGF/el32_tmp/162/162-187-5.el32.labeled
dmesg > labeled_gridgen_utility.cpp:66
find /root/cuMatch/scratch/LGF/el32_tmp/163/163-187-5.el32.labeled
dmesg > labeled_gridgen_utility.cpp:66
find /root/cuMatch/scratch/LGF/el32_tmp/164/164-187-5.el32.labeled
dmesg > labeled_gridgen_utility.cpp:66
find /root/cuMatch/scratch/LGF/el32_tmp/165/165-187-5.el32.labeled
dmesg > labeled_gridgen_utility.cpp:66
find /root/cuMatch/scratch/LGF/el32_tmp/166/166-187-5.el32.labeled
dmesg > labeled_gridgen_utility.cpp:66
find /root/cuMatch/scratch/LGF/el32_tmp/167/167-187-5.el32.labeled
dmesg > labeled_gridgen_utility.cpp:66
find /root/cuMatch/scratch/LGF/el32_tmp/168/168-187-5.el32.labeled
dmesg > labeled_gridgen_utility.cpp:66
find /root/cuMatch/scratch/LGF/el32_tmp/169/169-187-5.el32.labeled
dmesg > labeled_gridgen_utility.cpp:66
find /root/cuMatch/scratch/LGF/el32_tmp/170/170-187-5.el32.labeled
dmesg > labeled_gridgen_utility.cpp:66
find /root/cuMatch/scratch/LGF/el32_tmp/171/171-187-5.el32.labeled
dmesg > labeled_gridgen_utility.cpp:66
find /root/cuMatch/scratch/LGF/el32_tmp/172/172-187-5.el32.labeled
dmesg > labeled_gridgen_utility.cpp:66
find /root/cuMatch/scratch/LGF/el32_tmp/173/173-187-5.el32.labeled
dmesg > labeled_gridgen_utility.cpp:66
find /root/cuMatch/scratch/LGF/el32_tmp/174/174-187-5.el32.labeled
dmesg > labeled_gridgen_utility.cpp:66
find /root/cuMatch/scratch/LGF/el32_tmp/175/175-187-5.el32.labeled
dmesg > labeled_gridgen_utility.cpp:66
find /root/cuMatch/scratch/LGF/el32_tmp/176/176-187-5.el32.labeled
dmesg > labeled_gridgen_utility.cpp:66
find /root/cuMatch/scratch/LGF/el32_tmp/177/177-187-5.el32.labeled
dmesg > labeled_gridgen_utility.cpp:66
find /root/cuMatch/scratch/LGF/el32_tmp/178/178-187-5.el32.labeled
dmesg > labeled_gridgen_utility.cpp:66
find /root/cuMatch/scratch/LGF/el32_tmp/179/179-187-5.el32.labeled
dmesg > labeled_gridgen_utility.cpp:66
find /root/cuMatch/scratch/LGF/el32_tmp/180/180-187-5.el32.labeled
dmesg > labeled_gridgen_utility.cpp:66
find /root/cuMatch/scratch/LGF/el32_tmp/181/181-187-5.el32.labeled
dmesg > labeled_gridgen_utility.cpp:66
find /root/cuMatch/scratch/LGF/el32_tmp/182/182-187-5.el32.labeled
dmesg > labeled_gridgen_utility.cpp:66
find /root/cuMatch/scratch/LGF/el32_tmp/183/183-187-5.el32.labeled
dmesg > labeled_gridgen_utility.cpp:66
find /root/cuMatch/scratch/LGF/el32_tmp/184/184-187-5.el32.labeled
dmesg > labeled_gridgen_utility.cpp:66
find /root/cuMatch/scratch/LGF/el32_tmp/185/185-187-5.el32.labeled
dmesg > labeled_gridgen_utility.cpp:66
find /root/cuMatch/scratch/LGF/el32_tmp/186/186-187-2.el32.labeled
dmesg > labeled_gridgen_utility.cpp:66
find /root/cuMatch/scratch/LGF/el32_tmp/187/187-188-6.el32.labeled
dmesg > labeled_gridgen_utility.cpp:66
find /root/cuMatch/scratch/LGF/el32_tmp/188/188-188-9.el32.labeled
dmesg > labeled_gridgen_utility.cpp:66
find /root/cuMatch/scratch/LGF/el32_tmp/186/186-189-13.el32.labeled
Input: /root/cuMatch/scratch/LGF/el32_tmp/186/186-0-7.el32.labeled [GBID: 186, 0, 7] [EDGE LABEL: IS_LOCATED_IN]
dmesg > labeled_grid_generator.cpp:458
Converting /root/cuMatch/scratch/LGF/el32_tmp/186/186-0-7.el32.labeled, 3600000 edges (28800000 byte)
Input: /root/cuMatch/scratch/LGF/el32_tmp/189/189-0-7.el32.labeled [GBID: 189, 0, 7] [EDGE LABEL: IS_LOCATED_IN]
dmesg > labeled_grid_generator.cpp:458
Converting /root/cuMatch/scratch/LGF/el32_tmp/189/189-0-7.el32.labeled, 6380 edges (51040 byte)
Input: /root/cuMatch/scratch/LGF/el32_tmp/186/186-1-14.el32.labeled [GBID: 186, 1, 14] [EDGE LABEL: WORK_AT]
dmesg > labeled_grid_generator.cpp:458
Converting /root/cuMatch/scratch/LGF/el32_tmp/186/186-1-14.el32.labeled, 7834932 edges (62679456 byte)
Input: /root/cuMatch/scratch/LGF/el32_tmp/3/3-2-8.el32.labeled [GBID: 3, 2, 8] [EDGE LABEL: IS_PART_OF]
dmesg > labeled_grid_generator.cpp:458
Converting /root/cuMatch/scratch/LGF/el32_tmp/3/3-2-8.el32.labeled, 111 edges (888 byte)
Input: /root/cuMatch/scratch/LGF/el32_tmp/0/0-3-8.el32.labeled [GBID: 0, 3, 8] [EDGE LABEL: IS_PART_OF]
dmesg > labeled_grid_generator.cpp:458
Converting /root/cuMatch/scratch/LGF/el32_tmp/0/0-3-8.el32.labeled, 1343 edges (10744 byte)
Input: /root/cuMatch/scratch/LGF/el32_tmp/1/1-3-7.el32.labeled [GBID: 1, 3, 7] [EDGE LABEL: IS_LOCATED_IN]
dmesg > labeled_grid_generator.cpp:458
Converting /root/cuMatch/scratch/LGF/el32_tmp/1/1-3-7.el32.labeled, 1575 edges (12600 byte)
Input: /root/cuMatch/scratch/LGF/el32_tmp/7/7-3-7.el32.labeled [GBID: 7, 3, 7] [EDGE LABEL: IS_LOCATED_IN]
dmesg > labeled_grid_generator.cpp:458
Converting /root/cuMatch/scratch/LGF/el32_tmp/7/7-3-7.el32.labeled, 16777216 edges (134217728 byte)
Input: /root/cuMatch/scratch/LGF/el32_tmp/8/8-3-7.el32.labeled [GBID: 8, 3, 7] [EDGE LABEL: IS_LOCATED_IN]
dmesg > labeled_grid_generator.cpp:458
Converting /root/cuMatch/scratch/LGF/el32_tmp/8/8-3-7.el32.labeled, 16777216 edges (134217728 byte)
Input: /root/cuMatch/scratch/LGF/el32_tmp/9/9-3-7.el32.labeled [GBID: 9, 3, 7] [EDGE LABEL: IS_LOCATED_IN]
dmesg > labeled_grid_generator.cpp:458
Converting /root/cuMatch/scratch/LGF/el32_tmp/9/9-3-7.el32.labeled, 16777216 edges (134217728 byte)
Input: /root/cuMatch/scratch/LGF/el32_tmp/10/10-3-7.el32.labeled [GBID: 10, 3, 7] [EDGE LABEL: IS_LOCATED_IN]
dmesg > labeled_grid_generator.cpp:458
Converting /root/cuMatch/scratch/LGF/el32_tmp/10/10-3-7.el32.labeled, 16777216 edges (134217728 byte)
Input: /root/cuMatch/scratch/LGF/el32_tmp/11/11-3-7.el32.labeled [GBID: 11, 3, 7] [EDGE LABEL: IS_LOCATED_IN]
dmesg > labeled_grid_generator.cpp:458
Converting /root/cuMatch/scratch/LGF/el32_tmp/11/11-3-7.el32.labeled, 16777216 edges (134217728 byte)
Input: /root/cuMatch/scratch/LGF/el32_tmp/12/12-3-7.el32.labeled [GBID: 12, 3, 7] [EDGE LABEL: IS_LOCATED_IN]
dmesg > labeled_grid_generator.cpp:458
Converting /root/cuMatch/scratch/LGF/el32_tmp/12/12-3-7.el32.labeled, 16777216 edges (134217728 byte)
Input: /root/cuMatch/scratch/LGF/el32_tmp/13/13-3-7.el32.labeled [GBID: 13, 3, 7] [EDGE LABEL: IS_LOCATED_IN]
dmesg > labeled_grid_generator.cpp:458
Converting /root/cuMatch/scratch/LGF/el32_tmp/13/13-3-7.el32.labeled, 16777216 edges (134217728 byte)
Input: /root/cuMatch/scratch/LGF/el32_tmp/14/14-3-7.el32.labeled [GBID: 14, 3, 7] [EDGE LABEL: IS_LOCATED_IN]
dmesg > labeled_grid_generator.cpp:458
Converting /root/cuMatch/scratch/LGF/el32_tmp/14/14-3-7.el32.labeled, 16777216 edges (134217728 byte)
Input: /root/cuMatch/scratch/LGF/el32_tmp/15/15-3-7.el32.labeled [GBID: 15, 3, 7] [EDGE LABEL: IS_LOCATED_IN]
dmesg > labeled_grid_generator.cpp:458
Converting /root/cuMatch/scratch/LGF/el32_tmp/15/15-3-7.el32.labeled, 16777216 edges (134217728 byte)
Input: /root/cuMatch/scratch/LGF/el32_tmp/16/16-3-7.el32.labeled [GBID: 16, 3, 7] [EDGE LABEL: IS_LOCATED_IN]
dmesg > labeled_grid_generator.cpp:458
Converting /root/cuMatch/scratch/LGF/el32_tmp/16/16-3-7.el32.labeled, 16777216 edges (134217728 byte)
Input: /root/cuMatch/scratch/LGF/el32_tmp/17/17-3-7.el32.labeled [GBID: 17, 3, 7] [EDGE LABEL: IS_LOCATED_IN]
dmesg > labeled_grid_generator.cpp:458
Converting /root/cuMatch/scratch/LGF/el32_tmp/17/17-3-7.el32.labeled, 16777216 edges (134217728 byte)
Input: /root/cuMatch/scratch/LGF/el32_tmp/18/18-3-7.el32.labeled [GBID: 18, 3, 7] [EDGE LABEL: IS_LOCATED_IN]
dmesg > labeled_grid_generator.cpp:458
Converting /root/cuMatch/scratch/LGF/el32_tmp/18/18-3-7.el32.labeled, 16777216 edges (134217728 byte)
Input: /root/cuMatch/scratch/LGF/el32_tmp/19/19-3-7.el32.labeled [GBID: 19, 3, 7] [EDGE LABEL: IS_LOCATED_IN]
dmesg > labeled_grid_generator.cpp:458
Converting /root/cuMatch/scratch/LGF/el32_tmp/19/19-3-7.el32.labeled, 16777216 edges (134217728 byte)
Input: /root/cuMatch/scratch/LGF/el32_tmp/20/20-3-7.el32.labeled [GBID: 20, 3, 7] [EDGE LABEL: IS_LOCATED_IN]
dmesg > labeled_grid_generator.cpp:458
Converting /root/cuMatch/scratch/LGF/el32_tmp/20/20-3-7.el32.labeled, 16777216 edges (134217728 byte)
Input: /root/cuMatch/scratch/LGF/el32_tmp/21/21-3-7.el32.labeled [GBID: 21, 3, 7] [EDGE LABEL: IS_LOCATED_IN]
dmesg > labeled_grid_generator.cpp:458
Converting /root/cuMatch/scratch/LGF/el32_tmp/21/21-3-7.el32.labeled, 16777216 edges (134217728 byte)
Input: /root/cuMatch/scratch/LGF/el32_tmp/22/22-3-7.el32.labeled [GBID: 22, 3, 7] [EDGE LABEL: IS_LOCATED_IN]
dmesg > labeled_grid_generator.cpp:458
Converting /root/cuMatch/scratch/LGF/el32_tmp/22/22-3-7.el32.labeled, 16777216 edges (134217728 byte)
Input: /root/cuMatch/scratch/LGF/el32_tmp/23/23-3-7.el32.labeled [GBID: 23, 3, 7] [EDGE LABEL: IS_LOCATED_IN]
dmesg > labeled_grid_generator.cpp:458
Converting /root/cuMatch/scratch/LGF/el32_tmp/23/23-3-7.el32.labeled, 16777216 edges (134217728 byte)
Input: /root/cuMatch/scratch/LGF/el32_tmp/24/24-3-7.el32.labeled [GBID: 24, 3, 7] [EDGE LABEL: IS_LOCATED_IN]
dmesg > labeled_grid_generator.cpp:458
Converting /root/cuMatch/scratch/LGF/el32_tmp/24/24-3-7.el32.labeled, 16777216 edges (134217728 byte)
Input: /root/cuMatch/scratch/LGF/el32_tmp/25/25-3-7.el32.labeled [GBID: 25, 3, 7] [EDGE LABEL: IS_LOCATED_IN]
dmesg > labeled_grid_generator.cpp:458
Converting /root/cuMatch/scratch/LGF/el32_tmp/25/25-3-7.el32.labeled, 16777216 edges (134217728 byte)
Input: /root/cuMatch/scratch/LGF/el32_tmp/26/26-3-7.el32.labeled [GBID: 26, 3, 7] [EDGE LABEL: IS_LOCATED_IN]
dmesg > labeled_grid_generator.cpp:458
Converting /root/cuMatch/scratch/LGF/el32_tmp/26/26-3-7.el32.labeled, 16777216 edges (134217728 byte)
Input: /root/cuMatch/scratch/LGF/el32_tmp/27/27-3-7.el32.labeled [GBID: 27, 3, 7] [EDGE LABEL: IS_LOCATED_IN]
dmesg > labeled_grid_generator.cpp:458
Converting /root/cuMatch/scratch/LGF/el32_tmp/27/27-3-7.el32.labeled, 16777216 edges (134217728 byte)
Input: /root/cuMatch/scratch/LGF/el32_tmp/28/28-3-7.el32.labeled [GBID: 28, 3, 7] [EDGE LABEL: IS_LOCATED_IN]
dmesg > labeled_grid_generator.cpp:458
Converting /root/cuMatch/scratch/LGF/el32_tmp/28/28-3-7.el32.labeled, 16777216 edges (134217728 byte)
Input: /root/cuMatch/scratch/LGF/el32_tmp/29/29-3-7.el32.labeled [GBID: 29, 3, 7] [EDGE LABEL: IS_LOCATED_IN]
dmesg > labeled_grid_generator.cpp:458
Converting /root/cuMatch/scratch/LGF/el32_tmp/29/29-3-7.el32.labeled, 16777216 edges (134217728 byte)
Input: /root/cuMatch/scratch/LGF/el32_tmp/30/30-3-7.el32.labeled [GBID: 30, 3, 7] [EDGE LABEL: IS_LOCATED_IN]
dmesg > labeled_grid_generator.cpp:458
Converting /root/cuMatch/scratch/LGF/el32_tmp/30/30-3-7.el32.labeled, 16777216 edges (134217728 byte)
Input: /root/cuMatch/scratch/LGF/el32_tmp/31/31-3-7.el32.labeled [GBID: 31, 3, 7] [EDGE LABEL: IS_LOCATED_IN]
dmesg > labeled_grid_generator.cpp:458
Converting /root/cuMatch/scratch/LGF/el32_tmp/31/31-3-7.el32.labeled, 16777216 edges (134217728 byte)
Input: /root/cuMatch/scratch/LGF/el32_tmp/32/32-3-7.el32.labeled [GBID: 32, 3, 7] [EDGE LABEL: IS_LOCATED_IN]
dmesg > labeled_grid_generator.cpp:458
Converting /root/cuMatch/scratch/LGF/el32_tmp/32/32-3-7.el32.labeled, 16777216 edges (134217728 byte)
Input: /root/cuMatch/scratch/LGF/el32_tmp/33/33-3-7.el32.labeled [GBID: 33, 3, 7] [EDGE LABEL: IS_LOCATED_IN]
dmesg > labeled_grid_generator.cpp:458
Converting /root/cuMatch/scratch/LGF/el32_tmp/33/33-3-7.el32.labeled, 16777216 edges (134217728 byte)
Input: /root/cuMatch/scratch/LGF/el32_tmp/34/34-3-7.el32.labeled [GBID: 34, 3, 7] [EDGE LABEL: IS_LOCATED_IN]
dmesg > labeled_grid_generator.cpp:458
Converting /root/cuMatch/scratch/LGF/el32_tmp/34/34-3-7.el32.labeled, 16777216 edges (134217728 byte)
Input: /root/cuMatch/scratch/LGF/el32_tmp/35/35-3-7.el32.labeled [GBID: 35, 3, 7] [EDGE LABEL: IS_LOCATED_IN]
dmesg > labeled_grid_generator.cpp:458
Converting /root/cuMatch/scratch/LGF/el32_tmp/35/35-3-7.el32.labeled, 16777216 edges (134217728 byte)
Input: /root/cuMatch/scratch/LGF/el32_tmp/36/36-3-7.el32.labeled [GBID: 36, 3, 7] [EDGE LABEL: IS_LOCATED_IN]
dmesg > labeled_grid_generator.cpp:458
Converting /root/cuMatch/scratch/LGF/el32_tmp/36/36-3-7.el32.labeled, 16777216 edges (134217728 byte)
Input: /root/cuMatch/scratch/LGF/el32_tmp/37/37-3-7.el32.labeled [GBID: 37, 3, 7] [EDGE LABEL: IS_LOCATED_IN]
dmesg > labeled_grid_generator.cpp:458
Converting /root/cuMatch/scratch/LGF/el32_tmp/37/37-3-7.el32.labeled, 16777216 edges (134217728 byte)
Input: /root/cuMatch/scratch/LGF/el32_tmp/38/38-3-7.el32.labeled [GBID: 38, 3, 7] [EDGE LABEL: IS_LOCATED_IN]
dmesg > labeled_grid_generator.cpp:458
Converting /root/cuMatch/scratch/LGF/el32_tmp/38/38-3-7.el32.labeled, 16777216 edges (134217728 byte)
Input: /root/cuMatch/scratch/LGF/el32_tmp/39/39-3-7.el32.labeled [GBID: 39, 3, 7] [EDGE LABEL: IS_LOCATED_IN]
dmesg > labeled_grid_generator.cpp:458
Converting /root/cuMatch/scratch/LGF/el32_tmp/39/39-3-7.el32.labeled, 16777216 edges (134217728 byte)
Input: /root/cuMatch/scratch/LGF/el32_tmp/40/40-3-7.el32.labeled [GBID: 40, 3, 7] [EDGE LABEL: IS_LOCATED_IN]
dmesg > labeled_grid_generator.cpp:458
Converting /root/cuMatch/scratch/LGF/el32_tmp/40/40-3-7.el32.labeled, 16777216 edges (134217728 byte)
Input: /root/cuMatch/scratch/LGF/el32_tmp/41/41-3-7.el32.labeled [GBID: 41, 3, 7] [EDGE LABEL: IS_LOCATED_IN]
dmesg > labeled_grid_generator.cpp:458
Converting /root/cuMatch/scratch/LGF/el32_tmp/41/41-3-7.el32.labeled, 16777216 edges (134217728 byte)
Input: /root/cuMatch/scratch/LGF/el32_tmp/42/42-3-7.el32.labeled [GBID: 42, 3, 7] [EDGE LABEL: IS_LOCATED_IN]
dmesg > labeled_grid_generator.cpp:458
Converting /root/cuMatch/scratch/LGF/el32_tmp/42/42-3-7.el32.labeled, 16777216 edges (134217728 byte)
Input: /root/cuMatch/scratch/LGF/el32_tmp/43/43-3-7.el32.labeled [GBID: 43, 3, 7] [EDGE LABEL: IS_LOCATED_IN]
dmesg > labeled_grid_generator.cpp:458
Converting /root/cuMatch/scratch/LGF/el32_tmp/43/43-3-7.el32.labeled, 16777216 edges (134217728 byte)
Input: /root/cuMatch/scratch/LGF/el32_tmp/44/44-3-7.el32.labeled [GBID: 44, 3, 7] [EDGE LABEL: IS_LOCATED_IN]
dmesg > labeled_grid_generator.cpp:458
Converting /root/cuMatch/scratch/LGF/el32_tmp/44/44-3-7.el32.labeled, 16777216 edges (134217728 byte)
Input: /root/cuMatch/scratch/LGF/el32_tmp/45/45-3-7.el32.labeled [GBID: 45, 3, 7] [EDGE LABEL: IS_LOCATED_IN]
dmesg > labeled_grid_generator.cpp:458
Converting /root/cuMatch/scratch/LGF/el32_tmp/45/45-3-7.el32.labeled, 16777216 edges (134217728 byte)
Input: /root/cuMatch/scratch/LGF/el32_tmp/46/46-3-7.el32.labeled [GBID: 46, 3, 7] [EDGE LABEL: IS_LOCATED_IN]
dmesg > labeled_grid_generator.cpp:458
Converting /root/cuMatch/scratch/LGF/el32_tmp/46/46-3-7.el32.labeled, 16777216 edges (134217728 byte)
Input: /root/cuMatch/scratch/LGF/el32_tmp/47/47-3-7.el32.labeled [GBID: 47, 3, 7] [EDGE LABEL: IS_LOCATED_IN]
dmesg > labeled_grid_generator.cpp:458
Converting /root/cuMatch/scratch/LGF/el32_tmp/47/47-3-7.el32.labeled, 16777216 edges (134217728 byte)
Input: /root/cuMatch/scratch/LGF/el32_tmp/48/48-3-7.el32.labeled [GBID: 48, 3, 7] [EDGE LABEL: IS_LOCATED_IN]
dmesg > labeled_grid_generator.cpp:458
Converting /root/cuMatch/scratch/LGF/el32_tmp/48/48-3-7.el32.labeled, 16777216 edges (134217728 byte)
Input: /root/cuMatch/scratch/LGF/el32_tmp/49/49-3-7.el32.labeled [GBID: 49, 3, 7] [EDGE LABEL: IS_LOCATED_IN]
dmesg > labeled_grid_generator.cpp:458
Converting /root/cuMatch/scratch/LGF/el32_tmp/49/49-3-7.el32.labeled, 16777216 edges (134217728 byte)
Input: /root/cuMatch/scratch/LGF/el32_tmp/50/50-3-7.el32.labeled [GBID: 50, 3, 7] [EDGE LABEL: IS_LOCATED_IN]
dmesg > labeled_grid_generator.cpp:458
Converting /root/cuMatch/scratch/LGF/el32_tmp/50/50-3-7.el32.labeled, 16777216 edges (134217728 byte)
Input: /root/cuMatch/scratch/LGF/el32_tmp/51/51-3-7.el32.labeled [GBID: 51, 3, 7] [EDGE LABEL: IS_LOCATED_IN]
dmesg > labeled_grid_generator.cpp:458
Converting /root/cuMatch/scratch/LGF/el32_tmp/51/51-3-7.el32.labeled, 16777216 edges (134217728 byte)
Input: /root/cuMatch/scratch/LGF/el32_tmp/52/52-3-7.el32.labeled [GBID: 52, 3, 7] [EDGE LABEL: IS_LOCATED_IN]
dmesg > labeled_grid_generator.cpp:458
Converting /root/cuMatch/scratch/LGF/el32_tmp/52/52-3-7.el32.labeled, 16777216 edges (134217728 byte)
Input: /root/cuMatch/scratch/LGF/el32_tmp/53/53-3-7.el32.labeled [GBID: 53, 3, 7] [EDGE LABEL: IS_LOCATED_IN]
dmesg > labeled_grid_generator.cpp:458
Converting /root/cuMatch/scratch/LGF/el32_tmp/53/53-3-7.el32.labeled, 16777216 edges (134217728 byte)
Input: /root/cuMatch/scratch/LGF/el32_tmp/54/54-3-7.el32.labeled [GBID: 54, 3, 7] [EDGE LABEL: IS_LOCATED_IN]
dmesg > labeled_grid_generator.cpp:458
Converting /root/cuMatch/scratch/LGF/el32_tmp/54/54-3-7.el32.labeled, 16777216 edges (134217728 byte)
Input: /root/cuMatch/scratch/LGF/el32_tmp/55/55-3-7.el32.labeled [GBID: 55, 3, 7] [EDGE LABEL: IS_LOCATED_IN]
dmesg > labeled_grid_generator.cpp:458
Converting /root/cuMatch/scratch/LGF/el32_tmp/55/55-3-7.el32.labeled, 16777216 edges (134217728 byte)
Input: /root/cuMatch/scratch/LGF/el32_tmp/56/56-3-7.el32.labeled [GBID: 56, 3, 7] [EDGE LABEL: IS_LOCATED_IN]
dmesg > labeled_grid_generator.cpp:458
Converting /root/cuMatch/scratch/LGF/el32_tmp/56/56-3-7.el32.labeled, 16777216 edges (134217728 byte)
Input: /root/cuMatch/scratch/LGF/el32_tmp/57/57-3-7.el32.labeled [GBID: 57, 3, 7] [EDGE LABEL: IS_LOCATED_IN]
dmesg > labeled_grid_generator.cpp:458
Converting /root/cuMatch/scratch/LGF/el32_tmp/57/57-3-7.el32.labeled, 16777216 edges (134217728 byte)
Input: /root/cuMatch/scratch/LGF/el32_tmp/58/58-3-7.el32.labeled [GBID: 58, 3, 7] [EDGE LABEL: IS_LOCATED_IN]
dmesg > labeled_grid_generator.cpp:458
Converting /root/cuMatch/scratch/LGF/el32_tmp/58/58-3-7.el32.labeled, 16777216 edges (134217728 byte)
Input: /root/cuMatch/scratch/LGF/el32_tmp/59/59-3-7.el32.labeled [GBID: 59, 3, 7] [EDGE LABEL: IS_LOCATED_IN]
dmesg > labeled_grid_generator.cpp:458
Converting /root/cuMatch/scratch/LGF/el32_tmp/59/59-3-7.el32.labeled, 16777216 edges (134217728 byte)
Input: /root/cuMatch/scratch/LGF/el32_tmp/60/60-3-7.el32.labeled [GBID: 60, 3, 7] [EDGE LABEL: IS_LOCATED_IN]
dmesg > labeled_grid_generator.cpp:458
Converting /root/cuMatch/scratch/LGF/el32_tmp/60/60-3-7.el32.labeled, 16777216 edges (134217728 byte)
Input: /root/cuMatch/scratch/LGF/el32_tmp/61/61-3-7.el32.labeled [GBID: 61, 3, 7] [EDGE LABEL: IS_LOCATED_IN]
dmesg > labeled_grid_generator.cpp:458
Converting /root/cuMatch/scratch/LGF/el32_tmp/61/61-3-7.el32.labeled, 16777216 edges (134217728 byte)
Input: /root/cuMatch/scratch/LGF/el32_tmp/62/62-3-7.el32.labeled [GBID: 62, 3, 7] [EDGE LABEL: IS_LOCATED_IN]
dmesg > labeled_grid_generator.cpp:458
Converting /root/cuMatch/scratch/LGF/el32_tmp/62/62-3-7.el32.labeled, 16777216 edges (134217728 byte)
Input: /root/cuMatch/scratch/LGF/el32_tmp/63/63-3-7.el32.labeled [GBID: 63, 3, 7] [EDGE LABEL: IS_LOCATED_IN]
dmesg > labeled_grid_generator.cpp:458
Converting /root/cuMatch/scratch/LGF/el32_tmp/63/63-3-7.el32.labeled, 16777216 edges (134217728 byte)
Input: /root/cuMatch/scratch/LGF/el32_tmp/64/64-3-7.el32.labeled [GBID: 64, 3, 7] [EDGE LABEL: IS_LOCATED_IN]
dmesg > labeled_grid_generator.cpp:458
Converting /root/cuMatch/scratch/LGF/el32_tmp/64/64-3-7.el32.labeled, 16777216 edges (134217728 byte)
Input: /root/cuMatch/scratch/LGF/el32_tmp/65/65-3-7.el32.labeled [GBID: 65, 3, 7] [EDGE LABEL: IS_LOCATED_IN]
dmesg > labeled_grid_generator.cpp:458
Converting /root/cuMatch/scratch/LGF/el32_tmp/65/65-3-7.el32.labeled, 16777216 edges (134217728 byte)
Input: /root/cuMatch/scratch/LGF/el32_tmp/66/66-3-7.el32.labeled [GBID: 66, 3, 7] [EDGE LABEL: IS_LOCATED_IN]
dmesg > labeled_grid_generator.cpp:458
Converting /root/cuMatch/scratch/LGF/el32_tmp/66/66-3-7.el32.labeled, 16777216 edges (134217728 byte)
Input: /root/cuMatch/scratch/LGF/el32_tmp/67/67-3-7.el32.labeled [GBID: 67, 3, 7] [EDGE LABEL: IS_LOCATED_IN]
dmesg > labeled_grid_generator.cpp:458
Converting /root/cuMatch/scratch/LGF/el32_tmp/67/67-3-7.el32.labeled, 16777216 edges (134217728 byte)
Input: /root/cuMatch/scratch/LGF/el32_tmp/68/68-3-7.el32.labeled [GBID: 68, 3, 7] [EDGE LABEL: IS_LOCATED_IN]
dmesg > labeled_grid_generator.cpp:458
Converting /root/cuMatch/scratch/LGF/el32_tmp/68/68-3-7.el32.labeled, 16777216 edges (134217728 byte)
Input: /root/cuMatch/scratch/LGF/el32_tmp/69/69-3-7.el32.labeled [GBID: 69, 3, 7] [EDGE LABEL: IS_LOCATED_IN]
dmesg > labeled_grid_generator.cpp:458
Converting /root/cuMatch/scratch/LGF/el32_tmp/69/69-3-7.el32.labeled, 16777216 edges (134217728 byte)
Input: /root/cuMatch/scratch/LGF/el32_tmp/70/70-3-7.el32.labeled [GBID: 70, 3, 7] [EDGE LABEL: IS_LOCATED_IN]
dmesg > labeled_grid_generator.cpp:458
Converting /root/cuMatch/scratch/LGF/el32_tmp/70/70-3-7.el32.labeled, 16777216 edges (134217728 byte)
Input: /root/cuMatch/scratch/LGF/el32_tmp/71/71-3-7.el32.labeled [GBID: 71, 3, 7] [EDGE LABEL: IS_LOCATED_IN]
dmesg > labeled_grid_generator.cpp:458
Converting /root/cuMatch/scratch/LGF/el32_tmp/71/71-3-7.el32.labeled, 16777216 edges (134217728 byte)
Input: /root/cuMatch/scratch/LGF/el32_tmp/72/72-3-7.el32.labeled [GBID: 72, 3, 7] [EDGE LABEL: IS_LOCATED_IN]
dmesg > labeled_grid_generator.cpp:458
Converting /root/cuMatch/scratch/LGF/el32_tmp/72/72-3-7.el32.labeled, 16777216 edges (134217728 byte)
Input: /root/cuMatch/scratch/LGF/el32_tmp/73/73-3-7.el32.labeled [GBID: 73, 3, 7] [EDGE LABEL: IS_LOCATED_IN]
dmesg > labeled_grid_generator.cpp:458
Converting /root/cuMatch/scratch/LGF/el32_tmp/73/73-3-7.el32.labeled, 16777216 edges (134217728 byte)
Input: /root/cuMatch/scratch/LGF/el32_tmp/74/74-3-7.el32.labeled [GBID: 74, 3, 7] [EDGE LABEL: IS_LOCATED_IN]
dmesg > labeled_grid_generator.cpp:458
Converting /root/cuMatch/scratch/LGF/el32_tmp/74/74-3-7.el32.labeled, 16777216 edges (134217728 byte)
Input: /root/cuMatch/scratch/LGF/el32_tmp/75/75-3-7.el32.labeled [GBID: 75, 3, 7] [EDGE LABEL: IS_LOCATED_IN]
dmesg > labeled_grid_generator.cpp:458
Converting /root/cuMatch/scratch/LGF/el32_tmp/75/75-3-7.el32.labeled, 16777216 edges (134217728 byte)
Input: /root/cuMatch/scratch/LGF/el32_tmp/76/76-3-7.el32.labeled [GBID: 76, 3, 7] [EDGE LABEL: IS_LOCATED_IN]
dmesg > labeled_grid_generator.cpp:458
Converting /root/cuMatch/scratch/LGF/el32_tmp/76/76-3-7.el32.labeled, 16777216 edges (134217728 byte)
Input: /root/cuMatch/scratch/LGF/el32_tmp/77/77-3-7.el32.labeled [GBID: 77, 3, 7] [EDGE LABEL: IS_LOCATED_IN]
dmesg > labeled_grid_generator.cpp:458
Converting /root/cuMatch/scratch/LGF/el32_tmp/77/77-3-7.el32.labeled, 16777216 edges (134217728 byte)
Input: /root/cuMatch/scratch/LGF/el32_tmp/78/78-3-7.el32.labeled [GBID: 78, 3, 7] [EDGE LABEL: IS_LOCATED_IN]
dmesg > labeled_grid_generator.cpp:458
Converting /root/cuMatch/scratch/LGF/el32_tmp/78/78-3-7.el32.labeled, 16777216 edges (134217728 byte)
Input: /root/cuMatch/scratch/LGF/el32_tmp/79/79-3-7.el32.labeled [GBID: 79, 3, 7] [EDGE LABEL: IS_LOCATED_IN]
dmesg > labeled_grid_generator.cpp:458
Converting /root/cuMatch/scratch/LGF/el32_tmp/79/79-3-7.el32.labeled, 16777216 edges (134217728 byte)
Input: /root/cuMatch/scratch/LGF/el32_tmp/80/80-3-7.el32.labeled [GBID: 80, 3, 7] [EDGE LABEL: IS_LOCATED_IN]
dmesg > labeled_grid_generator.cpp:458
Converting /root/cuMatch/scratch/LGF/el32_tmp/80/80-3-7.el32.labeled, 16777216 edges (134217728 byte)
Input: /root/cuMatch/scratch/LGF/el32_tmp/81/81-3-7.el32.labeled [GBID: 81, 3, 7] [EDGE LABEL: IS_LOCATED_IN]
dmesg > labeled_grid_generator.cpp:458
Converting /root/cuMatch/scratch/LGF/el32_tmp/81/81-3-7.el32.labeled, 16777216 edges (134217728 byte)
Input: /root/cuMatch/scratch/LGF/el32_tmp/82/82-3-7.el32.labeled [GBID: 82, 3, 7] [EDGE LABEL: IS_LOCATED_IN]
dmesg > labeled_grid_generator.cpp:458
Converting /root/cuMatch/scratch/LGF/el32_tmp/82/82-3-7.el32.labeled, 16777216 edges (134217728 byte)
Input: /root/cuMatch/scratch/LGF/el32_tmp/83/83-3-7.el32.labeled [GBID: 83, 3, 7] [EDGE LABEL: IS_LOCATED_IN]
dmesg > labeled_grid_generator.cpp:458
Converting /root/cuMatch/scratch/LGF/el32_tmp/83/83-3-7.el32.labeled, 16777216 edges (134217728 byte)
Input: /root/cuMatch/scratch/LGF/el32_tmp/84/84-3-7.el32.labeled [GBID: 84, 3, 7] [EDGE LABEL: IS_LOCATED_IN]
dmesg > labeled_grid_generator.cpp:458
Converting /root/cuMatch/scratch/LGF/el32_tmp/84/84-3-7.el32.labeled, 16777216 edges (134217728 byte)
Input: /root/cuMatch/scratch/LGF/el32_tmp/85/85-3-7.el32.labeled [GBID: 85, 3, 7] [EDGE LABEL: IS_LOCATED_IN]
dmesg > labeled_grid_generator.cpp:458
Converting /root/cuMatch/scratch/LGF/el32_tmp/85/85-3-7.el32.labeled, 16777216 edges (134217728 byte)
Input: /root/cuMatch/scratch/LGF/el32_tmp/86/86-3-7.el32.labeled [GBID: 86, 3, 7] [EDGE LABEL: IS_LOCATED_IN]
dmesg > labeled_grid_generator.cpp:458
Converting /root/cuMatch/scratch/LGF/el32_tmp/86/86-3-7.el32.labeled, 16777216 edges (134217728 byte)
Input: /root/cuMatch/scratch/LGF/el32_tmp/87/87-3-7.el32.labeled [GBID: 87, 3, 7] [EDGE LABEL: IS_LOCATED_IN]
dmesg > labeled_grid_generator.cpp:458
Converting /root/cuMatch/scratch/LGF/el32_tmp/87/87-3-7.el32.labeled, 16777216 edges (134217728 byte)
Input: /root/cuMatch/scratch/LGF/el32_tmp/88/88-3-7.el32.labeled [GBID: 88, 3, 7] [EDGE LABEL: IS_LOCATED_IN]
dmesg > labeled_grid_generator.cpp:458
Converting /root/cuMatch/scratch/LGF/el32_tmp/88/88-3-7.el32.labeled, 16777216 edges (134217728 byte)
Input: /root/cuMatch/scratch/LGF/el32_tmp/89/89-3-7.el32.labeled [GBID: 89, 3, 7] [EDGE LABEL: IS_LOCATED_IN]
dmesg > labeled_grid_generator.cpp:458
Converting /root/cuMatch/scratch/LGF/el32_tmp/89/89-3-7.el32.labeled, 16777216 edges (134217728 byte)
Input: /root/cuMatch/scratch/LGF/el32_tmp/90/90-3-7.el32.labeled [GBID: 90, 3, 7] [EDGE LABEL: IS_LOCATED_IN]
dmesg > labeled_grid_generator.cpp:458
Converting /root/cuMatch/scratch/LGF/el32_tmp/90/90-3-7.el32.labeled, 16777216 edges (134217728 byte)
Input: /root/cuMatch/scratch/LGF/el32_tmp/91/91-3-7.el32.labeled [GBID: 91, 3, 7] [EDGE LABEL: IS_LOCATED_IN]
dmesg > labeled_grid_generator.cpp:458
Converting /root/cuMatch/scratch/LGF/el32_tmp/91/91-3-7.el32.labeled, 16777216 edges (134217728 byte)
Input: /root/cuMatch/scratch/LGF/el32_tmp/92/92-3-7.el32.labeled [GBID: 92, 3, 7] [EDGE LABEL: IS_LOCATED_IN]
dmesg > labeled_grid_generator.cpp:458
Converting /root/cuMatch/scratch/LGF/el32_tmp/92/92-3-7.el32.labeled, 16777216 edges (134217728 byte)
Input: /root/cuMatch/scratch/LGF/el32_tmp/93/93-3-7.el32.labeled [GBID: 93, 3, 7] [EDGE LABEL: IS_LOCATED_IN]
dmesg > labeled_grid_generator.cpp:458
Converting /root/cuMatch/scratch/LGF/el32_tmp/93/93-3-7.el32.labeled, 16777216 edges (134217728 byte)
Input: /root/cuMatch/scratch/LGF/el32_tmp/94/94-3-7.el32.labeled [GBID: 94, 3, 7] [EDGE LABEL: IS_LOCATED_IN]
dmesg > labeled_grid_generator.cpp:458
Converting /root/cuMatch/scratch/LGF/el32_tmp/94/94-3-7.el32.labeled, 16777216 edges (134217728 byte)
Input: /root/cuMatch/scratch/LGF/el32_tmp/95/95-3-7.el32.labeled [GBID: 95, 3, 7] [EDGE LABEL: IS_LOCATED_IN]
dmesg > labeled_grid_generator.cpp:458
Converting /root/cuMatch/scratch/LGF/el32_tmp/95/95-3-7.el32.labeled, 16777216 edges (134217728 byte)
Input: /root/cuMatch/scratch/LGF/el32_tmp/96/96-3-7.el32.labeled [GBID: 96, 3, 7] [EDGE LABEL: IS_LOCATED_IN]
dmesg > labeled_grid_generator.cpp:458
Converting /root/cuMatch/scratch/LGF/el32_tmp/96/96-3-7.el32.labeled, 16777216 edges (134217728 byte)
Input: /root/cuMatch/scratch/LGF/el32_tmp/97/97-3-7.el32.labeled [GBID: 97, 3, 7] [EDGE LABEL: IS_LOCATED_IN]
dmesg > labeled_grid_generator.cpp:458
Converting /root/cuMatch/scratch/LGF/el32_tmp/97/97-3-7.el32.labeled, 16777216 edges (134217728 byte)
Input: /root/cuMatch/scratch/LGF/el32_tmp/98/98-3-7.el32.labeled [GBID: 98, 3, 7] [EDGE LABEL: IS_LOCATED_IN]
dmesg > labeled_grid_generator.cpp:458
Converting /root/cuMatch/scratch/LGF/el32_tmp/98/98-3-7.el32.labeled, 16777216 edges (134217728 byte)
Input: /root/cuMatch/scratch/LGF/el32_tmp/99/99-3-7.el32.labeled [GBID: 99, 3, 7] [EDGE LABEL: IS_LOCATED_IN]
dmesg > labeled_grid_generator.cpp:458
Converting /root/cuMatch/scratch/LGF/el32_tmp/99/99-3-7.el32.labeled, 16777216 edges (134217728 byte)
Input: /root/cuMatch/scratch/LGF/el32_tmp/100/100-3-7.el32.labeled [GBID: 100, 3, 7] [EDGE LABEL: IS_LOCATED_IN]
dmesg > labeled_grid_generator.cpp:458
Converting /root/cuMatch/scratch/LGF/el32_tmp/100/100-3-7.el32.labeled, 16777216 edges (134217728 byte)
Input: /root/cuMatch/scratch/LGF/el32_tmp/101/101-3-7.el32.labeled [GBID: 101, 3, 7] [EDGE LABEL: IS_LOCATED_IN]
dmesg > labeled_grid_generator.cpp:458
Converting /root/cuMatch/scratch/LGF/el32_tmp/101/101-3-7.el32.labeled, 16777216 edges (134217728 byte)
Input: /root/cuMatch/scratch/LGF/el32_tmp/102/102-3-7.el32.labeled [GBID: 102, 3, 7] [EDGE LABEL: IS_LOCATED_IN]
dmesg > labeled_grid_generator.cpp:458
Converting /root/cuMatch/scratch/LGF/el32_tmp/102/102-3-7.el32.labeled, 16777216 edges (134217728 byte)
Input: /root/cuMatch/scratch/LGF/el32_tmp/103/103-3-7.el32.labeled [GBID: 103, 3, 7] [EDGE LABEL: IS_LOCATED_IN]
dmesg > labeled_grid_generator.cpp:458
Converting /root/cuMatch/scratch/LGF/el32_tmp/103/103-3-7.el32.labeled, 16777216 edges (134217728 byte)
Input: /root/cuMatch/scratch/LGF/el32_tmp/104/104-3-7.el32.labeled [GBID: 104, 3, 7] [EDGE LABEL: IS_LOCATED_IN]
dmesg > labeled_grid_generator.cpp:458
Converting /root/cuMatch/scratch/LGF/el32_tmp/104/104-3-7.el32.labeled, 16777216 edges (134217728 byte)
Input: /root/cuMatch/scratch/LGF/el32_tmp/105/105-3-7.el32.labeled [GBID: 105, 3, 7] [EDGE LABEL: IS_LOCATED_IN]
dmesg > labeled_grid_generator.cpp:458
Converting /root/cuMatch/scratch/LGF/el32_tmp/105/105-3-7.el32.labeled, 16777216 edges (134217728 byte)
Input: /root/cuMatch/scratch/LGF/el32_tmp/106/106-3-7.el32.labeled [GBID: 106, 3, 7] [EDGE LABEL: IS_LOCATED_IN]
dmesg > labeled_grid_generator.cpp:458
Converting /root/cuMatch/scratch/LGF/el32_tmp/106/106-3-7.el32.labeled, 16777216 edges (134217728 byte)
Input: /root/cuMatch/scratch/LGF/el32_tmp/107/107-3-7.el32.labeled [GBID: 107, 3, 7] [EDGE LABEL: IS_LOCATED_IN]
dmesg > labeled_grid_generator.cpp:458
Converting /root/cuMatch/scratch/LGF/el32_tmp/107/107-3-7.el32.labeled, 16777216 edges (134217728 byte)
Input: /root/cuMatch/scratch/LGF/el32_tmp/108/108-3-7.el32.labeled [GBID: 108, 3, 7] [EDGE LABEL: IS_LOCATED_IN]
dmesg > labeled_grid_generator.cpp:458
Converting /root/cuMatch/scratch/LGF/el32_tmp/108/108-3-7.el32.labeled, 16777216 edges (134217728 byte)
Input: /root/cuMatch/scratch/LGF/el32_tmp/109/109-3-7.el32.labeled [GBID: 109, 3, 7] [EDGE LABEL: IS_LOCATED_IN]
dmesg > labeled_grid_generator.cpp:458
Converting /root/cuMatch/scratch/LGF/el32_tmp/109/109-3-7.el32.labeled, 16777216 edges (134217728 byte)
Input: /root/cuMatch/scratch/LGF/el32_tmp/110/110-3-7.el32.labeled [GBID: 110, 3, 7] [EDGE LABEL: IS_LOCATED_IN]
dmesg > labeled_grid_generator.cpp:458
Converting /root/cuMatch/scratch/LGF/el32_tmp/110/110-3-7.el32.labeled, 16777216 edges (134217728 byte)
Input: /root/cuMatch/scratch/LGF/el32_tmp/111/111-3-7.el32.labeled [GBID: 111, 3, 7] [EDGE LABEL: IS_LOCATED_IN]
dmesg > labeled_grid_generator.cpp:458
Converting /root/cuMatch/scratch/LGF/el32_tmp/111/111-3-7.el32.labeled, 16777216 edges (134217728 byte)
Input: /root/cuMatch/scratch/LGF/el32_tmp/112/112-3-7.el32.labeled [GBID: 112, 3, 7] [EDGE LABEL: IS_LOCATED_IN]
dmesg > labeled_grid_generator.cpp:458
Converting /root/cuMatch/scratch/LGF/el32_tmp/112/112-3-7.el32.labeled, 16777216 edges (134217728 byte)
Input: /root/cuMatch/scratch/LGF/el32_tmp/113/113-3-7.el32.labeled [GBID: 113, 3, 7] [EDGE LABEL: IS_LOCATED_IN]
dmesg > labeled_grid_generator.cpp:458
Converting /root/cuMatch/scratch/LGF/el32_tmp/113/113-3-7.el32.labeled, 16777216 edges (134217728 byte)
Input: /root/cuMatch/scratch/LGF/el32_tmp/114/114-3-7.el32.labeled [GBID: 114, 3, 7] [EDGE LABEL: IS_LOCATED_IN]
dmesg > labeled_grid_generator.cpp:458
Converting /root/cuMatch/scratch/LGF/el32_tmp/114/114-3-7.el32.labeled, 16777216 edges (134217728 byte)
Input: /root/cuMatch/scratch/LGF/el32_tmp/115/115-3-7.el32.labeled [GBID: 115, 3, 7] [EDGE LABEL: IS_LOCATED_IN]
dmesg > labeled_grid_generator.cpp:458
Converting /root/cuMatch/scratch/LGF/el32_tmp/115/115-3-7.el32.labeled, 16777216 edges (134217728 byte)
Input: /root/cuMatch/scratch/LGF/el32_tmp/116/116-3-7.el32.labeled [GBID: 116, 3, 7] [EDGE LABEL: IS_LOCATED_IN]
dmesg > labeled_grid_generator.cpp:458
Converting /root/cuMatch/scratch/LGF/el32_tmp/116/116-3-7.el32.labeled, 16777216 edges (134217728 byte)
Input: /root/cuMatch/scratch/LGF/el32_tmp/117/117-3-7.el32.labeled [GBID: 117, 3, 7] [EDGE LABEL: IS_LOCATED_IN]
dmesg > labeled_grid_generator.cpp:458
Converting /root/cuMatch/scratch/LGF/el32_tmp/117/117-3-7.el32.labeled, 16777216 edges (134217728 byte)
Input: /root/cuMatch/scratch/LGF/el32_tmp/118/118-3-7.el32.labeled [GBID: 118, 3, 7] [EDGE LABEL: IS_LOCATED_IN]
dmesg > labeled_grid_generator.cpp:458
Converting /root/cuMatch/scratch/LGF/el32_tmp/118/118-3-7.el32.labeled, 16777216 edges (134217728 byte)
Input: /root/cuMatch/scratch/LGF/el32_tmp/119/119-3-7.el32.labeled [GBID: 119, 3, 7] [EDGE LABEL: IS_LOCATED_IN]
dmesg > labeled_grid_generator.cpp:458
Converting /root/cuMatch/scratch/LGF/el32_tmp/119/119-3-7.el32.labeled, 16777216 edges (134217728 byte)
Input: /root/cuMatch/scratch/LGF/el32_tmp/120/120-3-7.el32.labeled [GBID: 120, 3, 7] [EDGE LABEL: IS_LOCATED_IN]
dmesg > labeled_grid_generator.cpp:458
Converting /root/cuMatch/scratch/LGF/el32_tmp/120/120-3-7.el32.labeled, 16777216 edges (134217728 byte)
Input: /root/cuMatch/scratch/LGF/el32_tmp/121/121-3-7.el32.labeled [GBID: 121, 3, 7] [EDGE LABEL: IS_LOCATED_IN]
dmesg > labeled_grid_generator.cpp:458
Converting /root/cuMatch/scratch/LGF/el32_tmp/121/121-3-7.el32.labeled, 16777216 edges (134217728 byte)
Input: /root/cuMatch/scratch/LGF/el32_tmp/122/122-3-7.el32.labeled [GBID: 122, 3, 7] [EDGE LABEL: IS_LOCATED_IN]
dmesg > labeled_grid_generator.cpp:458
Converting /root/cuMatch/scratch/LGF/el32_tmp/122/122-3-7.el32.labeled, 16777216 edges (134217728 byte)
Input: /root/cuMatch/scratch/LGF/el32_tmp/123/123-3-7.el32.labeled [GBID: 123, 3, 7] [EDGE LABEL: IS_LOCATED_IN]
dmesg > labeled_grid_generator.cpp:458
Converting /root/cuMatch/scratch/LGF/el32_tmp/123/123-3-7.el32.labeled, 16777216 edges (134217728 byte)
Input: /root/cuMatch/scratch/LGF/el32_tmp/124/124-3-7.el32.labeled [GBID: 124, 3, 7] [EDGE LABEL: IS_LOCATED_IN]
dmesg > labeled_grid_generator.cpp:458
Converting /root/cuMatch/scratch/LGF/el32_tmp/124/124-3-7.el32.labeled, 16777216 edges (134217728 byte)
Input: /root/cuMatch/scratch/LGF/el32_tmp/125/125-3-7.el32.labeled [GBID: 125, 3, 7] [EDGE LABEL: IS_LOCATED_IN]
dmesg > labeled_grid_generator.cpp:458
Converting /root/cuMatch/scratch/LGF/el32_tmp/125/125-3-7.el32.labeled, 16777216 edges (134217728 byte)
Input: /root/cuMatch/scratch/LGF/el32_tmp/126/126-3-7.el32.labeled [GBID: 126, 3, 7] [EDGE LABEL: IS_LOCATED_IN]
dmesg > labeled_grid_generator.cpp:458
Converting /root/cuMatch/scratch/LGF/el32_tmp/126/126-3-7.el32.labeled, 16777216 edges (134217728 byte)
Input: /root/cuMatch/scratch/LGF/el32_tmp/127/127-3-7.el32.labeled [GBID: 127, 3, 7] [EDGE LABEL: IS_LOCATED_IN]
dmesg > labeled_grid_generator.cpp:458
Converting /root/cuMatch/scratch/LGF/el32_tmp/127/127-3-7.el32.labeled, 16777216 edges (134217728 byte)
Input: /root/cuMatch/scratch/LGF/el32_tmp/128/128-3-7.el32.labeled [GBID: 128, 3, 7] [EDGE LABEL: IS_LOCATED_IN]
dmesg > labeled_grid_generator.cpp:458
Converting /root/cuMatch/scratch/LGF/el32_tmp/128/128-3-7.el32.labeled, 16777216 edges (134217728 byte)
Input: /root/cuMatch/scratch/LGF/el32_tmp/129/129-3-7.el32.labeled [GBID: 129, 3, 7] [EDGE LABEL: IS_LOCATED_IN]
dmesg > labeled_grid_generator.cpp:458
Converting /root/cuMatch/scratch/LGF/el32_tmp/129/129-3-7.el32.labeled, 16777216 edges (134217728 byte)
Input: /root/cuMatch/scratch/LGF/el32_tmp/130/130-3-7.el32.labeled [GBID: 130, 3, 7] [EDGE LABEL: IS_LOCATED_IN]
dmesg > labeled_grid_generator.cpp:458
Converting /root/cuMatch/scratch/LGF/el32_tmp/130/130-3-7.el32.labeled, 16777216 edges (134217728 byte)
Input: /root/cuMatch/scratch/LGF/el32_tmp/131/131-3-7.el32.labeled [GBID: 131, 3, 7] [EDGE LABEL: IS_LOCATED_IN]
dmesg > labeled_grid_generator.cpp:458
Converting /root/cuMatch/scratch/LGF/el32_tmp/131/131-3-7.el32.labeled, 16777216 edges (134217728 byte)
Input: /root/cuMatch/scratch/LGF/el32_tmp/132/132-3-7.el32.labeled [GBID: 132, 3, 7] [EDGE LABEL: IS_LOCATED_IN]
dmesg > labeled_grid_generator.cpp:458
Converting /root/cuMatch/scratch/LGF/el32_tmp/132/132-3-7.el32.labeled, 16777216 edges (134217728 byte)
Input: /root/cuMatch/scratch/LGF/el32_tmp/133/133-3-7.el32.labeled [GBID: 133, 3, 7] [EDGE LABEL: IS_LOCATED_IN]
dmesg > labeled_grid_generator.cpp:458
Converting /root/cuMatch/scratch/LGF/el32_tmp/133/133-3-7.el32.labeled, 16777216 edges (134217728 byte)
Input: /root/cuMatch/scratch/LGF/el32_tmp/134/134-3-7.el32.labeled [GBID: 134, 3, 7] [EDGE LABEL: IS_LOCATED_IN]
dmesg > labeled_grid_generator.cpp:458
Converting /root/cuMatch/scratch/LGF/el32_tmp/134/134-3-7.el32.labeled, 16777216 edges (134217728 byte)
Input: /root/cuMatch/scratch/LGF/el32_tmp/135/135-3-7.el32.labeled [GBID: 135, 3, 7] [EDGE LABEL: IS_LOCATED_IN]
dmesg > labeled_grid_generator.cpp:458
Converting /root/cuMatch/scratch/LGF/el32_tmp/135/135-3-7.el32.labeled, 16777216 edges (134217728 byte)
Input: /root/cuMatch/scratch/LGF/el32_tmp/136/136-3-7.el32.labeled [GBID: 136, 3, 7] [EDGE LABEL: IS_LOCATED_IN]
dmesg > labeled_grid_generator.cpp:458
Converting /root/cuMatch/scratch/LGF/el32_tmp/136/136-3-7.el32.labeled, 16777216 edges (134217728 byte)
Input: /root/cuMatch/scratch/LGF/el32_tmp/137/137-3-7.el32.labeled [GBID: 137, 3, 7] [EDGE LABEL: IS_LOCATED_IN]
dmesg > labeled_grid_generator.cpp:458
Converting /root/cuMatch/scratch/LGF/el32_tmp/137/137-3-7.el32.labeled, 16777216 edges (134217728 byte)
Input: /root/cuMatch/scratch/LGF/el32_tmp/138/138-3-7.el32.labeled [GBID: 138, 3, 7] [EDGE LABEL: IS_LOCATED_IN]
dmesg > labeled_grid_generator.cpp:458
Converting /root/cuMatch/scratch/LGF/el32_tmp/138/138-3-7.el32.labeled, 16777216 edges (134217728 byte)
Input: /root/cuMatch/scratch/LGF/el32_tmp/139/139-3-7.el32.labeled [GBID: 139, 3, 7] [EDGE LABEL: IS_LOCATED_IN]
dmesg > labeled_grid_generator.cpp:458
Converting /root/cuMatch/scratch/LGF/el32_tmp/139/139-3-7.el32.labeled, 16777216 edges (134217728 byte)
Input: /root/cuMatch/scratch/LGF/el32_tmp/140/140-3-7.el32.labeled [GBID: 140, 3, 7] [EDGE LABEL: IS_LOCATED_IN]
dmesg > labeled_grid_generator.cpp:458
Converting /root/cuMatch/scratch/LGF/el32_tmp/140/140-3-7.el32.labeled, 16777216 edges (134217728 byte)
Input: /root/cuMatch/scratch/LGF/el32_tmp/141/141-3-7.el32.labeled [GBID: 141, 3, 7] [EDGE LABEL: IS_LOCATED_IN]
dmesg > labeled_grid_generator.cpp:458
Converting /root/cuMatch/scratch/LGF/el32_tmp/141/141-3-7.el32.labeled, 16777216 edges (134217728 byte)
Input: /root/cuMatch/scratch/LGF/el32_tmp/142/142-3-7.el32.labeled [GBID: 142, 3, 7] [EDGE LABEL: IS_LOCATED_IN]
dmesg > labeled_grid_generator.cpp:458
Converting /root/cuMatch/scratch/LGF/el32_tmp/142/142-3-7.el32.labeled, 16777216 edges (134217728 byte)
Input: /root/cuMatch/scratch/LGF/el32_tmp/143/143-3-7.el32.labeled [GBID: 143, 3, 7] [EDGE LABEL: IS_LOCATED_IN]
dmesg > labeled_grid_generator.cpp:458
Converting /root/cuMatch/scratch/LGF/el32_tmp/143/143-3-7.el32.labeled, 16777216 edges (134217728 byte)
Input: /root/cuMatch/scratch/LGF/el32_tmp/144/144-3-7.el32.labeled [GBID: 144, 3, 7] [EDGE LABEL: IS_LOCATED_IN]
dmesg > labeled_grid_generator.cpp:458
Converting /root/cuMatch/scratch/LGF/el32_tmp/144/144-3-7.el32.labeled, 16777216 edges (134217728 byte)
Input: /root/cuMatch/scratch/LGF/el32_tmp/145/145-3-7.el32.labeled [GBID: 145, 3, 7] [EDGE LABEL: IS_LOCATED_IN]
dmesg > labeled_grid_generator.cpp:458
Converting /root/cuMatch/scratch/LGF/el32_tmp/145/145-3-7.el32.labeled, 16777216 edges (134217728 byte)
Input: /root/cuMatch/scratch/LGF/el32_tmp/146/146-3-7.el32.labeled [GBID: 146, 3, 7] [EDGE LABEL: IS_LOCATED_IN]
dmesg > labeled_grid_generator.cpp:458
Converting /root/cuMatch/scratch/LGF/el32_tmp/146/146-3-7.el32.labeled, 16777216 edges (134217728 byte)
Input: /root/cuMatch/scratch/LGF/el32_tmp/147/147-3-7.el32.labeled [GBID: 147, 3, 7] [EDGE LABEL: IS_LOCATED_IN]
dmesg > labeled_grid_generator.cpp:458
Converting /root/cuMatch/scratch/LGF/el32_tmp/147/147-3-7.el32.labeled, 16777216 edges (134217728 byte)
Input: /root/cuMatch/scratch/LGF/el32_tmp/148/148-3-7.el32.labeled [GBID: 148, 3, 7] [EDGE LABEL: IS_LOCATED_IN]
dmesg > labeled_grid_generator.cpp:458
Converting /root/cuMatch/scratch/LGF/el32_tmp/148/148-3-7.el32.labeled, 16777216 edges (134217728 byte)
Input: /root/cuMatch/scratch/LGF/el32_tmp/149/149-3-7.el32.labeled [GBID: 149, 3, 7] [EDGE LABEL: IS_LOCATED_IN]
dmesg > labeled_grid_generator.cpp:458
Converting /root/cuMatch/scratch/LGF/el32_tmp/149/149-3-7.el32.labeled, 16777216 edges (134217728 byte)
Input: /root/cuMatch/scratch/LGF/el32_tmp/150/150-3-7.el32.labeled [GBID: 150, 3, 7] [EDGE LABEL: IS_LOCATED_IN]
dmesg > labeled_grid_generator.cpp:458
Converting /root/cuMatch/scratch/LGF/el32_tmp/150/150-3-7.el32.labeled, 16777216 edges (134217728 byte)
Input: /root/cuMatch/scratch/LGF/el32_tmp/151/151-3-7.el32.labeled [GBID: 151, 3, 7] [EDGE LABEL: IS_LOCATED_IN]
dmesg > labeled_grid_generator.cpp:458
Converting /root/cuMatch/scratch/LGF/el32_tmp/151/151-3-7.el32.labeled, 3801673 edges (30413384 byte)
Input: /root/cuMatch/scratch/LGF/el32_tmp/152/152-3-7.el32.labeled [GBID: 152, 3, 7] [EDGE LABEL: IS_LOCATED_IN]
dmesg > labeled_grid_generator.cpp:458
Converting /root/cuMatch/scratch/LGF/el32_tmp/152/152-3-7.el32.labeled, 16777216 edges (134217728 byte)
Input: /root/cuMatch/scratch/LGF/el32_tmp/153/153-3-7.el32.labeled [GBID: 153, 3, 7] [EDGE LABEL: IS_LOCATED_IN]
dmesg > labeled_grid_generator.cpp:458
Converting /root/cuMatch/scratch/LGF/el32_tmp/153/153-3-7.el32.labeled, 16777216 edges (134217728 byte)
Input: /root/cuMatch/scratch/LGF/el32_tmp/154/154-3-7.el32.labeled [GBID: 154, 3, 7] [EDGE LABEL: IS_LOCATED_IN]
dmesg > labeled_grid_generator.cpp:458
Converting /root/cuMatch/scratch/LGF/el32_tmp/154/154-3-7.el32.labeled, 16777216 edges (134217728 byte)
Input: /root/cuMatch/scratch/LGF/el32_tmp/155/155-3-7.el32.labeled [GBID: 155, 3, 7] [EDGE LABEL: IS_LOCATED_IN]
dmesg > labeled_grid_generator.cpp:458
Converting /root/cuMatch/scratch/LGF/el32_tmp/155/155-3-7.el32.labeled, 16777216 edges (134217728 byte)
Input: /root/cuMatch/scratch/LGF/el32_tmp/156/156-3-7.el32.labeled [GBID: 156, 3, 7] [EDGE LABEL: IS_LOCATED_IN]
dmesg > labeled_grid_generator.cpp:458
Converting /root/cuMatch/scratch/LGF/el32_tmp/156/156-3-7.el32.labeled, 16777216 edges (134217728 byte)
Input: /root/cuMatch/scratch/LGF/el32_tmp/157/157-3-7.el32.labeled [GBID: 157, 3, 7] [EDGE LABEL: IS_LOCATED_IN]
dmesg > labeled_grid_generator.cpp:458
Converting /root/cuMatch/scratch/LGF/el32_tmp/157/157-3-7.el32.labeled, 16777216 edges (134217728 byte)
Input: /root/cuMatch/scratch/LGF/el32_tmp/158/158-3-7.el32.labeled [GBID: 158, 3, 7] [EDGE LABEL: IS_LOCATED_IN]
dmesg > labeled_grid_generator.cpp:458
Converting /root/cuMatch/scratch/LGF/el32_tmp/158/158-3-7.el32.labeled, 16777216 edges (134217728 byte)
Input: /root/cuMatch/scratch/LGF/el32_tmp/159/159-3-7.el32.labeled [GBID: 159, 3, 7] [EDGE LABEL: IS_LOCATED_IN]
dmesg > labeled_grid_generator.cpp:458
Converting /root/cuMatch/scratch/LGF/el32_tmp/159/159-3-7.el32.labeled, 16777216 edges (134217728 byte)
Input: /root/cuMatch/scratch/LGF/el32_tmp/160/160-3-7.el32.labeled [GBID: 160, 3, 7] [EDGE LABEL: IS_LOCATED_IN]
dmesg > labeled_grid_generator.cpp:458
Converting /root/cuMatch/scratch/LGF/el32_tmp/160/160-3-7.el32.labeled, 16777216 edges (134217728 byte)
Input: /root/cuMatch/scratch/LGF/el32_tmp/161/161-3-7.el32.labeled [GBID: 161, 3, 7] [EDGE LABEL: IS_LOCATED_IN]
dmesg > labeled_grid_generator.cpp:458
Converting /root/cuMatch/scratch/LGF/el32_tmp/161/161-3-7.el32.labeled, 16777216 edges (134217728 byte)
Input: /root/cuMatch/scratch/LGF/el32_tmp/162/162-3-7.el32.labeled [GBID: 162, 3, 7] [EDGE LABEL: IS_LOCATED_IN]
dmesg > labeled_grid_generator.cpp:458
Converting /root/cuMatch/scratch/LGF/el32_tmp/162/162-3-7.el32.labeled, 16777216 edges (134217728 byte)
Input: /root/cuMatch/scratch/LGF/el32_tmp/163/163-3-7.el32.labeled [GBID: 163, 3, 7] [EDGE LABEL: IS_LOCATED_IN]
dmesg > labeled_grid_generator.cpp:458
Converting /root/cuMatch/scratch/LGF/el32_tmp/163/163-3-7.el32.labeled, 16777216 edges (134217728 byte)
Input: /root/cuMatch/scratch/LGF/el32_tmp/164/164-3-7.el32.labeled [GBID: 164, 3, 7] [EDGE LABEL: IS_LOCATED_IN]
dmesg > labeled_grid_generator.cpp:458
Converting /root/cuMatch/scratch/LGF/el32_tmp/164/164-3-7.el32.labeled, 16777216 edges (134217728 byte)
Input: /root/cuMatch/scratch/LGF/el32_tmp/165/165-3-7.el32.labeled [GBID: 165, 3, 7] [EDGE LABEL: IS_LOCATED_IN]
dmesg > labeled_grid_generator.cpp:458
Converting /root/cuMatch/scratch/LGF/el32_tmp/165/165-3-7.el32.labeled, 16777216 edges (134217728 byte)
Input: /root/cuMatch/scratch/LGF/el32_tmp/166/166-3-7.el32.labeled [GBID: 166, 3, 7] [EDGE LABEL: IS_LOCATED_IN]
dmesg > labeled_grid_generator.cpp:458
Converting /root/cuMatch/scratch/LGF/el32_tmp/166/166-3-7.el32.labeled, 16777216 edges (134217728 byte)
Input: /root/cuMatch/scratch/LGF/el32_tmp/167/167-3-7.el32.labeled [GBID: 167, 3, 7] [EDGE LABEL: IS_LOCATED_IN]
dmesg > labeled_grid_generator.cpp:458
Converting /root/cuMatch/scratch/LGF/el32_tmp/167/167-3-7.el32.labeled, 16777216 edges (134217728 byte)
Input: /root/cuMatch/scratch/LGF/el32_tmp/168/168-3-7.el32.labeled [GBID: 168, 3, 7] [EDGE LABEL: IS_LOCATED_IN]
dmesg > labeled_grid_generator.cpp:458
Converting /root/cuMatch/scratch/LGF/el32_tmp/168/168-3-7.el32.labeled, 16777216 edges (134217728 byte)
Input: /root/cuMatch/scratch/LGF/el32_tmp/169/169-3-7.el32.labeled [GBID: 169, 3, 7] [EDGE LABEL: IS_LOCATED_IN]
dmesg > labeled_grid_generator.cpp:458
Converting /root/cuMatch/scratch/LGF/el32_tmp/169/169-3-7.el32.labeled, 16777216 edges (134217728 byte)
Input: /root/cuMatch/scratch/LGF/el32_tmp/170/170-3-7.el32.labeled [GBID: 170, 3, 7] [EDGE LABEL: IS_LOCATED_IN]
dmesg > labeled_grid_generator.cpp:458
Converting /root/cuMatch/scratch/LGF/el32_tmp/170/170-3-7.el32.labeled, 16777216 edges (134217728 byte)
Input: /root/cuMatch/scratch/LGF/el32_tmp/171/171-3-7.el32.labeled [GBID: 171, 3, 7] [EDGE LABEL: IS_LOCATED_IN]
dmesg > labeled_grid_generator.cpp:458
Converting /root/cuMatch/scratch/LGF/el32_tmp/171/171-3-7.el32.labeled, 16777216 edges (134217728 byte)
Input: /root/cuMatch/scratch/LGF/el32_tmp/172/172-3-7.el32.labeled [GBID: 172, 3, 7] [EDGE LABEL: IS_LOCATED_IN]
dmesg > labeled_grid_generator.cpp:458
Converting /root/cuMatch/scratch/LGF/el32_tmp/172/172-3-7.el32.labeled, 16777216 edges (134217728 byte)
Input: /root/cuMatch/scratch/LGF/el32_tmp/173/173-3-7.el32.labeled [GBID: 173, 3, 7] [EDGE LABEL: IS_LOCATED_IN]
dmesg > labeled_grid_generator.cpp:458
Converting /root/cuMatch/scratch/LGF/el32_tmp/173/173-3-7.el32.labeled, 16777216 edges (134217728 byte)
Input: /root/cuMatch/scratch/LGF/el32_tmp/174/174-3-7.el32.labeled [GBID: 174, 3, 7] [EDGE LABEL: IS_LOCATED_IN]
dmesg > labeled_grid_generator.cpp:458
Converting /root/cuMatch/scratch/LGF/el32_tmp/174/174-3-7.el32.labeled, 16777216 edges (134217728 byte)
Input: /root/cuMatch/scratch/LGF/el32_tmp/175/175-3-7.el32.labeled [GBID: 175, 3, 7] [EDGE LABEL: IS_LOCATED_IN]
dmesg > labeled_grid_generator.cpp:458
Converting /root/cuMatch/scratch/LGF/el32_tmp/175/175-3-7.el32.labeled, 16777216 edges (134217728 byte)
Input: /root/cuMatch/scratch/LGF/el32_tmp/176/176-3-7.el32.labeled [GBID: 176, 3, 7] [EDGE LABEL: IS_LOCATED_IN]
dmesg > labeled_grid_generator.cpp:458
Converting /root/cuMatch/scratch/LGF/el32_tmp/176/176-3-7.el32.labeled, 16777216 edges (134217728 byte)
Input: /root/cuMatch/scratch/LGF/el32_tmp/177/177-3-7.el32.labeled [GBID: 177, 3, 7] [EDGE LABEL: IS_LOCATED_IN]
dmesg > labeled_grid_generator.cpp:458
Converting /root/cuMatch/scratch/LGF/el32_tmp/177/177-3-7.el32.labeled, 16777216 edges (134217728 byte)
Input: /root/cuMatch/scratch/LGF/el32_tmp/178/178-3-7.el32.labeled [GBID: 178, 3, 7] [EDGE LABEL: IS_LOCATED_IN]
dmesg > labeled_grid_generator.cpp:458
Converting /root/cuMatch/scratch/LGF/el32_tmp/178/178-3-7.el32.labeled, 16777216 edges (134217728 byte)
Input: /root/cuMatch/scratch/LGF/el32_tmp/179/179-3-7.el32.labeled [GBID: 179, 3, 7] [EDGE LABEL: IS_LOCATED_IN]
dmesg > labeled_grid_generator.cpp:458
Converting /root/cuMatch/scratch/LGF/el32_tmp/179/179-3-7.el32.labeled, 16777216 edges (134217728 byte)
Input: /root/cuMatch/scratch/LGF/el32_tmp/180/180-3-7.el32.labeled [GBID: 180, 3, 7] [EDGE LABEL: IS_LOCATED_IN]
dmesg > labeled_grid_generator.cpp:458
Converting /root/cuMatch/scratch/LGF/el32_tmp/180/180-3-7.el32.labeled, 16777216 edges (134217728 byte)
Input: /root/cuMatch/scratch/LGF/el32_tmp/181/181-3-7.el32.labeled [GBID: 181, 3, 7] [EDGE LABEL: IS_LOCATED_IN]
dmesg > labeled_grid_generator.cpp:458
Converting /root/cuMatch/scratch/LGF/el32_tmp/181/181-3-7.el32.labeled, 16777216 edges (134217728 byte)
Input: /root/cuMatch/scratch/LGF/el32_tmp/182/182-3-7.el32.labeled [GBID: 182, 3, 7] [EDGE LABEL: IS_LOCATED_IN]
dmesg > labeled_grid_generator.cpp:458
Converting /root/cuMatch/scratch/LGF/el32_tmp/182/182-3-7.el32.labeled, 16777216 edges (134217728 byte)
Input: /root/cuMatch/scratch/LGF/el32_tmp/183/183-3-7.el32.labeled [GBID: 183, 3, 7] [EDGE LABEL: IS_LOCATED_IN]
dmesg > labeled_grid_generator.cpp:458
Converting /root/cuMatch/scratch/LGF/el32_tmp/183/183-3-7.el32.labeled, 16777216 edges (134217728 byte)
Input: /root/cuMatch/scratch/LGF/el32_tmp/184/184-3-7.el32.labeled [GBID: 184, 3, 7] [EDGE LABEL: IS_LOCATED_IN]
dmesg > labeled_grid_generator.cpp:458
Converting /root/cuMatch/scratch/LGF/el32_tmp/184/184-3-7.el32.labeled, 16777216 edges (134217728 byte)
Input: /root/cuMatch/scratch/LGF/el32_tmp/185/185-3-7.el32.labeled [GBID: 185, 3, 7] [EDGE LABEL: IS_LOCATED_IN]
dmesg > labeled_grid_generator.cpp:458
Converting /root/cuMatch/scratch/LGF/el32_tmp/185/185-3-7.el32.labeled, 9385506 edges (75084048 byte)
Input: /root/cuMatch/scratch/LGF/el32_tmp/7/7-7-12.el32.labeled [GBID: 7, 7, 12] [EDGE LABEL: REPLY_OF]
dmesg > labeled_grid_generator.cpp:458
Converting /root/cuMatch/scratch/LGF/el32_tmp/7/7-7-12.el32.labeled, 8484782 edges (67878256 byte)
Input: /root/cuMatch/scratch/LGF/el32_tmp/8/8-7-12.el32.labeled [GBID: 8, 7, 12] [EDGE LABEL: REPLY_OF]
dmesg > labeled_grid_generator.cpp:458
Converting /root/cuMatch/scratch/LGF/el32_tmp/8/8-7-12.el32.labeled, 2 edges (16 byte)
Input: /root/cuMatch/scratch/LGF/el32_tmp/186/186-7-11.el32.labeled [GBID: 186, 7, 11] [EDGE LABEL: LIKES]
dmesg > labeled_grid_generator.cpp:458
Converting /root/cuMatch/scratch/LGF/el32_tmp/186/186-7-11.el32.labeled, 20013247 edges (160105976 byte)
Input: /root/cuMatch/scratch/LGF/el32_tmp/8/8-8-12.el32.labeled [GBID: 8, 8, 12] [EDGE LABEL: REPLY_OF]
dmesg > labeled_grid_generator.cpp:458
Converting /root/cuMatch/scratch/LGF/el32_tmp/8/8-8-12.el32.labeled, 8492699 edges (67941592 byte)
Input: /root/cuMatch/scratch/LGF/el32_tmp/9/9-8-12.el32.labeled [GBID: 9, 8, 12] [EDGE LABEL: REPLY_OF]
dmesg > labeled_grid_generator.cpp:458
Converting /root/cuMatch/scratch/LGF/el32_tmp/9/9-8-12.el32.labeled, 2 edges (16 byte)
Input: /root/cuMatch/scratch/LGF/el32_tmp/186/186-8-11.el32.labeled [GBID: 186, 8, 11] [EDGE LABEL: LIKES]
dmesg > labeled_grid_generator.cpp:458
Converting /root/cuMatch/scratch/LGF/el32_tmp/186/186-8-11.el32.labeled, 19469920 edges (155759360 byte)
Input: /root/cuMatch/scratch/LGF/el32_tmp/9/9-9-12.el32.labeled [GBID: 9, 9, 12] [EDGE LABEL: REPLY_OF]
dmesg > labeled_grid_generator.cpp:458
Converting /root/cuMatch/scratch/LGF/el32_tmp/9/9-9-12.el32.labeled, 8488455 edges (67907640 byte)
Input: /root/cuMatch/scratch/LGF/el32_tmp/10/10-9-12.el32.labeled [GBID: 10, 9, 12] [EDGE LABEL: REPLY_OF]
dmesg > labeled_grid_generator.cpp:458
Converting /root/cuMatch/scratch/LGF/el32_tmp/10/10-9-12.el32.labeled, 1 edges (8 byte)
Input: /root/cuMatch/scratch/LGF/el32_tmp/186/186-9-11.el32.labeled [GBID: 186, 9, 11] [EDGE LABEL: LIKES]
dmesg > labeled_grid_generator.cpp:458
Converting /root/cuMatch/scratch/LGF/el32_tmp/186/186-9-11.el32.labeled, 20088279 edges (160706232 byte)
Input: /root/cuMatch/scratch/LGF/el32_tmp/10/10-10-12.el32.labeled [GBID: 10, 10, 12] [EDGE LABEL: REPLY_OF]
dmesg > labeled_grid_generator.cpp:458
Converting /root/cuMatch/scratch/LGF/el32_tmp/10/10-10-12.el32.labeled, 8482251 edges (67858008 byte)
Input: /root/cuMatch/scratch/LGF/el32_tmp/11/11-10-12.el32.labeled [GBID: 11, 10, 12] [EDGE LABEL: REPLY_OF]
dmesg > labeled_grid_generator.cpp:458
Converting /root/cuMatch/scratch/LGF/el32_tmp/11/11-10-12.el32.labeled, 2 edges (16 byte)
Input: /root/cuMatch/scratch/LGF/el32_tmp/186/186-10-11.el32.labeled [GBID: 186, 10, 11] [EDGE LABEL: LIKES]
dmesg > labeled_grid_generator.cpp:458
Converting /root/cuMatch/scratch/LGF/el32_tmp/186/186-10-11.el32.labeled, 20141591 edges (161132728 byte)
Input: /root/cuMatch/scratch/LGF/el32_tmp/11/11-11-12.el32.labeled [GBID: 11, 11, 12] [EDGE LABEL: REPLY_OF]
dmesg > labeled_grid_generator.cpp:458
Converting /root/cuMatch/scratch/LGF/el32_tmp/11/11-11-12.el32.labeled, 8474991 edges (67799928 byte)
Input: /root/cuMatch/scratch/LGF/el32_tmp/12/12-11-12.el32.labeled [GBID: 12, 11, 12] [EDGE LABEL: REPLY_OF]
dmesg > labeled_grid_generator.cpp:458
Converting /root/cuMatch/scratch/LGF/el32_tmp/12/12-11-12.el32.labeled, 2 edges (16 byte)
Input: /root/cuMatch/scratch/LGF/el32_tmp/186/186-11-11.el32.labeled [GBID: 186, 11, 11] [EDGE LABEL: LIKES]
dmesg > labeled_grid_generator.cpp:458
Converting /root/cuMatch/scratch/LGF/el32_tmp/186/186-11-11.el32.labeled, 19573453 edges (156587624 byte)
Input: /root/cuMatch/scratch/LGF/el32_tmp/12/12-12-12.el32.labeled [GBID: 12, 12, 12] [EDGE LABEL: REPLY_OF]
dmesg > labeled_grid_generator.cpp:458
Converting /root/cuMatch/scratch/LGF/el32_tmp/12/12-12-12.el32.labeled, 8488065 edges (67904520 byte)
Input: /root/cuMatch/scratch/LGF/el32_tmp/13/13-12-12.el32.labeled [GBID: 13, 12, 12] [EDGE LABEL: REPLY_OF]
dmesg > labeled_grid_generator.cpp:458
Converting /root/cuMatch/scratch/LGF/el32_tmp/13/13-12-12.el32.labeled, 4 edges (32 byte)
Input: /root/cuMatch/scratch/LGF/el32_tmp/186/186-12-11.el32.labeled [GBID: 186, 12, 11] [EDGE LABEL: LIKES]
dmesg > labeled_grid_generator.cpp:458
Converting /root/cuMatch/scratch/LGF/el32_tmp/186/186-12-11.el32.labeled, 19541038 edges (156328304 byte)
Input: /root/cuMatch/scratch/LGF/el32_tmp/13/13-13-12.el32.labeled [GBID: 13, 13, 12] [EDGE LABEL: REPLY_OF]
dmesg > labeled_grid_generator.cpp:458
Converting /root/cuMatch/scratch/LGF/el32_tmp/13/13-13-12.el32.labeled, 8530930 edges (68247440 byte)
Input: /root/cuMatch/scratch/LGF/el32_tmp/14/14-13-12.el32.labeled [GBID: 14, 13, 12] [EDGE LABEL: REPLY_OF]
dmesg > labeled_grid_generator.cpp:458
Converting /root/cuMatch/scratch/LGF/el32_tmp/14/14-13-12.el32.labeled, 4 edges (32 byte)
Input: /root/cuMatch/scratch/LGF/el32_tmp/186/186-13-11.el32.labeled [GBID: 186, 13, 11] [EDGE LABEL: LIKES]
dmesg > labeled_grid_generator.cpp:458
Converting /root/cuMatch/scratch/LGF/el32_tmp/186/186-13-11.el32.labeled, 19851580 edges (158812640 byte)
Input: /root/cuMatch/scratch/LGF/el32_tmp/14/14-14-12.el32.labeled [GBID: 14, 14, 12] [EDGE LABEL: REPLY_OF]
dmesg > labeled_grid_generator.cpp:458
Converting /root/cuMatch/scratch/LGF/el32_tmp/14/14-14-12.el32.labeled, 8488053 edges (67904424 byte)
Input: /root/cuMatch/scratch/LGF/el32_tmp/15/15-14-12.el32.labeled [GBID: 15, 14, 12] [EDGE LABEL: REPLY_OF]
dmesg > labeled_grid_generator.cpp:458
Converting /root/cuMatch/scratch/LGF/el32_tmp/15/15-14-12.el32.labeled, 2 edges (16 byte)
Input: /root/cuMatch/scratch/LGF/el32_tmp/186/186-14-11.el32.labeled [GBID: 186, 14, 11] [EDGE LABEL: LIKES]
dmesg > labeled_grid_generator.cpp:458
Converting /root/cuMatch/scratch/LGF/el32_tmp/186/186-14-11.el32.labeled, 20248548 edges (161988384 byte)
Input: /root/cuMatch/scratch/LGF/el32_tmp/15/15-15-12.el32.labeled [GBID: 15, 15, 12] [EDGE LABEL: REPLY_OF]
dmesg > labeled_grid_generator.cpp:458
Converting /root/cuMatch/scratch/LGF/el32_tmp/15/15-15-12.el32.labeled, 8507972 edges (68063776 byte)
Input: /root/cuMatch/scratch/LGF/el32_tmp/186/186-15-11.el32.labeled [GBID: 186, 15, 11] [EDGE LABEL: LIKES]
dmesg > labeled_grid_generator.cpp:458
Converting /root/cuMatch/scratch/LGF/el32_tmp/186/186-15-11.el32.labeled, 19810424 edges (158483392 byte)
Input: /root/cuMatch/scratch/LGF/el32_tmp/16/16-16-12.el32.labeled [GBID: 16, 16, 12] [EDGE LABEL: REPLY_OF]
dmesg > labeled_grid_generator.cpp:458
Converting /root/cuMatch/scratch/LGF/el32_tmp/16/16-16-12.el32.labeled, 8492504 edges (67940032 byte)
Input: /root/cuMatch/scratch/LGF/el32_tmp/17/17-16-12.el32.labeled [GBID: 17, 16, 12] [EDGE LABEL: REPLY_OF]
dmesg > labeled_grid_generator.cpp:458
Converting /root/cuMatch/scratch/LGF/el32_tmp/17/17-16-12.el32.labeled, 7 edges (56 byte)
Input: /root/cuMatch/scratch/LGF/el32_tmp/186/186-16-11.el32.labeled [GBID: 186, 16, 11] [EDGE LABEL: LIKES]
dmesg > labeled_grid_generator.cpp:458
Converting /root/cuMatch/scratch/LGF/el32_tmp/186/186-16-11.el32.labeled, 19954016 edges (159632128 byte)
Input: /root/cuMatch/scratch/LGF/el32_tmp/17/17-17-12.el32.labeled [GBID: 17, 17, 12] [EDGE LABEL: REPLY_OF]
dmesg > labeled_grid_generator.cpp:458
Converting /root/cuMatch/scratch/LGF/el32_tmp/17/17-17-12.el32.labeled, 8486928 edges (67895424 byte)
Input: /root/cuMatch/scratch/LGF/el32_tmp/186/186-17-11.el32.labeled [GBID: 186, 17, 11] [EDGE LABEL: LIKES]
dmesg > labeled_grid_generator.cpp:458
Converting /root/cuMatch/scratch/LGF/el32_tmp/186/186-17-11.el32.labeled, 19771277 edges (158170216 byte)
Input: /root/cuMatch/scratch/LGF/el32_tmp/18/18-18-12.el32.labeled [GBID: 18, 18, 12] [EDGE LABEL: REPLY_OF]
dmesg > labeled_grid_generator.cpp:458
Converting /root/cuMatch/scratch/LGF/el32_tmp/18/18-18-12.el32.labeled, 8468326 edges (67746608 byte)
Input: /root/cuMatch/scratch/LGF/el32_tmp/186/186-18-11.el32.labeled [GBID: 186, 18, 11] [EDGE LABEL: LIKES]
dmesg > labeled_grid_generator.cpp:458
Converting /root/cuMatch/scratch/LGF/el32_tmp/186/186-18-11.el32.labeled, 19841341 edges (158730728 byte)
Input: /root/cuMatch/scratch/LGF/el32_tmp/19/19-19-12.el32.labeled [GBID: 19, 19, 12] [EDGE LABEL: REPLY_OF]
dmesg > labeled_grid_generator.cpp:458
Converting /root/cuMatch/scratch/LGF/el32_tmp/19/19-19-12.el32.labeled, 8495290 edges (67962320 byte)
Input: /root/cuMatch/scratch/LGF/el32_tmp/20/20-19-12.el32.labeled [GBID: 20, 19, 12] [EDGE LABEL: REPLY_OF]
dmesg > labeled_grid_generator.cpp:458
Converting /root/cuMatch/scratch/LGF/el32_tmp/20/20-19-12.el32.labeled, 5 edges (40 byte)
Input: /root/cuMatch/scratch/LGF/el32_tmp/186/186-19-11.el32.labeled [GBID: 186, 19, 11] [EDGE LABEL: LIKES]
dmesg > labeled_grid_generator.cpp:458
Converting /root/cuMatch/scratch/LGF/el32_tmp/186/186-19-11.el32.labeled, 19801803 edges (158414424 byte)
Input: /root/cuMatch/scratch/LGF/el32_tmp/20/20-20-12.el32.labeled [GBID: 20, 20, 12] [EDGE LABEL: REPLY_OF]
dmesg > labeled_grid_generator.cpp:458
Converting /root/cuMatch/scratch/LGF/el32_tmp/20/20-20-12.el32.labeled, 8528688 edges (68229504 byte)
Input: /root/cuMatch/scratch/LGF/el32_tmp/186/186-20-11.el32.labeled [GBID: 186, 20, 11] [EDGE LABEL: LIKES]
dmesg > labeled_grid_generator.cpp:458
Converting /root/cuMatch/scratch/LGF/el32_tmp/186/186-20-11.el32.labeled, 19976311 edges (159810488 byte)
Input: /root/cuMatch/scratch/LGF/el32_tmp/21/21-21-12.el32.labeled [GBID: 21, 21, 12] [EDGE LABEL: REPLY_OF]
dmesg > labeled_grid_generator.cpp:458
Converting /root/cuMatch/scratch/LGF/el32_tmp/21/21-21-12.el32.labeled, 8473650 edges (67789200 byte)
Input: /root/cuMatch/scratch/LGF/el32_tmp/22/22-21-12.el32.labeled [GBID: 22, 21, 12] [EDGE LABEL: REPLY_OF]
dmesg > labeled_grid_generator.cpp:458
Converting /root/cuMatch/scratch/LGF/el32_tmp/22/22-21-12.el32.labeled, 1 edges (8 byte)
Input: /root/cuMatch/scratch/LGF/el32_tmp/186/186-21-11.el32.labeled [GBID: 186, 21, 11] [EDGE LABEL: LIKES]
dmesg > labeled_grid_generator.cpp:458
Converting /root/cuMatch/scratch/LGF/el32_tmp/186/186-21-11.el32.labeled, 19808054 edges (158464432 byte)
Input: /root/cuMatch/scratch/LGF/el32_tmp/22/22-22-12.el32.labeled [GBID: 22, 22, 12] [EDGE LABEL: REPLY_OF]
dmesg > labeled_grid_generator.cpp:458
Converting /root/cuMatch/scratch/LGF/el32_tmp/22/22-22-12.el32.labeled, 8476448 edges (67811584 byte)
Input: /root/cuMatch/scratch/LGF/el32_tmp/23/23-22-12.el32.labeled [GBID: 23, 22, 12] [EDGE LABEL: REPLY_OF]
dmesg > labeled_grid_generator.cpp:458
Converting /root/cuMatch/scratch/LGF/el32_tmp/23/23-22-12.el32.labeled, 8 edges (64 byte)
Input: /root/cuMatch/scratch/LGF/el32_tmp/186/186-22-11.el32.labeled [GBID: 186, 22, 11] [EDGE LABEL: LIKES]
dmesg > labeled_grid_generator.cpp:458
Converting /root/cuMatch/scratch/LGF/el32_tmp/186/186-22-11.el32.labeled, 19499695 edges (155997560 byte)
Input: /root/cuMatch/scratch/LGF/el32_tmp/23/23-23-12.el32.labeled [GBID: 23, 23, 12] [EDGE LABEL: REPLY_OF]
dmesg > labeled_grid_generator.cpp:458
Converting /root/cuMatch/scratch/LGF/el32_tmp/23/23-23-12.el32.labeled, 8481767 edges (67854136 byte)
Input: /root/cuMatch/scratch/LGF/el32_tmp/24/24-23-12.el32.labeled [GBID: 24, 23, 12] [EDGE LABEL: REPLY_OF]
dmesg > labeled_grid_generator.cpp:458
Converting /root/cuMatch/scratch/LGF/el32_tmp/24/24-23-12.el32.labeled, 1 edges (8 byte)
Input: /root/cuMatch/scratch/LGF/el32_tmp/186/186-23-11.el32.labeled [GBID: 186, 23, 11] [EDGE LABEL: LIKES]
dmesg > labeled_grid_generator.cpp:458
Converting /root/cuMatch/scratch/LGF/el32_tmp/186/186-23-11.el32.labeled, 19636382 edges (157091056 byte)
Input: /root/cuMatch/scratch/LGF/el32_tmp/24/24-24-12.el32.labeled [GBID: 24, 24, 12] [EDGE LABEL: REPLY_OF]
dmesg > labeled_grid_generator.cpp:458
Converting /root/cuMatch/scratch/LGF/el32_tmp/24/24-24-12.el32.labeled, 8466467 edges (67731736 byte)
Input: /root/cuMatch/scratch/LGF/el32_tmp/25/25-24-12.el32.labeled [GBID: 25, 24, 12] [EDGE LABEL: REPLY_OF]
dmesg > labeled_grid_generator.cpp:458
Converting /root/cuMatch/scratch/LGF/el32_tmp/25/25-24-12.el32.labeled, 5 edges (40 byte)
Input: /root/cuMatch/scratch/LGF/el32_tmp/186/186-24-11.el32.labeled [GBID: 186, 24, 11] [EDGE LABEL: LIKES]
dmesg > labeled_grid_generator.cpp:458
Converting /root/cuMatch/scratch/LGF/el32_tmp/186/186-24-11.el32.labeled, 20215033 edges (161720264 byte)
Input: /root/cuMatch/scratch/LGF/el32_tmp/25/25-25-12.el32.labeled [GBID: 25, 25, 12] [EDGE LABEL: REPLY_OF]
dmesg > labeled_grid_generator.cpp:458
Converting /root/cuMatch/scratch/LGF/el32_tmp/25/25-25-12.el32.labeled, 8510545 edges (68084360 byte)
Input: /root/cuMatch/scratch/LGF/el32_tmp/26/26-25-12.el32.labeled [GBID: 26, 25, 12] [EDGE LABEL: REPLY_OF]
dmesg > labeled_grid_generator.cpp:458
Converting /root/cuMatch/scratch/LGF/el32_tmp/26/26-25-12.el32.labeled, 4 edges (32 byte)
Input: /root/cuMatch/scratch/LGF/el32_tmp/186/186-25-11.el32.labeled [GBID: 186, 25, 11] [EDGE LABEL: LIKES]
dmesg > labeled_grid_generator.cpp:458
Converting /root/cuMatch/scratch/LGF/el32_tmp/186/186-25-11.el32.labeled, 20103669 edges (160829352 byte)
Input: /root/cuMatch/scratch/LGF/el32_tmp/26/26-26-12.el32.labeled [GBID: 26, 26, 12] [EDGE LABEL: REPLY_OF]
dmesg > labeled_grid_generator.cpp:458
Converting /root/cuMatch/scratch/LGF/el32_tmp/26/26-26-12.el32.labeled, 8487879 edges (67903032 byte)
Input: /root/cuMatch/scratch/LGF/el32_tmp/27/27-26-12.el32.labeled [GBID: 27, 26, 12] [EDGE LABEL: REPLY_OF]
dmesg > labeled_grid_generator.cpp:458
Converting /root/cuMatch/scratch/LGF/el32_tmp/27/27-26-12.el32.labeled, 5 edges (40 byte)
Input: /root/cuMatch/scratch/LGF/el32_tmp/186/186-26-11.el32.labeled [GBID: 186, 26, 11] [EDGE LABEL: LIKES]
dmesg > labeled_grid_generator.cpp:458
Converting /root/cuMatch/scratch/LGF/el32_tmp/186/186-26-11.el32.labeled, 20073500 edges (160588000 byte)
Input: /root/cuMatch/scratch/LGF/el32_tmp/27/27-27-12.el32.labeled [GBID: 27, 27, 12] [EDGE LABEL: REPLY_OF]
dmesg > labeled_grid_generator.cpp:458
Converting /root/cuMatch/scratch/LGF/el32_tmp/27/27-27-12.el32.labeled, 8491253 edges (67930024 byte)
Input: /root/cuMatch/scratch/LGF/el32_tmp/28/28-27-12.el32.labeled [GBID: 28, 27, 12] [EDGE LABEL: REPLY_OF]
dmesg > labeled_grid_generator.cpp:458
Converting /root/cuMatch/scratch/LGF/el32_tmp/28/28-27-12.el32.labeled, 5 edges (40 byte)
Input: /root/cuMatch/scratch/LGF/el32_tmp/186/186-27-11.el32.labeled [GBID: 186, 27, 11] [EDGE LABEL: LIKES]
dmesg > labeled_grid_generator.cpp:458
Converting /root/cuMatch/scratch/LGF/el32_tmp/186/186-27-11.el32.labeled, 20008026 edges (160064208 byte)
Input: /root/cuMatch/scratch/LGF/el32_tmp/28/28-28-12.el32.labeled [GBID: 28, 28, 12] [EDGE LABEL: REPLY_OF]
dmesg > labeled_grid_generator.cpp:458
Converting /root/cuMatch/scratch/LGF/el32_tmp/28/28-28-12.el32.labeled, 8470609 edges (67764872 byte)
Input: /root/cuMatch/scratch/LGF/el32_tmp/186/186-28-11.el32.labeled [GBID: 186, 28, 11] [EDGE LABEL: LIKES]
dmesg > labeled_grid_generator.cpp:458
Converting /root/cuMatch/scratch/LGF/el32_tmp/186/186-28-11.el32.labeled, 19360050 edges (154880400 byte)
Input: /root/cuMatch/scratch/LGF/el32_tmp/29/29-29-12.el32.labeled [GBID: 29, 29, 12] [EDGE LABEL: REPLY_OF]
dmesg > labeled_grid_generator.cpp:458
Converting /root/cuMatch/scratch/LGF/el32_tmp/29/29-29-12.el32.labeled, 8504813 edges (68038504 byte)
Input: /root/cuMatch/scratch/LGF/el32_tmp/30/30-29-12.el32.labeled [GBID: 30, 29, 12] [EDGE LABEL: REPLY_OF]
dmesg > labeled_grid_generator.cpp:458
Converting /root/cuMatch/scratch/LGF/el32_tmp/30/30-29-12.el32.labeled, 1 edges (8 byte)
Input: /root/cuMatch/scratch/LGF/el32_tmp/186/186-29-11.el32.labeled [GBID: 186, 29, 11] [EDGE LABEL: LIKES]
dmesg > labeled_grid_generator.cpp:458
Converting /root/cuMatch/scratch/LGF/el32_tmp/186/186-29-11.el32.labeled, 19611283 edges (156890264 byte)
Input: /root/cuMatch/scratch/LGF/el32_tmp/30/30-30-12.el32.labeled [GBID: 30, 30, 12] [EDGE LABEL: REPLY_OF]
dmesg > labeled_grid_generator.cpp:458
Converting /root/cuMatch/scratch/LGF/el32_tmp/30/30-30-12.el32.labeled, 8495073 edges (67960584 byte)
Input: /root/cuMatch/scratch/LGF/el32_tmp/31/31-30-12.el32.labeled [GBID: 31, 30, 12] [EDGE LABEL: REPLY_OF]
dmesg > labeled_grid_generator.cpp:458
Converting /root/cuMatch/scratch/LGF/el32_tmp/31/31-30-12.el32.labeled, 1 edges (8 byte)
Input: /root/cuMatch/scratch/LGF/el32_tmp/186/186-30-11.el32.labeled [GBID: 186, 30, 11] [EDGE LABEL: LIKES]
dmesg > labeled_grid_generator.cpp:458
Converting /root/cuMatch/scratch/LGF/el32_tmp/186/186-30-11.el32.labeled, 19902016 edges (159216128 byte)
Input: /root/cuMatch/scratch/LGF/el32_tmp/31/31-31-12.el32.labeled [GBID: 31, 31, 12] [EDGE LABEL: REPLY_OF]
dmesg > labeled_grid_generator.cpp:458
Converting /root/cuMatch/scratch/LGF/el32_tmp/31/31-31-12.el32.labeled, 8509154 edges (68073232 byte)
Input: /root/cuMatch/scratch/LGF/el32_tmp/186/186-31-11.el32.labeled [GBID: 186, 31, 11] [EDGE LABEL: LIKES]
dmesg > labeled_grid_generator.cpp:458
Converting /root/cuMatch/scratch/LGF/el32_tmp/186/186-31-11.el32.labeled, 20353500 edges (162828000 byte)
Input: /root/cuMatch/scratch/LGF/el32_tmp/32/32-32-12.el32.labeled [GBID: 32, 32, 12] [EDGE LABEL: REPLY_OF]
dmesg > labeled_grid_generator.cpp:458
Converting /root/cuMatch/scratch/LGF/el32_tmp/32/32-32-12.el32.labeled, 8498040 edges (67984320 byte)
Input: /root/cuMatch/scratch/LGF/el32_tmp/33/33-32-12.el32.labeled [GBID: 33, 32, 12] [EDGE LABEL: REPLY_OF]
dmesg > labeled_grid_generator.cpp:458
Converting /root/cuMatch/scratch/LGF/el32_tmp/33/33-32-12.el32.labeled, 7 edges (56 byte)
Input: /root/cuMatch/scratch/LGF/el32_tmp/186/186-32-11.el32.labeled [GBID: 186, 32, 11] [EDGE LABEL: LIKES]
dmesg > labeled_grid_generator.cpp:458
Converting /root/cuMatch/scratch/LGF/el32_tmp/186/186-32-11.el32.labeled, 19996619 edges (159972952 byte)
Input: /root/cuMatch/scratch/LGF/el32_tmp/33/33-33-12.el32.labeled [GBID: 33, 33, 12] [EDGE LABEL: REPLY_OF]
dmesg > labeled_grid_generator.cpp:458
Converting /root/cuMatch/scratch/LGF/el32_tmp/33/33-33-12.el32.labeled, 8461133 edges (67689064 byte)
Input: /root/cuMatch/scratch/LGF/el32_tmp/34/34-33-12.el32.labeled [GBID: 34, 33, 12] [EDGE LABEL: REPLY_OF]
dmesg > labeled_grid_generator.cpp:458
Converting /root/cuMatch/scratch/LGF/el32_tmp/34/34-33-12.el32.labeled, 4 edges (32 byte)
Input: /root/cuMatch/scratch/LGF/el32_tmp/186/186-33-11.el32.labeled [GBID: 186, 33, 11] [EDGE LABEL: LIKES]
dmesg > labeled_grid_generator.cpp:458
Converting /root/cuMatch/scratch/LGF/el32_tmp/186/186-33-11.el32.labeled, 19551267 edges (156410136 byte)
Input: /root/cuMatch/scratch/LGF/el32_tmp/34/34-34-12.el32.labeled [GBID: 34, 34, 12] [EDGE LABEL: REPLY_OF]
dmesg > labeled_grid_generator.cpp:458
Converting /root/cuMatch/scratch/LGF/el32_tmp/34/34-34-12.el32.labeled, 8481492 edges (67851936 byte)
Input: /root/cuMatch/scratch/LGF/el32_tmp/186/186-34-11.el32.labeled [GBID: 186, 34, 11] [EDGE LABEL: LIKES]
dmesg > labeled_grid_generator.cpp:458
Converting /root/cuMatch/scratch/LGF/el32_tmp/186/186-34-11.el32.labeled, 19394832 edges (155158656 byte)
Input: /root/cuMatch/scratch/LGF/el32_tmp/35/35-35-12.el32.labeled [GBID: 35, 35, 12] [EDGE LABEL: REPLY_OF]
dmesg > labeled_grid_generator.cpp:458
Converting /root/cuMatch/scratch/LGF/el32_tmp/35/35-35-12.el32.labeled, 8473137 edges (67785096 byte)
Input: /root/cuMatch/scratch/LGF/el32_tmp/36/36-35-12.el32.labeled [GBID: 36, 35, 12] [EDGE LABEL: REPLY_OF]
dmesg > labeled_grid_generator.cpp:458
Converting /root/cuMatch/scratch/LGF/el32_tmp/36/36-35-12.el32.labeled, 6 edges (48 byte)
Input: /root/cuMatch/scratch/LGF/el32_tmp/186/186-35-11.el32.labeled [GBID: 186, 35, 11] [EDGE LABEL: LIKES]
dmesg > labeled_grid_generator.cpp:458
Converting /root/cuMatch/scratch/LGF/el32_tmp/186/186-35-11.el32.labeled, 20086525 edges (160692200 byte)
Input: /root/cuMatch/scratch/LGF/el32_tmp/36/36-36-12.el32.labeled [GBID: 36, 36, 12] [EDGE LABEL: REPLY_OF]
dmesg > labeled_grid_generator.cpp:458
Converting /root/cuMatch/scratch/LGF/el32_tmp/36/36-36-12.el32.labeled, 8476694 edges (67813552 byte)
Input: /root/cuMatch/scratch/LGF/el32_tmp/37/37-36-12.el32.labeled [GBID: 37, 36, 12] [EDGE LABEL: REPLY_OF]
dmesg > labeled_grid_generator.cpp:458
Converting /root/cuMatch/scratch/LGF/el32_tmp/37/37-36-12.el32.labeled, 4 edges (32 byte)
Input: /root/cuMatch/scratch/LGF/el32_tmp/186/186-36-11.el32.labeled [GBID: 186, 36, 11] [EDGE LABEL: LIKES]
dmesg > labeled_grid_generator.cpp:458
Converting /root/cuMatch/scratch/LGF/el32_tmp/186/186-36-11.el32.labeled, 19971873 edges (159774984 byte)
Input: /root/cuMatch/scratch/LGF/el32_tmp/37/37-37-12.el32.labeled [GBID: 37, 37, 12] [EDGE LABEL: REPLY_OF]
dmesg > labeled_grid_generator.cpp:458
Converting /root/cuMatch/scratch/LGF/el32_tmp/37/37-37-12.el32.labeled, 8504126 edges (68033008 byte)
Input: /root/cuMatch/scratch/LGF/el32_tmp/38/38-37-12.el32.labeled [GBID: 38, 37, 12] [EDGE LABEL: REPLY_OF]
dmesg > labeled_grid_generator.cpp:458
Converting /root/cuMatch/scratch/LGF/el32_tmp/38/38-37-12.el32.labeled, 1 edges (8 byte)
Input: /root/cuMatch/scratch/LGF/el32_tmp/186/186-37-11.el32.labeled [GBID: 186, 37, 11] [EDGE LABEL: LIKES]
dmesg > labeled_grid_generator.cpp:458
Converting /root/cuMatch/scratch/LGF/el32_tmp/186/186-37-11.el32.labeled, 19967497 edges (159739976 byte)
Input: /root/cuMatch/scratch/LGF/el32_tmp/38/38-38-12.el32.labeled [GBID: 38, 38, 12] [EDGE LABEL: REPLY_OF]
dmesg > labeled_grid_generator.cpp:458
Converting /root/cuMatch/scratch/LGF/el32_tmp/38/38-38-12.el32.labeled, 8465857 edges (67726856 byte)
Input: /root/cuMatch/scratch/LGF/el32_tmp/39/39-38-12.el32.labeled [GBID: 39, 38, 12] [EDGE LABEL: REPLY_OF]
dmesg > labeled_grid_generator.cpp:458
Converting /root/cuMatch/scratch/LGF/el32_tmp/39/39-38-12.el32.labeled, 4 edges (32 byte)
Input: /root/cuMatch/scratch/LGF/el32_tmp/186/186-38-11.el32.labeled [GBID: 186, 38, 11] [EDGE LABEL: LIKES]
dmesg > labeled_grid_generator.cpp:458
Converting /root/cuMatch/scratch/LGF/el32_tmp/186/186-38-11.el32.labeled, 19513210 edges (156105680 byte)
Input: /root/cuMatch/scratch/LGF/el32_tmp/39/39-39-12.el32.labeled [GBID: 39, 39, 12] [EDGE LABEL: REPLY_OF]
dmesg > labeled_grid_generator.cpp:458
Converting /root/cuMatch/scratch/LGF/el32_tmp/39/39-39-12.el32.labeled, 8513642 edges (68109136 byte)
Input: /root/cuMatch/scratch/LGF/el32_tmp/40/40-39-12.el32.labeled [GBID: 40, 39, 12] [EDGE LABEL: REPLY_OF]
dmesg > labeled_grid_generator.cpp:458
Converting /root/cuMatch/scratch/LGF/el32_tmp/40/40-39-12.el32.labeled, 2 edges (16 byte)
Input: /root/cuMatch/scratch/LGF/el32_tmp/186/186-39-11.el32.labeled [GBID: 186, 39, 11] [EDGE LABEL: LIKES]
dmesg > labeled_grid_generator.cpp:458
Converting /root/cuMatch/scratch/LGF/el32_tmp/186/186-39-11.el32.labeled, 20282955 edges (162263640 byte)
Input: /root/cuMatch/scratch/LGF/el32_tmp/40/40-40-12.el32.labeled [GBID: 40, 40, 12] [EDGE LABEL: REPLY_OF]
dmesg > labeled_grid_generator.cpp:458
Converting /root/cuMatch/scratch/LGF/el32_tmp/40/40-40-12.el32.labeled, 8519917 edges (68159336 byte)
Input: /root/cuMatch/scratch/LGF/el32_tmp/41/41-40-12.el32.labeled [GBID: 41, 40, 12] [EDGE LABEL: REPLY_OF]
dmesg > labeled_grid_generator.cpp:458
Converting /root/cuMatch/scratch/LGF/el32_tmp/41/41-40-12.el32.labeled, 1 edges (8 byte)
Input: /root/cuMatch/scratch/LGF/el32_tmp/186/186-40-11.el32.labeled [GBID: 186, 40, 11] [EDGE LABEL: LIKES]
dmesg > labeled_grid_generator.cpp:458
Converting /root/cuMatch/scratch/LGF/el32_tmp/186/186-40-11.el32.labeled, 19847904 edges (158783232 byte)
Input: /root/cuMatch/scratch/LGF/el32_tmp/41/41-41-12.el32.labeled [GBID: 41, 41, 12] [EDGE LABEL: REPLY_OF]
dmesg > labeled_grid_generator.cpp:458
Converting /root/cuMatch/scratch/LGF/el32_tmp/41/41-41-12.el32.labeled, 8522700 edges (68181600 byte)
Input: /root/cuMatch/scratch/LGF/el32_tmp/186/186-41-11.el32.labeled [GBID: 186, 41, 11] [EDGE LABEL: LIKES]
dmesg > labeled_grid_generator.cpp:458
Converting /root/cuMatch/scratch/LGF/el32_tmp/186/186-41-11.el32.labeled, 19561983 edges (156495864 byte)
Input: /root/cuMatch/scratch/LGF/el32_tmp/42/42-42-12.el32.labeled [GBID: 42, 42, 12] [EDGE LABEL: REPLY_OF]
dmesg > labeled_grid_generator.cpp:458
Converting /root/cuMatch/scratch/LGF/el32_tmp/42/42-42-12.el32.labeled, 8481897 edges (67855176 byte)
Input: /root/cuMatch/scratch/LGF/el32_tmp/43/43-42-12.el32.labeled [GBID: 43, 42, 12] [EDGE LABEL: REPLY_OF]
dmesg > labeled_grid_generator.cpp:458
Converting /root/cuMatch/scratch/LGF/el32_tmp/43/43-42-12.el32.labeled, 2 edges (16 byte)
Input: /root/cuMatch/scratch/LGF/el32_tmp/186/186-42-11.el32.labeled [GBID: 186, 42, 11] [EDGE LABEL: LIKES]
dmesg > labeled_grid_generator.cpp:458
Converting /root/cuMatch/scratch/LGF/el32_tmp/186/186-42-11.el32.labeled, 20026090 edges (160208720 byte)
Input: /root/cuMatch/scratch/LGF/el32_tmp/43/43-43-12.el32.labeled [GBID: 43, 43, 12] [EDGE LABEL: REPLY_OF]
dmesg > labeled_grid_generator.cpp:458
Converting /root/cuMatch/scratch/LGF/el32_tmp/43/43-43-12.el32.labeled, 8493006 edges (67944048 byte)
Input: /root/cuMatch/scratch/LGF/el32_tmp/186/186-43-11.el32.labeled [GBID: 186, 43, 11] [EDGE LABEL: LIKES]
dmesg > labeled_grid_generator.cpp:458
Converting /root/cuMatch/scratch/LGF/el32_tmp/186/186-43-11.el32.labeled, 20314167 edges (162513336 byte)
Input: /root/cuMatch/scratch/LGF/el32_tmp/44/44-44-12.el32.labeled [GBID: 44, 44, 12] [EDGE LABEL: REPLY_OF]
dmesg > labeled_grid_generator.cpp:458
Converting /root/cuMatch/scratch/LGF/el32_tmp/44/44-44-12.el32.labeled, 8489054 edges (67912432 byte)
Input: /root/cuMatch/scratch/LGF/el32_tmp/186/186-44-11.el32.labeled [GBID: 186, 44, 11] [EDGE LABEL: LIKES]
dmesg > labeled_grid_generator.cpp:458
Converting /root/cuMatch/scratch/LGF/el32_tmp/186/186-44-11.el32.labeled, 20291582 edges (162332656 byte)
Input: /root/cuMatch/scratch/LGF/el32_tmp/45/45-45-12.el32.labeled [GBID: 45, 45, 12] [EDGE LABEL: REPLY_OF]
dmesg > labeled_grid_generator.cpp:458
Converting /root/cuMatch/scratch/LGF/el32_tmp/45/45-45-12.el32.labeled, 8500536 edges (68004288 byte)
Input: /root/cuMatch/scratch/LGF/el32_tmp/46/46-45-12.el32.labeled [GBID: 46, 45, 12] [EDGE LABEL: REPLY_OF]
dmesg > labeled_grid_generator.cpp:458
Converting /root/cuMatch/scratch/LGF/el32_tmp/46/46-45-12.el32.labeled, 2 edges (16 byte)
Input: /root/cuMatch/scratch/LGF/el32_tmp/186/186-45-11.el32.labeled [GBID: 186, 45, 11] [EDGE LABEL: LIKES]
dmesg > labeled_grid_generator.cpp:458
Converting /root/cuMatch/scratch/LGF/el32_tmp/186/186-45-11.el32.labeled, 20106087 edges (160848696 byte)
Input: /root/cuMatch/scratch/LGF/el32_tmp/46/46-46-12.el32.labeled [GBID: 46, 46, 12] [EDGE LABEL: REPLY_OF]
dmesg > labeled_grid_generator.cpp:458
Converting /root/cuMatch/scratch/LGF/el32_tmp/46/46-46-12.el32.labeled, 8453563 edges (67628504 byte)
Input: /root/cuMatch/scratch/LGF/el32_tmp/47/47-46-12.el32.labeled [GBID: 47, 46, 12] [EDGE LABEL: REPLY_OF]
dmesg > labeled_grid_generator.cpp:458
Converting /root/cuMatch/scratch/LGF/el32_tmp/47/47-46-12.el32.labeled, 2 edges (16 byte)
Input: /root/cuMatch/scratch/LGF/el32_tmp/186/186-46-11.el32.labeled [GBID: 186, 46, 11] [EDGE LABEL: LIKES]
dmesg > labeled_grid_generator.cpp:458
Converting /root/cuMatch/scratch/LGF/el32_tmp/186/186-46-11.el32.labeled, 19630430 edges (157043440 byte)
Input: /root/cuMatch/scratch/LGF/el32_tmp/47/47-47-12.el32.labeled [GBID: 47, 47, 12] [EDGE LABEL: REPLY_OF]
dmesg > labeled_grid_generator.cpp:458
Converting /root/cuMatch/scratch/LGF/el32_tmp/47/47-47-12.el32.labeled, 8491698 edges (67933584 byte)
Input: /root/cuMatch/scratch/LGF/el32_tmp/186/186-47-11.el32.labeled [GBID: 186, 47, 11] [EDGE LABEL: LIKES]
dmesg > labeled_grid_generator.cpp:458
Converting /root/cuMatch/scratch/LGF/el32_tmp/186/186-47-11.el32.labeled, 19677616 edges (157420928 byte)
Input: /root/cuMatch/scratch/LGF/el32_tmp/48/48-48-12.el32.labeled [GBID: 48, 48, 12] [EDGE LABEL: REPLY_OF]
dmesg > labeled_grid_generator.cpp:458
Converting /root/cuMatch/scratch/LGF/el32_tmp/48/48-48-12.el32.labeled, 8459459 edges (67675672 byte)
Input: /root/cuMatch/scratch/LGF/el32_tmp/49/49-48-12.el32.labeled [GBID: 49, 48, 12] [EDGE LABEL: REPLY_OF]
dmesg > labeled_grid_generator.cpp:458
Converting /root/cuMatch/scratch/LGF/el32_tmp/49/49-48-12.el32.labeled, 1 edges (8 byte)
Input: /root/cuMatch/scratch/LGF/el32_tmp/186/186-48-11.el32.labeled [GBID: 186, 48, 11] [EDGE LABEL: LIKES]
dmesg > labeled_grid_generator.cpp:458
Converting /root/cuMatch/scratch/LGF/el32_tmp/186/186-48-11.el32.labeled, 19617103 edges (156936824 byte)
Input: /root/cuMatch/scratch/LGF/el32_tmp/49/49-49-12.el32.labeled [GBID: 49, 49, 12] [EDGE LABEL: REPLY_OF]
dmesg > labeled_grid_generator.cpp:458
Converting /root/cuMatch/scratch/LGF/el32_tmp/49/49-49-12.el32.labeled, 8466876 edges (67735008 byte)
Input: /root/cuMatch/scratch/LGF/el32_tmp/186/186-49-11.el32.labeled [GBID: 186, 49, 11] [EDGE LABEL: LIKES]
dmesg > labeled_grid_generator.cpp:458
Converting /root/cuMatch/scratch/LGF/el32_tmp/186/186-49-11.el32.labeled, 19775229 edges (158201832 byte)
Input: /root/cuMatch/scratch/LGF/el32_tmp/50/50-50-12.el32.labeled [GBID: 50, 50, 12] [EDGE LABEL: REPLY_OF]
dmesg > labeled_grid_generator.cpp:458
Converting /root/cuMatch/scratch/LGF/el32_tmp/50/50-50-12.el32.labeled, 8455473 edges (67643784 byte)
Input: /root/cuMatch/scratch/LGF/el32_tmp/186/186-50-11.el32.labeled [GBID: 186, 50, 11] [EDGE LABEL: LIKES]
dmesg > labeled_grid_generator.cpp:458
Converting /root/cuMatch/scratch/LGF/el32_tmp/186/186-50-11.el32.labeled, 19931981 edges (159455848 byte)
Input: /root/cuMatch/scratch/LGF/el32_tmp/51/51-51-12.el32.labeled [GBID: 51, 51, 12] [EDGE LABEL: REPLY_OF]
dmesg > labeled_grid_generator.cpp:458
Converting /root/cuMatch/scratch/LGF/el32_tmp/51/51-51-12.el32.labeled, 8513519 edges (68108152 byte)
Input: /root/cuMatch/scratch/LGF/el32_tmp/52/52-51-12.el32.labeled [GBID: 52, 51, 12] [EDGE LABEL: REPLY_OF]
dmesg > labeled_grid_generator.cpp:458
Converting /root/cuMatch/scratch/LGF/el32_tmp/52/52-51-12.el32.labeled, 4 edges (32 byte)
Input: /root/cuMatch/scratch/LGF/el32_tmp/186/186-51-11.el32.labeled [GBID: 186, 51, 11] [EDGE LABEL: LIKES]
dmesg > labeled_grid_generator.cpp:458
Converting /root/cuMatch/scratch/LGF/el32_tmp/186/186-51-11.el32.labeled, 19834463 edges (158675704 byte)
Input: /root/cuMatch/scratch/LGF/el32_tmp/52/52-52-12.el32.labeled [GBID: 52, 52, 12] [EDGE LABEL: REPLY_OF]
dmesg > labeled_grid_generator.cpp:458
Converting /root/cuMatch/scratch/LGF/el32_tmp/52/52-52-12.el32.labeled, 8475171 edges (67801368 byte)
Input: /root/cuMatch/scratch/LGF/el32_tmp/53/53-52-12.el32.labeled [GBID: 53, 52, 12] [EDGE LABEL: REPLY_OF]
dmesg > labeled_grid_generator.cpp:458
Converting /root/cuMatch/scratch/LGF/el32_tmp/53/53-52-12.el32.labeled, 4 edges (32 byte)
Input: /root/cuMatch/scratch/LGF/el32_tmp/186/186-52-11.el32.labeled [GBID: 186, 52, 11] [EDGE LABEL: LIKES]
dmesg > labeled_grid_generator.cpp:458
Converting /root/cuMatch/scratch/LGF/el32_tmp/186/186-52-11.el32.labeled, 19538385 edges (156307080 byte)
Input: /root/cuMatch/scratch/LGF/el32_tmp/53/53-53-12.el32.labeled [GBID: 53, 53, 12] [EDGE LABEL: REPLY_OF]
dmesg > labeled_grid_generator.cpp:458
Converting /root/cuMatch/scratch/LGF/el32_tmp/53/53-53-12.el32.labeled, 8496215 edges (67969720 byte)
Input: /root/cuMatch/scratch/LGF/el32_tmp/54/54-53-12.el32.labeled [GBID: 54, 53, 12] [EDGE LABEL: REPLY_OF]
dmesg > labeled_grid_generator.cpp:458
Converting /root/cuMatch/scratch/LGF/el32_tmp/54/54-53-12.el32.labeled, 1 edges (8 byte)
Input: /root/cuMatch/scratch/LGF/el32_tmp/186/186-53-11.el32.labeled [GBID: 186, 53, 11] [EDGE LABEL: LIKES]
dmesg > labeled_grid_generator.cpp:458
Converting /root/cuMatch/scratch/LGF/el32_tmp/186/186-53-11.el32.labeled, 19797515 edges (158380120 byte)
Input: /root/cuMatch/scratch/LGF/el32_tmp/54/54-54-12.el32.labeled [GBID: 54, 54, 12] [EDGE LABEL: REPLY_OF]
dmesg > labeled_grid_generator.cpp:458
Converting /root/cuMatch/scratch/LGF/el32_tmp/54/54-54-12.el32.labeled, 8482886 edges (67863088 byte)
Input: /root/cuMatch/scratch/LGF/el32_tmp/55/55-54-12.el32.labeled [GBID: 55, 54, 12] [EDGE LABEL: REPLY_OF]
dmesg > labeled_grid_generator.cpp:458
Converting /root/cuMatch/scratch/LGF/el32_tmp/55/55-54-12.el32.labeled, 5 edges (40 byte)
Input: /root/cuMatch/scratch/LGF/el32_tmp/186/186-54-11.el32.labeled [GBID: 186, 54, 11] [EDGE LABEL: LIKES]
dmesg > labeled_grid_generator.cpp:458
Converting /root/cuMatch/scratch/LGF/el32_tmp/186/186-54-11.el32.labeled, 20050531 edges (160404248 byte)
Input: /root/cuMatch/scratch/LGF/el32_tmp/55/55-55-12.el32.labeled [GBID: 55, 55, 12] [EDGE LABEL: REPLY_OF]
dmesg > labeled_grid_generator.cpp:458
Converting /root/cuMatch/scratch/LGF/el32_tmp/55/55-55-12.el32.labeled, 8487478 edges (67899824 byte)
Input: /root/cuMatch/scratch/LGF/el32_tmp/186/186-55-11.el32.labeled [GBID: 186, 55, 11] [EDGE LABEL: LIKES]
dmesg > labeled_grid_generator.cpp:458
Converting /root/cuMatch/scratch/LGF/el32_tmp/186/186-55-11.el32.labeled, 20008296 edges (160066368 byte)
Input: /root/cuMatch/scratch/LGF/el32_tmp/56/56-56-12.el32.labeled [GBID: 56, 56, 12] [EDGE LABEL: REPLY_OF]
dmesg > labeled_grid_generator.cpp:458
Converting /root/cuMatch/scratch/LGF/el32_tmp/56/56-56-12.el32.labeled, 8491507 edges (67932056 byte)
Input: /root/cuMatch/scratch/LGF/el32_tmp/186/186-56-11.el32.labeled [GBID: 186, 56, 11] [EDGE LABEL: LIKES]
dmesg > labeled_grid_generator.cpp:458
Converting /root/cuMatch/scratch/LGF/el32_tmp/186/186-56-11.el32.labeled, 19356804 edges (154854432 byte)
Input: /root/cuMatch/scratch/LGF/el32_tmp/57/57-57-12.el32.labeled [GBID: 57, 57, 12] [EDGE LABEL: REPLY_OF]
dmesg > labeled_grid_generator.cpp:458
Converting /root/cuMatch/scratch/LGF/el32_tmp/57/57-57-12.el32.labeled, 8493681 edges (67949448 byte)
Input: /root/cuMatch/scratch/LGF/el32_tmp/58/58-57-12.el32.labeled [GBID: 58, 57, 12] [EDGE LABEL: REPLY_OF]
dmesg > labeled_grid_generator.cpp:458
Converting /root/cuMatch/scratch/LGF/el32_tmp/58/58-57-12.el32.labeled, 4 edges (32 byte)
Input: /root/cuMatch/scratch/LGF/el32_tmp/186/186-57-11.el32.labeled [GBID: 186, 57, 11] [EDGE LABEL: LIKES]
dmesg > labeled_grid_generator.cpp:458
Converting /root/cuMatch/scratch/LGF/el32_tmp/186/186-57-11.el32.labeled, 19795020 edges (158360160 byte)
Input: /root/cuMatch/scratch/LGF/el32_tmp/58/58-58-12.el32.labeled [GBID: 58, 58, 12] [EDGE LABEL: REPLY_OF]
dmesg > labeled_grid_generator.cpp:458
Converting /root/cuMatch/scratch/LGF/el32_tmp/58/58-58-12.el32.labeled, 8498527 edges (67988216 byte)
Input: /root/cuMatch/scratch/LGF/el32_tmp/59/59-58-12.el32.labeled [GBID: 59, 58, 12] [EDGE LABEL: REPLY_OF]
dmesg > labeled_grid_generator.cpp:458
Converting /root/cuMatch/scratch/LGF/el32_tmp/59/59-58-12.el32.labeled, 8 edges (64 byte)
Input: /root/cuMatch/scratch/LGF/el32_tmp/186/186-58-11.el32.labeled [GBID: 186, 58, 11] [EDGE LABEL: LIKES]
dmesg > labeled_grid_generator.cpp:458
Converting /root/cuMatch/scratch/LGF/el32_tmp/186/186-58-11.el32.labeled, 20068360 edges (160546880 byte)
Input: /root/cuMatch/scratch/LGF/el32_tmp/59/59-59-12.el32.labeled [GBID: 59, 59, 12] [EDGE LABEL: REPLY_OF]
dmesg > labeled_grid_generator.cpp:458
Converting /root/cuMatch/scratch/LGF/el32_tmp/59/59-59-12.el32.labeled, 8486247 edges (67889976 byte)
Input: /root/cuMatch/scratch/LGF/el32_tmp/60/60-59-12.el32.labeled [GBID: 60, 59, 12] [EDGE LABEL: REPLY_OF]
dmesg > labeled_grid_generator.cpp:458
Converting /root/cuMatch/scratch/LGF/el32_tmp/60/60-59-12.el32.labeled, 8 edges (64 byte)
Input: /root/cuMatch/scratch/LGF/el32_tmp/186/186-59-11.el32.labeled [GBID: 186, 59, 11] [EDGE LABEL: LIKES]
dmesg > labeled_grid_generator.cpp:458
Converting /root/cuMatch/scratch/LGF/el32_tmp/186/186-59-11.el32.labeled, 19855304 edges (158842432 byte)
Input: /root/cuMatch/scratch/LGF/el32_tmp/60/60-60-12.el32.labeled [GBID: 60, 60, 12] [EDGE LABEL: REPLY_OF]
dmesg > labeled_grid_generator.cpp:458
Converting /root/cuMatch/scratch/LGF/el32_tmp/60/60-60-12.el32.labeled, 8475448 edges (67803584 byte)
Input: /root/cuMatch/scratch/LGF/el32_tmp/61/61-60-12.el32.labeled [GBID: 61, 60, 12] [EDGE LABEL: REPLY_OF]
dmesg > labeled_grid_generator.cpp:458
Converting /root/cuMatch/scratch/LGF/el32_tmp/61/61-60-12.el32.labeled, 4 edges (32 byte)
Input: /root/cuMatch/scratch/LGF/el32_tmp/186/186-60-11.el32.labeled [GBID: 186, 60, 11] [EDGE LABEL: LIKES]
dmesg > labeled_grid_generator.cpp:458
Converting /root/cuMatch/scratch/LGF/el32_tmp/186/186-60-11.el32.labeled, 19839126 edges (158713008 byte)
Input: /root/cuMatch/scratch/LGF/el32_tmp/61/61-61-12.el32.labeled [GBID: 61, 61, 12] [EDGE LABEL: REPLY_OF]
dmesg > labeled_grid_generator.cpp:458
Converting /root/cuMatch/scratch/LGF/el32_tmp/61/61-61-12.el32.labeled, 8507031 edges (68056248 byte)
Input: /root/cuMatch/scratch/LGF/el32_tmp/62/62-61-12.el32.labeled [GBID: 62, 61, 12] [EDGE LABEL: REPLY_OF]
dmesg > labeled_grid_generator.cpp:458
Converting /root/cuMatch/scratch/LGF/el32_tmp/62/62-61-12.el32.labeled, 4 edges (32 byte)
Input: /root/cuMatch/scratch/LGF/el32_tmp/186/186-61-11.el32.labeled [GBID: 186, 61, 11] [EDGE LABEL: LIKES]
dmesg > labeled_grid_generator.cpp:458
Converting /root/cuMatch/scratch/LGF/el32_tmp/186/186-61-11.el32.labeled, 20125635 edges (161005080 byte)
Input: /root/cuMatch/scratch/LGF/el32_tmp/62/62-62-12.el32.labeled [GBID: 62, 62, 12] [EDGE LABEL: REPLY_OF]
dmesg > labeled_grid_generator.cpp:458
Converting /root/cuMatch/scratch/LGF/el32_tmp/62/62-62-12.el32.labeled, 8510543 edges (68084344 byte)
Input: /root/cuMatch/scratch/LGF/el32_tmp/186/186-62-11.el32.labeled [GBID: 186, 62, 11] [EDGE LABEL: LIKES]
dmesg > labeled_grid_generator.cpp:458
Converting /root/cuMatch/scratch/LGF/el32_tmp/186/186-62-11.el32.labeled, 19683044 edges (157464352 byte)
Input: /root/cuMatch/scratch/LGF/el32_tmp/63/63-63-12.el32.labeled [GBID: 63, 63, 12] [EDGE LABEL: REPLY_OF]
dmesg > labeled_grid_generator.cpp:458
Converting /root/cuMatch/scratch/LGF/el32_tmp/63/63-63-12.el32.labeled, 8497775 edges (67982200 byte)
Input: /root/cuMatch/scratch/LGF/el32_tmp/186/186-63-11.el32.labeled [GBID: 186, 63, 11] [EDGE LABEL: LIKES]
dmesg > labeled_grid_generator.cpp:458
Converting /root/cuMatch/scratch/LGF/el32_tmp/186/186-63-11.el32.labeled, 19901502 edges (159212016 byte)
Input: /root/cuMatch/scratch/LGF/el32_tmp/64/64-64-12.el32.labeled [GBID: 64, 64, 12] [EDGE LABEL: REPLY_OF]
dmesg > labeled_grid_generator.cpp:458
Converting /root/cuMatch/scratch/LGF/el32_tmp/64/64-64-12.el32.labeled, 8494980 edges (67959840 byte)
Input: /root/cuMatch/scratch/LGF/el32_tmp/65/65-64-12.el32.labeled [GBID: 65, 64, 12] [EDGE LABEL: REPLY_OF]
dmesg > labeled_grid_generator.cpp:458
Converting /root/cuMatch/scratch/LGF/el32_tmp/65/65-64-12.el32.labeled, 5 edges (40 byte)
Input: /root/cuMatch/scratch/LGF/el32_tmp/186/186-64-11.el32.labeled [GBID: 186, 64, 11] [EDGE LABEL: LIKES]
dmesg > labeled_grid_generator.cpp:458
Converting /root/cuMatch/scratch/LGF/el32_tmp/186/186-64-11.el32.labeled, 20145633 edges (161165064 byte)
Input: /root/cuMatch/scratch/LGF/el32_tmp/65/65-65-12.el32.labeled [GBID: 65, 65, 12] [EDGE LABEL: REPLY_OF]
dmesg > labeled_grid_generator.cpp:458
Converting /root/cuMatch/scratch/LGF/el32_tmp/65/65-65-12.el32.labeled, 8498789 edges (67990312 byte)
Input: /root/cuMatch/scratch/LGF/el32_tmp/66/66-65-12.el32.labeled [GBID: 66, 65, 12] [EDGE LABEL: REPLY_OF]
dmesg > labeled_grid_generator.cpp:458
Converting /root/cuMatch/scratch/LGF/el32_tmp/66/66-65-12.el32.labeled, 6 edges (48 byte)
Input: /root/cuMatch/scratch/LGF/el32_tmp/186/186-65-11.el32.labeled [GBID: 186, 65, 11] [EDGE LABEL: LIKES]
dmesg > labeled_grid_generator.cpp:458
Converting /root/cuMatch/scratch/LGF/el32_tmp/186/186-65-11.el32.labeled, 20275205 edges (162201640 byte)
Input: /root/cuMatch/scratch/LGF/el32_tmp/66/66-66-12.el32.labeled [GBID: 66, 66, 12] [EDGE LABEL: REPLY_OF]
dmesg > labeled_grid_generator.cpp:458
Converting /root/cuMatch/scratch/LGF/el32_tmp/66/66-66-12.el32.labeled, 8477726 edges (67821808 byte)
Input: /root/cuMatch/scratch/LGF/el32_tmp/67/67-66-12.el32.labeled [GBID: 67, 66, 12] [EDGE LABEL: REPLY_OF]
dmesg > labeled_grid_generator.cpp:458
Converting /root/cuMatch/scratch/LGF/el32_tmp/67/67-66-12.el32.labeled, 4 edges (32 byte)
Input: /root/cuMatch/scratch/LGF/el32_tmp/186/186-66-11.el32.labeled [GBID: 186, 66, 11] [EDGE LABEL: LIKES]
dmesg > labeled_grid_generator.cpp:458
Converting /root/cuMatch/scratch/LGF/el32_tmp/186/186-66-11.el32.labeled, 20348808 edges (162790464 byte)
Input: /root/cuMatch/scratch/LGF/el32_tmp/67/67-67-12.el32.labeled [GBID: 67, 67, 12] [EDGE LABEL: REPLY_OF]
dmesg > labeled_grid_generator.cpp:458
Converting /root/cuMatch/scratch/LGF/el32_tmp/67/67-67-12.el32.labeled, 8498278 edges (67986224 byte)
Input: /root/cuMatch/scratch/LGF/el32_tmp/68/68-67-12.el32.labeled [GBID: 68, 67, 12] [EDGE LABEL: REPLY_OF]
dmesg > labeled_grid_generator.cpp:458
Converting /root/cuMatch/scratch/LGF/el32_tmp/68/68-67-12.el32.labeled, 3 edges (24 byte)
Input: /root/cuMatch/scratch/LGF/el32_tmp/186/186-67-11.el32.labeled [GBID: 186, 67, 11] [EDGE LABEL: LIKES]
dmesg > labeled_grid_generator.cpp:458
Converting /root/cuMatch/scratch/LGF/el32_tmp/186/186-67-11.el32.labeled, 19313519 edges (154508152 byte)
Input: /root/cuMatch/scratch/LGF/el32_tmp/68/68-68-12.el32.labeled [GBID: 68, 68, 12] [EDGE LABEL: REPLY_OF]
dmesg > labeled_grid_generator.cpp:458
Converting /root/cuMatch/scratch/LGF/el32_tmp/68/68-68-12.el32.labeled, 8511458 edges (68091664 byte)
Input: /root/cuMatch/scratch/LGF/el32_tmp/69/69-68-12.el32.labeled [GBID: 69, 68, 12] [EDGE LABEL: REPLY_OF]
dmesg > labeled_grid_generator.cpp:458
Converting /root/cuMatch/scratch/LGF/el32_tmp/69/69-68-12.el32.labeled, 9 edges (72 byte)
Input: /root/cuMatch/scratch/LGF/el32_tmp/186/186-68-11.el32.labeled [GBID: 186, 68, 11] [EDGE LABEL: LIKES]
dmesg > labeled_grid_generator.cpp:458
Converting /root/cuMatch/scratch/LGF/el32_tmp/186/186-68-11.el32.labeled, 19717642 edges (157741136 byte)
Input: /root/cuMatch/scratch/LGF/el32_tmp/69/69-69-12.el32.labeled [GBID: 69, 69, 12] [EDGE LABEL: REPLY_OF]
dmesg > labeled_grid_generator.cpp:458
Converting /root/cuMatch/scratch/LGF/el32_tmp/69/69-69-12.el32.labeled, 8479768 edges (67838144 byte)
Input: /root/cuMatch/scratch/LGF/el32_tmp/70/70-69-12.el32.labeled [GBID: 70, 69, 12] [EDGE LABEL: REPLY_OF]
dmesg > labeled_grid_generator.cpp:458
Converting /root/cuMatch/scratch/LGF/el32_tmp/70/70-69-12.el32.labeled, 6 edges (48 byte)
Input: /root/cuMatch/scratch/LGF/el32_tmp/186/186-69-11.el32.labeled [GBID: 186, 69, 11] [EDGE LABEL: LIKES]
dmesg > labeled_grid_generator.cpp:458
Converting /root/cuMatch/scratch/LGF/el32_tmp/186/186-69-11.el32.labeled, 19783660 edges (158269280 byte)
Input: /root/cuMatch/scratch/LGF/el32_tmp/70/70-70-12.el32.labeled [GBID: 70, 70, 12] [EDGE LABEL: REPLY_OF]
dmesg > labeled_grid_generator.cpp:458
Converting /root/cuMatch/scratch/LGF/el32_tmp/70/70-70-12.el32.labeled, 8503570 edges (68028560 byte)
Input: /root/cuMatch/scratch/LGF/el32_tmp/71/71-70-12.el32.labeled [GBID: 71, 70, 12] [EDGE LABEL: REPLY_OF]
dmesg > labeled_grid_generator.cpp:458
Converting /root/cuMatch/scratch/LGF/el32_tmp/71/71-70-12.el32.labeled, 1 edges (8 byte)
Input: /root/cuMatch/scratch/LGF/el32_tmp/186/186-70-11.el32.labeled [GBID: 186, 70, 11] [EDGE LABEL: LIKES]
dmesg > labeled_grid_generator.cpp:458
Converting /root/cuMatch/scratch/LGF/el32_tmp/186/186-70-11.el32.labeled, 19487570 edges (155900560 byte)
Input: /root/cuMatch/scratch/LGF/el32_tmp/71/71-71-12.el32.labeled [GBID: 71, 71, 12] [EDGE LABEL: REPLY_OF]
dmesg > labeled_grid_generator.cpp:458
Converting /root/cuMatch/scratch/LGF/el32_tmp/71/71-71-12.el32.labeled, 8475370 edges (67802960 byte)
Input: /root/cuMatch/scratch/LGF/el32_tmp/186/186-71-11.el32.labeled [GBID: 186, 71, 11] [EDGE LABEL: LIKES]
dmesg > labeled_grid_generator.cpp:458
Converting /root/cuMatch/scratch/LGF/el32_tmp/186/186-71-11.el32.labeled, 19868314 edges (158946512 byte)
Input: /root/cuMatch/scratch/LGF/el32_tmp/72/72-72-12.el32.labeled [GBID: 72, 72, 12] [EDGE LABEL: REPLY_OF]
dmesg > labeled_grid_generator.cpp:458
Converting /root/cuMatch/scratch/LGF/el32_tmp/72/72-72-12.el32.labeled, 8506861 edges (68054888 byte)
Input: /root/cuMatch/scratch/LGF/el32_tmp/186/186-72-11.el32.labeled [GBID: 186, 72, 11] [EDGE LABEL: LIKES]
dmesg > labeled_grid_generator.cpp:458
Converting /root/cuMatch/scratch/LGF/el32_tmp/186/186-72-11.el32.labeled, 20092214 edges (160737712 byte)
Input: /root/cuMatch/scratch/LGF/el32_tmp/73/73-73-12.el32.labeled [GBID: 73, 73, 12] [EDGE LABEL: REPLY_OF]
dmesg > labeled_grid_generator.cpp:458
Converting /root/cuMatch/scratch/LGF/el32_tmp/73/73-73-12.el32.labeled, 8491976 edges (67935808 byte)
Input: /root/cuMatch/scratch/LGF/el32_tmp/74/74-73-12.el32.labeled [GBID: 74, 73, 12] [EDGE LABEL: REPLY_OF]
dmesg > labeled_grid_generator.cpp:458
Converting /root/cuMatch/scratch/LGF/el32_tmp/74/74-73-12.el32.labeled, 7 edges (56 byte)
Input: /root/cuMatch/scratch/LGF/el32_tmp/186/186-73-11.el32.labeled [GBID: 186, 73, 11] [EDGE LABEL: LIKES]
dmesg > labeled_grid_generator.cpp:458
Converting /root/cuMatch/scratch/LGF/el32_tmp/186/186-73-11.el32.labeled, 19636564 edges (157092512 byte)
Input: /root/cuMatch/scratch/LGF/el32_tmp/74/74-74-12.el32.labeled [GBID: 74, 74, 12] [EDGE LABEL: REPLY_OF]
dmesg > labeled_grid_generator.cpp:458
Converting /root/cuMatch/scratch/LGF/el32_tmp/74/74-74-12.el32.labeled, 8461023 edges (67688184 byte)
Input: /root/cuMatch/scratch/LGF/el32_tmp/75/75-74-12.el32.labeled [GBID: 75, 74, 12] [EDGE LABEL: REPLY_OF]
dmesg > labeled_grid_generator.cpp:458
Converting /root/cuMatch/scratch/LGF/el32_tmp/75/75-74-12.el32.labeled, 6 edges (48 byte)
Input: /root/cuMatch/scratch/LGF/el32_tmp/186/186-74-11.el32.labeled [GBID: 186, 74, 11] [EDGE LABEL: LIKES]
dmesg > labeled_grid_generator.cpp:458
Converting /root/cuMatch/scratch/LGF/el32_tmp/186/186-74-11.el32.labeled, 19993509 edges (159948072 byte)
Input: /root/cuMatch/scratch/LGF/el32_tmp/75/75-75-12.el32.labeled [GBID: 75, 75, 12] [EDGE LABEL: REPLY_OF]
dmesg > labeled_grid_generator.cpp:458
Converting /root/cuMatch/scratch/LGF/el32_tmp/75/75-75-12.el32.labeled, 8486676 edges (67893408 byte)
Input: /root/cuMatch/scratch/LGF/el32_tmp/76/76-75-12.el32.labeled [GBID: 76, 75, 12] [EDGE LABEL: REPLY_OF]
dmesg > labeled_grid_generator.cpp:458
Converting /root/cuMatch/scratch/LGF/el32_tmp/76/76-75-12.el32.labeled, 4 edges (32 byte)
Input: /root/cuMatch/scratch/LGF/el32_tmp/186/186-75-11.el32.labeled [GBID: 186, 75, 11] [EDGE LABEL: LIKES]
dmesg > labeled_grid_generator.cpp:458
Converting /root/cuMatch/scratch/LGF/el32_tmp/186/186-75-11.el32.labeled, 19887645 edges (159101160 byte)
Input: /root/cuMatch/scratch/LGF/el32_tmp/76/76-76-12.el32.labeled [GBID: 76, 76, 12] [EDGE LABEL: REPLY_OF]
dmesg > labeled_grid_generator.cpp:458
Converting /root/cuMatch/scratch/LGF/el32_tmp/76/76-76-12.el32.labeled, 8466848 edges (67734784 byte)
Input: /root/cuMatch/scratch/LGF/el32_tmp/77/77-76-12.el32.labeled [GBID: 77, 76, 12] [EDGE LABEL: REPLY_OF]
dmesg > labeled_grid_generator.cpp:458
Converting /root/cuMatch/scratch/LGF/el32_tmp/77/77-76-12.el32.labeled, 1 edges (8 byte)
Input: /root/cuMatch/scratch/LGF/el32_tmp/186/186-76-11.el32.labeled [GBID: 186, 76, 11] [EDGE LABEL: LIKES]
dmesg > labeled_grid_generator.cpp:458
Converting /root/cuMatch/scratch/LGF/el32_tmp/186/186-76-11.el32.labeled, 19636827 edges (157094616 byte)
Input: /root/cuMatch/scratch/LGF/el32_tmp/77/77-77-12.el32.labeled [GBID: 77, 77, 12] [EDGE LABEL: REPLY_OF]
dmesg > labeled_grid_generator.cpp:458
Converting /root/cuMatch/scratch/LGF/el32_tmp/77/77-77-12.el32.labeled, 8474076 edges (67792608 byte)
Input: /root/cuMatch/scratch/LGF/el32_tmp/78/78-77-12.el32.labeled [GBID: 78, 77, 12] [EDGE LABEL: REPLY_OF]
dmesg > labeled_grid_generator.cpp:458
Converting /root/cuMatch/scratch/LGF/el32_tmp/78/78-77-12.el32.labeled, 6 edges (48 byte)
Input: /root/cuMatch/scratch/LGF/el32_tmp/186/186-77-11.el32.labeled [GBID: 186, 77, 11] [EDGE LABEL: LIKES]
dmesg > labeled_grid_generator.cpp:458
Converting /root/cuMatch/scratch/LGF/el32_tmp/186/186-77-11.el32.labeled, 19653094 edges (157224752 byte)
Input: /root/cuMatch/scratch/LGF/el32_tmp/78/78-78-12.el32.labeled [GBID: 78, 78, 12] [EDGE LABEL: REPLY_OF]
dmesg > labeled_grid_generator.cpp:458
Converting /root/cuMatch/scratch/LGF/el32_tmp/78/78-78-12.el32.labeled, 8485180 edges (67881440 byte)
Input: /root/cuMatch/scratch/LGF/el32_tmp/79/79-78-12.el32.labeled [GBID: 79, 78, 12] [EDGE LABEL: REPLY_OF]
dmesg > labeled_grid_generator.cpp:458
Converting /root/cuMatch/scratch/LGF/el32_tmp/79/79-78-12.el32.labeled, 2 edges (16 byte)
Input: /root/cuMatch/scratch/LGF/el32_tmp/186/186-78-11.el32.labeled [GBID: 186, 78, 11] [EDGE LABEL: LIKES]
dmesg > labeled_grid_generator.cpp:458
Converting /root/cuMatch/scratch/LGF/el32_tmp/186/186-78-11.el32.labeled, 19958445 edges (159667560 byte)
Input: /root/cuMatch/scratch/LGF/el32_tmp/79/79-79-12.el32.labeled [GBID: 79, 79, 12] [EDGE LABEL: REPLY_OF]
dmesg > labeled_grid_generator.cpp:458
Converting /root/cuMatch/scratch/LGF/el32_tmp/79/79-79-12.el32.labeled, 8473791 edges (67790328 byte)
Input: /root/cuMatch/scratch/LGF/el32_tmp/80/80-79-12.el32.labeled [GBID: 80, 79, 12] [EDGE LABEL: REPLY_OF]
dmesg > labeled_grid_generator.cpp:458
Converting /root/cuMatch/scratch/LGF/el32_tmp/80/80-79-12.el32.labeled, 4 edges (32 byte)
Input: /root/cuMatch/scratch/LGF/el32_tmp/186/186-79-11.el32.labeled [GBID: 186, 79, 11] [EDGE LABEL: LIKES]
dmesg > labeled_grid_generator.cpp:458
Converting /root/cuMatch/scratch/LGF/el32_tmp/186/186-79-11.el32.labeled, 19481483 edges (155851864 byte)
Input: /root/cuMatch/scratch/LGF/el32_tmp/80/80-80-12.el32.labeled [GBID: 80, 80, 12] [EDGE LABEL: REPLY_OF]
dmesg > labeled_grid_generator.cpp:458
Converting /root/cuMatch/scratch/LGF/el32_tmp/80/80-80-12.el32.labeled, 8480054 edges (67840432 byte)
Input: /root/cuMatch/scratch/LGF/el32_tmp/81/81-80-12.el32.labeled [GBID: 81, 80, 12] [EDGE LABEL: REPLY_OF]
dmesg > labeled_grid_generator.cpp:458
Converting /root/cuMatch/scratch/LGF/el32_tmp/81/81-80-12.el32.labeled, 4 edges (32 byte)
Input: /root/cuMatch/scratch/LGF/el32_tmp/186/186-80-11.el32.labeled [GBID: 186, 80, 11] [EDGE LABEL: LIKES]
dmesg > labeled_grid_generator.cpp:458
Converting /root/cuMatch/scratch/LGF/el32_tmp/186/186-80-11.el32.labeled, 19754952 edges (158039616 byte)
Input: /root/cuMatch/scratch/LGF/el32_tmp/81/81-81-12.el32.labeled [GBID: 81, 81, 12] [EDGE LABEL: REPLY_OF]
dmesg > labeled_grid_generator.cpp:458
Converting /root/cuMatch/scratch/LGF/el32_tmp/81/81-81-12.el32.labeled, 8478759 edges (67830072 byte)
Input: /root/cuMatch/scratch/LGF/el32_tmp/186/186-81-11.el32.labeled [GBID: 186, 81, 11] [EDGE LABEL: LIKES]
dmesg > labeled_grid_generator.cpp:458
Converting /root/cuMatch/scratch/LGF/el32_tmp/186/186-81-11.el32.labeled, 20028282 edges (160226256 byte)
Input: /root/cuMatch/scratch/LGF/el32_tmp/82/82-82-12.el32.labeled [GBID: 82, 82, 12] [EDGE LABEL: REPLY_OF]
dmesg > labeled_grid_generator.cpp:458
Converting /root/cuMatch/scratch/LGF/el32_tmp/82/82-82-12.el32.labeled, 8513707 edges (68109656 byte)
Input: /root/cuMatch/scratch/LGF/el32_tmp/186/186-82-11.el32.labeled [GBID: 186, 82, 11] [EDGE LABEL: LIKES]
dmesg > labeled_grid_generator.cpp:458
Converting /root/cuMatch/scratch/LGF/el32_tmp/186/186-82-11.el32.labeled, 20000011 edges (160000088 byte)
Input: /root/cuMatch/scratch/LGF/el32_tmp/83/83-83-12.el32.labeled [GBID: 83, 83, 12] [EDGE LABEL: REPLY_OF]
dmesg > labeled_grid_generator.cpp:458
Converting /root/cuMatch/scratch/LGF/el32_tmp/83/83-83-12.el32.labeled, 8460203 edges (67681624 byte)
Input: /root/cuMatch/scratch/LGF/el32_tmp/186/186-83-11.el32.labeled [GBID: 186, 83, 11] [EDGE LABEL: LIKES]
dmesg > labeled_grid_generator.cpp:458
Converting /root/cuMatch/scratch/LGF/el32_tmp/186/186-83-11.el32.labeled, 19687324 edges (157498592 byte)
Input: /root/cuMatch/scratch/LGF/el32_tmp/84/84-84-12.el32.labeled [GBID: 84, 84, 12] [EDGE LABEL: REPLY_OF]
dmesg > labeled_grid_generator.cpp:458
Converting /root/cuMatch/scratch/LGF/el32_tmp/84/84-84-12.el32.labeled, 8485383 edges (67883064 byte)
Input: /root/cuMatch/scratch/LGF/el32_tmp/85/85-84-12.el32.labeled [GBID: 85, 84, 12] [EDGE LABEL: REPLY_OF]
dmesg > labeled_grid_generator.cpp:458
Converting /root/cuMatch/scratch/LGF/el32_tmp/85/85-84-12.el32.labeled, 4 edges (32 byte)
Input: /root/cuMatch/scratch/LGF/el32_tmp/186/186-84-11.el32.labeled [GBID: 186, 84, 11] [EDGE LABEL: LIKES]
dmesg > labeled_grid_generator.cpp:458
Converting /root/cuMatch/scratch/LGF/el32_tmp/186/186-84-11.el32.labeled, 19874503 edges (158996024 byte)
Input: /root/cuMatch/scratch/LGF/el32_tmp/85/85-85-12.el32.labeled [GBID: 85, 85, 12] [EDGE LABEL: REPLY_OF]
dmesg > labeled_grid_generator.cpp:458
Converting /root/cuMatch/scratch/LGF/el32_tmp/85/85-85-12.el32.labeled, 8468535 edges (67748280 byte)
Input: /root/cuMatch/scratch/LGF/el32_tmp/86/86-85-12.el32.labeled [GBID: 86, 85, 12] [EDGE LABEL: REPLY_OF]
dmesg > labeled_grid_generator.cpp:458
Converting /root/cuMatch/scratch/LGF/el32_tmp/86/86-85-12.el32.labeled, 1 edges (8 byte)
Input: /root/cuMatch/scratch/LGF/el32_tmp/186/186-85-11.el32.labeled [GBID: 186, 85, 11] [EDGE LABEL: LIKES]
dmesg > labeled_grid_generator.cpp:458
Converting /root/cuMatch/scratch/LGF/el32_tmp/186/186-85-11.el32.labeled, 19625611 edges (157004888 byte)
Input: /root/cuMatch/scratch/LGF/el32_tmp/86/86-86-12.el32.labeled [GBID: 86, 86, 12] [EDGE LABEL: REPLY_OF]
dmesg > labeled_grid_generator.cpp:458
Converting /root/cuMatch/scratch/LGF/el32_tmp/86/86-86-12.el32.labeled, 8493293 edges (67946344 byte)
Input: /root/cuMatch/scratch/LGF/el32_tmp/87/87-86-12.el32.labeled [GBID: 87, 86, 12] [EDGE LABEL: REPLY_OF]
dmesg > labeled_grid_generator.cpp:458
Converting /root/cuMatch/scratch/LGF/el32_tmp/87/87-86-12.el32.labeled, 2 edges (16 byte)
Input: /root/cuMatch/scratch/LGF/el32_tmp/186/186-86-11.el32.labeled [GBID: 186, 86, 11] [EDGE LABEL: LIKES]
dmesg > labeled_grid_generator.cpp:458
Converting /root/cuMatch/scratch/LGF/el32_tmp/186/186-86-11.el32.labeled, 20121738 edges (160973904 byte)
Input: /root/cuMatch/scratch/LGF/el32_tmp/87/87-87-12.el32.labeled [GBID: 87, 87, 12] [EDGE LABEL: REPLY_OF]
dmesg > labeled_grid_generator.cpp:458
Converting /root/cuMatch/scratch/LGF/el32_tmp/87/87-87-12.el32.labeled, 8487166 edges (67897328 byte)
Input: /root/cuMatch/scratch/LGF/el32_tmp/88/88-87-12.el32.labeled [GBID: 88, 87, 12] [EDGE LABEL: REPLY_OF]
dmesg > labeled_grid_generator.cpp:458
Converting /root/cuMatch/scratch/LGF/el32_tmp/88/88-87-12.el32.labeled, 5 edges (40 byte)
Input: /root/cuMatch/scratch/LGF/el32_tmp/186/186-87-11.el32.labeled [GBID: 186, 87, 11] [EDGE LABEL: LIKES]
dmesg > labeled_grid_generator.cpp:458
Converting /root/cuMatch/scratch/LGF/el32_tmp/186/186-87-11.el32.labeled, 19414580 edges (155316640 byte)
Input: /root/cuMatch/scratch/LGF/el32_tmp/88/88-88-12.el32.labeled [GBID: 88, 88, 12] [EDGE LABEL: REPLY_OF]
dmesg > labeled_grid_generator.cpp:458
Converting /root/cuMatch/scratch/LGF/el32_tmp/88/88-88-12.el32.labeled, 8474967 edges (67799736 byte)
Input: /root/cuMatch/scratch/LGF/el32_tmp/89/89-88-12.el32.labeled [GBID: 89, 88, 12] [EDGE LABEL: REPLY_OF]
dmesg > labeled_grid_generator.cpp:458
Converting /root/cuMatch/scratch/LGF/el32_tmp/89/89-88-12.el32.labeled, 2 edges (16 byte)
Input: /root/cuMatch/scratch/LGF/el32_tmp/186/186-88-11.el32.labeled [GBID: 186, 88, 11] [EDGE LABEL: LIKES]
dmesg > labeled_grid_generator.cpp:458
Converting /root/cuMatch/scratch/LGF/el32_tmp/186/186-88-11.el32.labeled, 19781974 edges (158255792 byte)
Input: /root/cuMatch/scratch/LGF/el32_tmp/89/89-89-12.el32.labeled [GBID: 89, 89, 12] [EDGE LABEL: REPLY_OF]
dmesg > labeled_grid_generator.cpp:458
Converting /root/cuMatch/scratch/LGF/el32_tmp/89/89-89-12.el32.labeled, 8494586 edges (67956688 byte)
Input: /root/cuMatch/scratch/LGF/el32_tmp/186/186-89-11.el32.labeled [GBID: 186, 89, 11] [EDGE LABEL: LIKES]
dmesg > labeled_grid_generator.cpp:458
Converting /root/cuMatch/scratch/LGF/el32_tmp/186/186-89-11.el32.labeled, 19698525 edges (157588200 byte)
Input: /root/cuMatch/scratch/LGF/el32_tmp/90/90-90-12.el32.labeled [GBID: 90, 90, 12] [EDGE LABEL: REPLY_OF]
dmesg > labeled_grid_generator.cpp:458
Converting /root/cuMatch/scratch/LGF/el32_tmp/90/90-90-12.el32.labeled, 8470245 edges (67761960 byte)
Input: /root/cuMatch/scratch/LGF/el32_tmp/186/186-90-11.el32.labeled [GBID: 186, 90, 11] [EDGE LABEL: LIKES]
dmesg > labeled_grid_generator.cpp:458
Converting /root/cuMatch/scratch/LGF/el32_tmp/186/186-90-11.el32.labeled, 19726774 edges (157814192 byte)
Input: /root/cuMatch/scratch/LGF/el32_tmp/91/91-91-12.el32.labeled [GBID: 91, 91, 12] [EDGE LABEL: REPLY_OF]
dmesg > labeled_grid_generator.cpp:458
Converting /root/cuMatch/scratch/LGF/el32_tmp/91/91-91-12.el32.labeled, 8477322 edges (67818576 byte)
Input: /root/cuMatch/scratch/LGF/el32_tmp/92/92-91-12.el32.labeled [GBID: 92, 91, 12] [EDGE LABEL: REPLY_OF]
dmesg > labeled_grid_generator.cpp:458
Converting /root/cuMatch/scratch/LGF/el32_tmp/92/92-91-12.el32.labeled, 4 edges (32 byte)
Input: /root/cuMatch/scratch/LGF/el32_tmp/186/186-91-11.el32.labeled [GBID: 186, 91, 11] [EDGE LABEL: LIKES]
dmesg > labeled_grid_generator.cpp:458
Converting /root/cuMatch/scratch/LGF/el32_tmp/186/186-91-11.el32.labeled, 19535573 edges (156284584 byte)
Input: /root/cuMatch/scratch/LGF/el32_tmp/92/92-92-12.el32.labeled [GBID: 92, 92, 12] [EDGE LABEL: REPLY_OF]
dmesg > labeled_grid_generator.cpp:458
Converting /root/cuMatch/scratch/LGF/el32_tmp/92/92-92-12.el32.labeled, 8498137 edges (67985096 byte)
Input: /root/cuMatch/scratch/LGF/el32_tmp/186/186-92-11.el32.labeled [GBID: 186, 92, 11] [EDGE LABEL: LIKES]
dmesg > labeled_grid_generator.cpp:458
Converting /root/cuMatch/scratch/LGF/el32_tmp/186/186-92-11.el32.labeled, 20277903 edges (162223224 byte)
Input: /root/cuMatch/scratch/LGF/el32_tmp/93/93-93-12.el32.labeled [GBID: 93, 93, 12] [EDGE LABEL: REPLY_OF]
dmesg > labeled_grid_generator.cpp:458
Converting /root/cuMatch/scratch/LGF/el32_tmp/93/93-93-12.el32.labeled, 8481222 edges (67849776 byte)
Input: /root/cuMatch/scratch/LGF/el32_tmp/186/186-93-11.el32.labeled [GBID: 186, 93, 11] [EDGE LABEL: LIKES]
dmesg > labeled_grid_generator.cpp:458
Converting /root/cuMatch/scratch/LGF/el32_tmp/186/186-93-11.el32.labeled, 19655254 edges (157242032 byte)
Input: /root/cuMatch/scratch/LGF/el32_tmp/94/94-94-12.el32.labeled [GBID: 94, 94, 12] [EDGE LABEL: REPLY_OF]
dmesg > labeled_grid_generator.cpp:458
Converting /root/cuMatch/scratch/LGF/el32_tmp/94/94-94-12.el32.labeled, 8439170 edges (67513360 byte)
Input: /root/cuMatch/scratch/LGF/el32_tmp/186/186-94-11.el32.labeled [GBID: 186, 94, 11] [EDGE LABEL: LIKES]
dmesg > labeled_grid_generator.cpp:458
Converting /root/cuMatch/scratch/LGF/el32_tmp/186/186-94-11.el32.labeled, 19770757 edges (158166056 byte)
Input: /root/cuMatch/scratch/LGF/el32_tmp/95/95-95-12.el32.labeled [GBID: 95, 95, 12] [EDGE LABEL: REPLY_OF]
dmesg > labeled_grid_generator.cpp:458
Converting /root/cuMatch/scratch/LGF/el32_tmp/95/95-95-12.el32.labeled, 8499224 edges (67993792 byte)
Input: /root/cuMatch/scratch/LGF/el32_tmp/96/96-95-12.el32.labeled [GBID: 96, 95, 12] [EDGE LABEL: REPLY_OF]
dmesg > labeled_grid_generator.cpp:458
Converting /root/cuMatch/scratch/LGF/el32_tmp/96/96-95-12.el32.labeled, 5 edges (40 byte)
Input: /root/cuMatch/scratch/LGF/el32_tmp/186/186-95-11.el32.labeled [GBID: 186, 95, 11] [EDGE LABEL: LIKES]
dmesg > labeled_grid_generator.cpp:458
Converting /root/cuMatch/scratch/LGF/el32_tmp/186/186-95-11.el32.labeled, 19893497 edges (159147976 byte)
Input: /root/cuMatch/scratch/LGF/el32_tmp/96/96-96-12.el32.labeled [GBID: 96, 96, 12] [EDGE LABEL: REPLY_OF]
dmesg > labeled_grid_generator.cpp:458
Converting /root/cuMatch/scratch/LGF/el32_tmp/96/96-96-12.el32.labeled, 8482359 edges (67858872 byte)
Input: /root/cuMatch/scratch/LGF/el32_tmp/97/97-96-12.el32.labeled [GBID: 97, 96, 12] [EDGE LABEL: REPLY_OF]
dmesg > labeled_grid_generator.cpp:458
Converting /root/cuMatch/scratch/LGF/el32_tmp/97/97-96-12.el32.labeled, 1 edges (8 byte)
Input: /root/cuMatch/scratch/LGF/el32_tmp/186/186-96-11.el32.labeled [GBID: 186, 96, 11] [EDGE LABEL: LIKES]
dmesg > labeled_grid_generator.cpp:458
Converting /root/cuMatch/scratch/LGF/el32_tmp/186/186-96-11.el32.labeled, 20150402 edges (161203216 byte)
Input: /root/cuMatch/scratch/LGF/el32_tmp/97/97-97-12.el32.labeled [GBID: 97, 97, 12] [EDGE LABEL: REPLY_OF]
dmesg > labeled_grid_generator.cpp:458
Converting /root/cuMatch/scratch/LGF/el32_tmp/97/97-97-12.el32.labeled, 8503991 edges (68031928 byte)
Input: /root/cuMatch/scratch/LGF/el32_tmp/98/98-97-12.el32.labeled [GBID: 98, 97, 12] [EDGE LABEL: REPLY_OF]
dmesg > labeled_grid_generator.cpp:458
Converting /root/cuMatch/scratch/LGF/el32_tmp/98/98-97-12.el32.labeled, 2 edges (16 byte)
Input: /root/cuMatch/scratch/LGF/el32_tmp/186/186-97-11.el32.labeled [GBID: 186, 97, 11] [EDGE LABEL: LIKES]
dmesg > labeled_grid_generator.cpp:458
Converting /root/cuMatch/scratch/LGF/el32_tmp/186/186-97-11.el32.labeled, 19664838 edges (157318704 byte)
Input: /root/cuMatch/scratch/LGF/el32_tmp/98/98-98-12.el32.labeled [GBID: 98, 98, 12] [EDGE LABEL: REPLY_OF]
dmesg > labeled_grid_generator.cpp:458
Converting /root/cuMatch/scratch/LGF/el32_tmp/98/98-98-12.el32.labeled, 8464110 edges (67712880 byte)
Input: /root/cuMatch/scratch/LGF/el32_tmp/99/99-98-12.el32.labeled [GBID: 99, 98, 12] [EDGE LABEL: REPLY_OF]
dmesg > labeled_grid_generator.cpp:458
Converting /root/cuMatch/scratch/LGF/el32_tmp/99/99-98-12.el32.labeled, 1 edges (8 byte)
Input: /root/cuMatch/scratch/LGF/el32_tmp/186/186-98-11.el32.labeled [GBID: 186, 98, 11] [EDGE LABEL: LIKES]
dmesg > labeled_grid_generator.cpp:458
Converting /root/cuMatch/scratch/LGF/el32_tmp/186/186-98-11.el32.labeled, 19668368 edges (157346944 byte)
Input: /root/cuMatch/scratch/LGF/el32_tmp/99/99-99-12.el32.labeled [GBID: 99, 99, 12] [EDGE LABEL: REPLY_OF]
dmesg > labeled_grid_generator.cpp:458
Converting /root/cuMatch/scratch/LGF/el32_tmp/99/99-99-12.el32.labeled, 8506173 edges (68049384 byte)
Input: /root/cuMatch/scratch/LGF/el32_tmp/100/100-99-12.el32.labeled [GBID: 100, 99, 12] [EDGE LABEL: REPLY_OF]
dmesg > labeled_grid_generator.cpp:458
Converting /root/cuMatch/scratch/LGF/el32_tmp/100/100-99-12.el32.labeled, 3 edges (24 byte)
Input: /root/cuMatch/scratch/LGF/el32_tmp/186/186-99-11.el32.labeled [GBID: 186, 99, 11] [EDGE LABEL: LIKES]
dmesg > labeled_grid_generator.cpp:458
Converting /root/cuMatch/scratch/LGF/el32_tmp/186/186-99-11.el32.labeled, 19996392 edges (159971136 byte)
Input: /root/cuMatch/scratch/LGF/el32_tmp/100/100-100-12.el32.labeled [GBID: 100, 100, 12] [EDGE LABEL: REPLY_OF]
dmesg > labeled_grid_generator.cpp:458
Converting /root/cuMatch/scratch/LGF/el32_tmp/100/100-100-12.el32.labeled, 8508360 edges (68066880 byte)
Input: /root/cuMatch/scratch/LGF/el32_tmp/101/101-100-12.el32.labeled [GBID: 101, 100, 12] [EDGE LABEL: REPLY_OF]
dmesg > labeled_grid_generator.cpp:458
Converting /root/cuMatch/scratch/LGF/el32_tmp/101/101-100-12.el32.labeled, 2 edges (16 byte)
Input: /root/cuMatch/scratch/LGF/el32_tmp/186/186-100-11.el32.labeled [GBID: 186, 100, 11] [EDGE LABEL: LIKES]
dmesg > labeled_grid_generator.cpp:458
Converting /root/cuMatch/scratch/LGF/el32_tmp/186/186-100-11.el32.labeled, 19808646 edges (158469168 byte)
Input: /root/cuMatch/scratch/LGF/el32_tmp/101/101-101-12.el32.labeled [GBID: 101, 101, 12] [EDGE LABEL: REPLY_OF]
dmesg > labeled_grid_generator.cpp:458
Converting /root/cuMatch/scratch/LGF/el32_tmp/101/101-101-12.el32.labeled, 8518941 edges (68151528 byte)
Input: /root/cuMatch/scratch/LGF/el32_tmp/102/102-101-12.el32.labeled [GBID: 102, 101, 12] [EDGE LABEL: REPLY_OF]
dmesg > labeled_grid_generator.cpp:458
Converting /root/cuMatch/scratch/LGF/el32_tmp/102/102-101-12.el32.labeled, 7 edges (56 byte)
Input: /root/cuMatch/scratch/LGF/el32_tmp/186/186-101-11.el32.labeled [GBID: 186, 101, 11] [EDGE LABEL: LIKES]
dmesg > labeled_grid_generator.cpp:458
Converting /root/cuMatch/scratch/LGF/el32_tmp/186/186-101-11.el32.labeled, 20024241 edges (160193928 byte)
Input: /root/cuMatch/scratch/LGF/el32_tmp/102/102-102-12.el32.labeled [GBID: 102, 102, 12] [EDGE LABEL: REPLY_OF]
dmesg > labeled_grid_generator.cpp:458
Converting /root/cuMatch/scratch/LGF/el32_tmp/102/102-102-12.el32.labeled, 8480422 edges (67843376 byte)
Input: /root/cuMatch/scratch/LGF/el32_tmp/103/103-102-12.el32.labeled [GBID: 103, 102, 12] [EDGE LABEL: REPLY_OF]
dmesg > labeled_grid_generator.cpp:458
Converting /root/cuMatch/scratch/LGF/el32_tmp/103/103-102-12.el32.labeled, 4 edges (32 byte)
Input: /root/cuMatch/scratch/LGF/el32_tmp/186/186-102-11.el32.labeled [GBID: 186, 102, 11] [EDGE LABEL: LIKES]
dmesg > labeled_grid_generator.cpp:458
Converting /root/cuMatch/scratch/LGF/el32_tmp/186/186-102-11.el32.labeled, 20066181 edges (160529448 byte)
Input: /root/cuMatch/scratch/LGF/el32_tmp/103/103-103-12.el32.labeled [GBID: 103, 103, 12] [EDGE LABEL: REPLY_OF]
dmesg > labeled_grid_generator.cpp:458
Converting /root/cuMatch/scratch/LGF/el32_tmp/103/103-103-12.el32.labeled, 8503804 edges (68030432 byte)
Input: /root/cuMatch/scratch/LGF/el32_tmp/186/186-103-11.el32.labeled [GBID: 186, 103, 11] [EDGE LABEL: LIKES]
dmesg > labeled_grid_generator.cpp:458
Converting /root/cuMatch/scratch/LGF/el32_tmp/186/186-103-11.el32.labeled, 20032703 edges (160261624 byte)
Input: /root/cuMatch/scratch/LGF/el32_tmp/104/104-104-12.el32.labeled [GBID: 104, 104, 12] [EDGE LABEL: REPLY_OF]
dmesg > labeled_grid_generator.cpp:458
Converting /root/cuMatch/scratch/LGF/el32_tmp/104/104-104-12.el32.labeled, 8488178 edges (67905424 byte)
Input: /root/cuMatch/scratch/LGF/el32_tmp/105/105-104-12.el32.labeled [GBID: 105, 104, 12] [EDGE LABEL: REPLY_OF]
dmesg > labeled_grid_generator.cpp:458
Converting /root/cuMatch/scratch/LGF/el32_tmp/105/105-104-12.el32.labeled, 8 edges (64 byte)
Input: /root/cuMatch/scratch/LGF/el32_tmp/186/186-104-11.el32.labeled [GBID: 186, 104, 11] [EDGE LABEL: LIKES]
dmesg > labeled_grid_generator.cpp:458
Converting /root/cuMatch/scratch/LGF/el32_tmp/186/186-104-11.el32.labeled, 19985729 edges (159885832 byte)
Input: /root/cuMatch/scratch/LGF/el32_tmp/105/105-105-12.el32.labeled [GBID: 105, 105, 12] [EDGE LABEL: REPLY_OF]
dmesg > labeled_grid_generator.cpp:458
Converting /root/cuMatch/scratch/LGF/el32_tmp/105/105-105-12.el32.labeled, 8471885 edges (67775080 byte)
Input: /root/cuMatch/scratch/LGF/el32_tmp/106/106-105-12.el32.labeled [GBID: 106, 105, 12] [EDGE LABEL: REPLY_OF]
dmesg > labeled_grid_generator.cpp:458
Converting /root/cuMatch/scratch/LGF/el32_tmp/106/106-105-12.el32.labeled, 4 edges (32 byte)
Input: /root/cuMatch/scratch/LGF/el32_tmp/186/186-105-11.el32.labeled [GBID: 186, 105, 11] [EDGE LABEL: LIKES]
dmesg > labeled_grid_generator.cpp:458
Converting /root/cuMatch/scratch/LGF/el32_tmp/186/186-105-11.el32.labeled, 19207257 edges (153658056 byte)
Input: /root/cuMatch/scratch/LGF/el32_tmp/106/106-106-12.el32.labeled [GBID: 106, 106, 12] [EDGE LABEL: REPLY_OF]
dmesg > labeled_grid_generator.cpp:458
Converting /root/cuMatch/scratch/LGF/el32_tmp/106/106-106-12.el32.labeled, 8526184 edges (68209472 byte)
Input: /root/cuMatch/scratch/LGF/el32_tmp/186/186-106-11.el32.labeled [GBID: 186, 106, 11] [EDGE LABEL: LIKES]
dmesg > labeled_grid_generator.cpp:458
Converting /root/cuMatch/scratch/LGF/el32_tmp/186/186-106-11.el32.labeled, 19974490 edges (159795920 byte)
Input: /root/cuMatch/scratch/LGF/el32_tmp/107/107-107-12.el32.labeled [GBID: 107, 107, 12] [EDGE LABEL: REPLY_OF]
dmesg > labeled_grid_generator.cpp:458
Converting /root/cuMatch/scratch/LGF/el32_tmp/107/107-107-12.el32.labeled, 8475733 edges (67805864 byte)
Input: /root/cuMatch/scratch/LGF/el32_tmp/186/186-107-11.el32.labeled [GBID: 186, 107, 11] [EDGE LABEL: LIKES]
dmesg > labeled_grid_generator.cpp:458
Converting /root/cuMatch/scratch/LGF/el32_tmp/186/186-107-11.el32.labeled, 19602956 edges (156823648 byte)
Input: /root/cuMatch/scratch/LGF/el32_tmp/108/108-108-12.el32.labeled [GBID: 108, 108, 12] [EDGE LABEL: REPLY_OF]
dmesg > labeled_grid_generator.cpp:458
Converting /root/cuMatch/scratch/LGF/el32_tmp/108/108-108-12.el32.labeled, 8491269 edges (67930152 byte)
Input: /root/cuMatch/scratch/LGF/el32_tmp/109/109-108-12.el32.labeled [GBID: 109, 108, 12] [EDGE LABEL: REPLY_OF]
dmesg > labeled_grid_generator.cpp:458
Converting /root/cuMatch/scratch/LGF/el32_tmp/109/109-108-12.el32.labeled, 4 edges (32 byte)
Input: /root/cuMatch/scratch/LGF/el32_tmp/186/186-108-11.el32.labeled [GBID: 186, 108, 11] [EDGE LABEL: LIKES]
dmesg > labeled_grid_generator.cpp:458
Converting /root/cuMatch/scratch/LGF/el32_tmp/186/186-108-11.el32.labeled, 20069355 edges (160554840 byte)
Input: /root/cuMatch/scratch/LGF/el32_tmp/109/109-109-12.el32.labeled [GBID: 109, 109, 12] [EDGE LABEL: REPLY_OF]
dmesg > labeled_grid_generator.cpp:458
Converting /root/cuMatch/scratch/LGF/el32_tmp/109/109-109-12.el32.labeled, 8475496 edges (67803968 byte)
Input: /root/cuMatch/scratch/LGF/el32_tmp/110/110-109-12.el32.labeled [GBID: 110, 109, 12] [EDGE LABEL: REPLY_OF]
dmesg > labeled_grid_generator.cpp:458
Converting /root/cuMatch/scratch/LGF/el32_tmp/110/110-109-12.el32.labeled, 3 edges (24 byte)
Input: /root/cuMatch/scratch/LGF/el32_tmp/186/186-109-11.el32.labeled [GBID: 186, 109, 11] [EDGE LABEL: LIKES]
dmesg > labeled_grid_generator.cpp:458
Converting /root/cuMatch/scratch/LGF/el32_tmp/186/186-109-11.el32.labeled, 19621530 edges (156972240 byte)
Input: /root/cuMatch/scratch/LGF/el32_tmp/110/110-110-12.el32.labeled [GBID: 110, 110, 12] [EDGE LABEL: REPLY_OF]
dmesg > labeled_grid_generator.cpp:458
Converting /root/cuMatch/scratch/LGF/el32_tmp/110/110-110-12.el32.labeled, 8498013 edges (67984104 byte)
Input: /root/cuMatch/scratch/LGF/el32_tmp/111/111-110-12.el32.labeled [GBID: 111, 110, 12] [EDGE LABEL: REPLY_OF]
dmesg > labeled_grid_generator.cpp:458
Converting /root/cuMatch/scratch/LGF/el32_tmp/111/111-110-12.el32.labeled, 3 edges (24 byte)
Input: /root/cuMatch/scratch/LGF/el32_tmp/186/186-110-11.el32.labeled [GBID: 186, 110, 11] [EDGE LABEL: LIKES]
dmesg > labeled_grid_generator.cpp:458
Converting /root/cuMatch/scratch/LGF/el32_tmp/186/186-110-11.el32.labeled, 19541919 edges (156335352 byte)
Input: /root/cuMatch/scratch/LGF/el32_tmp/111/111-111-12.el32.labeled [GBID: 111, 111, 12] [EDGE LABEL: REPLY_OF]
dmesg > labeled_grid_generator.cpp:458
Converting /root/cuMatch/scratch/LGF/el32_tmp/111/111-111-12.el32.labeled, 8469015 edges (67752120 byte)
Input: /root/cuMatch/scratch/LGF/el32_tmp/112/112-111-12.el32.labeled [GBID: 112, 111, 12] [EDGE LABEL: REPLY_OF]
dmesg > labeled_grid_generator.cpp:458
Converting /root/cuMatch/scratch/LGF/el32_tmp/112/112-111-12.el32.labeled, 1 edges (8 byte)
Input: /root/cuMatch/scratch/LGF/el32_tmp/186/186-111-11.el32.labeled [GBID: 186, 111, 11] [EDGE LABEL: LIKES]
dmesg > labeled_grid_generator.cpp:458
Converting /root/cuMatch/scratch/LGF/el32_tmp/186/186-111-11.el32.labeled, 19806215 edges (158449720 byte)
Input: /root/cuMatch/scratch/LGF/el32_tmp/112/112-112-12.el32.labeled [GBID: 112, 112, 12] [EDGE LABEL: REPLY_OF]
dmesg > labeled_grid_generator.cpp:458
Converting /root/cuMatch/scratch/LGF/el32_tmp/112/112-112-12.el32.labeled, 8470736 edges (67765888 byte)
Input: /root/cuMatch/scratch/LGF/el32_tmp/186/186-112-11.el32.labeled [GBID: 186, 112, 11] [EDGE LABEL: LIKES]
dmesg > labeled_grid_generator.cpp:458
Converting /root/cuMatch/scratch/LGF/el32_tmp/186/186-112-11.el32.labeled, 20174707 edges (161397656 byte)
Input: /root/cuMatch/scratch/LGF/el32_tmp/113/113-113-12.el32.labeled [GBID: 113, 113, 12] [EDGE LABEL: REPLY_OF]
dmesg > labeled_grid_generator.cpp:458
Converting /root/cuMatch/scratch/LGF/el32_tmp/113/113-113-12.el32.labeled, 8484384 edges (67875072 byte)
Input: /root/cuMatch/scratch/LGF/el32_tmp/114/114-113-12.el32.labeled [GBID: 114, 113, 12] [EDGE LABEL: REPLY_OF]
dmesg > labeled_grid_generator.cpp:458
Converting /root/cuMatch/scratch/LGF/el32_tmp/114/114-113-12.el32.labeled, 5 edges (40 byte)
Input: /root/cuMatch/scratch/LGF/el32_tmp/186/186-113-11.el32.labeled [GBID: 186, 113, 11] [EDGE LABEL: LIKES]
dmesg > labeled_grid_generator.cpp:458
Converting /root/cuMatch/scratch/LGF/el32_tmp/186/186-113-11.el32.labeled, 19787693 edges (158301544 byte)
Input: /root/cuMatch/scratch/LGF/el32_tmp/114/114-114-12.el32.labeled [GBID: 114, 114, 12] [EDGE LABEL: REPLY_OF]
dmesg > labeled_grid_generator.cpp:458
Converting /root/cuMatch/scratch/LGF/el32_tmp/114/114-114-12.el32.labeled, 8489813 edges (67918504 byte)
Input: /root/cuMatch/scratch/LGF/el32_tmp/186/186-114-11.el32.labeled [GBID: 186, 114, 11] [EDGE LABEL: LIKES]
dmesg > labeled_grid_generator.cpp:458
Converting /root/cuMatch/scratch/LGF/el32_tmp/186/186-114-11.el32.labeled, 19933193 edges (159465544 byte)
Input: /root/cuMatch/scratch/LGF/el32_tmp/115/115-115-12.el32.labeled [GBID: 115, 115, 12] [EDGE LABEL: REPLY_OF]
dmesg > labeled_grid_generator.cpp:458
Converting /root/cuMatch/scratch/LGF/el32_tmp/115/115-115-12.el32.labeled, 8499688 edges (67997504 byte)
Input: /root/cuMatch/scratch/LGF/el32_tmp/186/186-115-11.el32.labeled [GBID: 186, 115, 11] [EDGE LABEL: LIKES]
dmesg > labeled_grid_generator.cpp:458
Converting /root/cuMatch/scratch/LGF/el32_tmp/186/186-115-11.el32.labeled, 20081865 edges (160654920 byte)
Input: /root/cuMatch/scratch/LGF/el32_tmp/116/116-116-12.el32.labeled [GBID: 116, 116, 12] [EDGE LABEL: REPLY_OF]
dmesg > labeled_grid_generator.cpp:458
Converting /root/cuMatch/scratch/LGF/el32_tmp/116/116-116-12.el32.labeled, 8500260 edges (68002080 byte)
Input: /root/cuMatch/scratch/LGF/el32_tmp/117/117-116-12.el32.labeled [GBID: 117, 116, 12] [EDGE LABEL: REPLY_OF]
dmesg > labeled_grid_generator.cpp:458
Converting /root/cuMatch/scratch/LGF/el32_tmp/117/117-116-12.el32.labeled, 2 edges (16 byte)
Input: /root/cuMatch/scratch/LGF/el32_tmp/186/186-116-11.el32.labeled [GBID: 186, 116, 11] [EDGE LABEL: LIKES]
dmesg > labeled_grid_generator.cpp:458
Converting /root/cuMatch/scratch/LGF/el32_tmp/186/186-116-11.el32.labeled, 19250173 edges (154001384 byte)
Input: /root/cuMatch/scratch/LGF/el32_tmp/117/117-117-12.el32.labeled [GBID: 117, 117, 12] [EDGE LABEL: REPLY_OF]
dmesg > labeled_grid_generator.cpp:458
Converting /root/cuMatch/scratch/LGF/el32_tmp/117/117-117-12.el32.labeled, 8500975 edges (68007800 byte)
Input: /root/cuMatch/scratch/LGF/el32_tmp/118/118-117-12.el32.labeled [GBID: 118, 117, 12] [EDGE LABEL: REPLY_OF]
dmesg > labeled_grid_generator.cpp:458
Converting /root/cuMatch/scratch/LGF/el32_tmp/118/118-117-12.el32.labeled, 2 edges (16 byte)
Input: /root/cuMatch/scratch/LGF/el32_tmp/186/186-117-11.el32.labeled [GBID: 186, 117, 11] [EDGE LABEL: LIKES]
dmesg > labeled_grid_generator.cpp:458
Converting /root/cuMatch/scratch/LGF/el32_tmp/186/186-117-11.el32.labeled, 20015260 edges (160122080 byte)
Input: /root/cuMatch/scratch/LGF/el32_tmp/118/118-118-12.el32.labeled [GBID: 118, 118, 12] [EDGE LABEL: REPLY_OF]
dmesg > labeled_grid_generator.cpp:458
Converting /root/cuMatch/scratch/LGF/el32_tmp/118/118-118-12.el32.labeled, 8504108 edges (68032864 byte)
Input: /root/cuMatch/scratch/LGF/el32_tmp/186/186-118-11.el32.labeled [GBID: 186, 118, 11] [EDGE LABEL: LIKES]
dmesg > labeled_grid_generator.cpp:458
Converting /root/cuMatch/scratch/LGF/el32_tmp/186/186-118-11.el32.labeled, 19858611 edges (158868888 byte)
Input: /root/cuMatch/scratch/LGF/el32_tmp/119/119-119-12.el32.labeled [GBID: 119, 119, 12] [EDGE LABEL: REPLY_OF]
dmesg > labeled_grid_generator.cpp:458
Converting /root/cuMatch/scratch/LGF/el32_tmp/119/119-119-12.el32.labeled, 8480552 edges (67844416 byte)
Input: /root/cuMatch/scratch/LGF/el32_tmp/186/186-119-11.el32.labeled [GBID: 186, 119, 11] [EDGE LABEL: LIKES]
dmesg > labeled_grid_generator.cpp:458
Converting /root/cuMatch/scratch/LGF/el32_tmp/186/186-119-11.el32.labeled, 19422251 edges (155378008 byte)
Input: /root/cuMatch/scratch/LGF/el32_tmp/120/120-120-12.el32.labeled [GBID: 120, 120, 12] [EDGE LABEL: REPLY_OF]
dmesg > labeled_grid_generator.cpp:458
Converting /root/cuMatch/scratch/LGF/el32_tmp/120/120-120-12.el32.labeled, 8490673 edges (67925384 byte)
Input: /root/cuMatch/scratch/LGF/el32_tmp/121/121-120-12.el32.labeled [GBID: 121, 120, 12] [EDGE LABEL: REPLY_OF]
dmesg > labeled_grid_generator.cpp:458
Converting /root/cuMatch/scratch/LGF/el32_tmp/121/121-120-12.el32.labeled, 9 edges (72 byte)
Input: /root/cuMatch/scratch/LGF/el32_tmp/186/186-120-11.el32.labeled [GBID: 186, 120, 11] [EDGE LABEL: LIKES]
dmesg > labeled_grid_generator.cpp:458
Converting /root/cuMatch/scratch/LGF/el32_tmp/186/186-120-11.el32.labeled, 20175313 edges (161402504 byte)
Input: /root/cuMatch/scratch/LGF/el32_tmp/121/121-121-12.el32.labeled [GBID: 121, 121, 12] [EDGE LABEL: REPLY_OF]
dmesg > labeled_grid_generator.cpp:458
Converting /root/cuMatch/scratch/LGF/el32_tmp/121/121-121-12.el32.labeled, 8493714 edges (67949712 byte)
Input: /root/cuMatch/scratch/LGF/el32_tmp/186/186-121-11.el32.labeled [GBID: 186, 121, 11] [EDGE LABEL: LIKES]
dmesg > labeled_grid_generator.cpp:458
Converting /root/cuMatch/scratch/LGF/el32_tmp/186/186-121-11.el32.labeled, 19832905 edges (158663240 byte)
Input: /root/cuMatch/scratch/LGF/el32_tmp/122/122-122-12.el32.labeled [GBID: 122, 122, 12] [EDGE LABEL: REPLY_OF]
dmesg > labeled_grid_generator.cpp:458
Converting /root/cuMatch/scratch/LGF/el32_tmp/122/122-122-12.el32.labeled, 8510514 edges (68084112 byte)
Input: /root/cuMatch/scratch/LGF/el32_tmp/123/123-122-12.el32.labeled [GBID: 123, 122, 12] [EDGE LABEL: REPLY_OF]
dmesg > labeled_grid_generator.cpp:458
Converting /root/cuMatch/scratch/LGF/el32_tmp/123/123-122-12.el32.labeled, 3 edges (24 byte)
Input: /root/cuMatch/scratch/LGF/el32_tmp/186/186-122-11.el32.labeled [GBID: 186, 122, 11] [EDGE LABEL: LIKES]
dmesg > labeled_grid_generator.cpp:458
Converting /root/cuMatch/scratch/LGF/el32_tmp/186/186-122-11.el32.labeled, 20244897 edges (161959176 byte)
Input: /root/cuMatch/scratch/LGF/el32_tmp/123/123-123-12.el32.labeled [GBID: 123, 123, 12] [EDGE LABEL: REPLY_OF]
dmesg > labeled_grid_generator.cpp:458
Converting /root/cuMatch/scratch/LGF/el32_tmp/123/123-123-12.el32.labeled, 8498420 edges (67987360 byte)
Input: /root/cuMatch/scratch/LGF/el32_tmp/124/124-123-12.el32.labeled [GBID: 124, 123, 12] [EDGE LABEL: REPLY_OF]
dmesg > labeled_grid_generator.cpp:458
Converting /root/cuMatch/scratch/LGF/el32_tmp/124/124-123-12.el32.labeled, 1 edges (8 byte)
Input: /root/cuMatch/scratch/LGF/el32_tmp/186/186-123-11.el32.labeled [GBID: 186, 123, 11] [EDGE LABEL: LIKES]
dmesg > labeled_grid_generator.cpp:458
Converting /root/cuMatch/scratch/LGF/el32_tmp/186/186-123-11.el32.labeled, 20002998 edges (160023984 byte)
Input: /root/cuMatch/scratch/LGF/el32_tmp/124/124-124-12.el32.labeled [GBID: 124, 124, 12] [EDGE LABEL: REPLY_OF]
dmesg > labeled_grid_generator.cpp:458
Converting /root/cuMatch/scratch/LGF/el32_tmp/124/124-124-12.el32.labeled, 8466992 edges (67735936 byte)
Input: /root/cuMatch/scratch/LGF/el32_tmp/125/125-124-12.el32.labeled [GBID: 125, 124, 12] [EDGE LABEL: REPLY_OF]
dmesg > labeled_grid_generator.cpp:458
Converting /root/cuMatch/scratch/LGF/el32_tmp/125/125-124-12.el32.labeled, 5 edges (40 byte)
Input: /root/cuMatch/scratch/LGF/el32_tmp/186/186-124-11.el32.labeled [GBID: 186, 124, 11] [EDGE LABEL: LIKES]
dmesg > labeled_grid_generator.cpp:458
Converting /root/cuMatch/scratch/LGF/el32_tmp/186/186-124-11.el32.labeled, 19911127 edges (159289016 byte)
Input: /root/cuMatch/scratch/LGF/el32_tmp/125/125-125-12.el32.labeled [GBID: 125, 125, 12] [EDGE LABEL: REPLY_OF]
dmesg > labeled_grid_generator.cpp:458
Converting /root/cuMatch/scratch/LGF/el32_tmp/125/125-125-12.el32.labeled, 8498854 edges (67990832 byte)
Input: /root/cuMatch/scratch/LGF/el32_tmp/186/186-125-11.el32.labeled [GBID: 186, 125, 11] [EDGE LABEL: LIKES]
dmesg > labeled_grid_generator.cpp:458
Converting /root/cuMatch/scratch/LGF/el32_tmp/186/186-125-11.el32.labeled, 20015628 edges (160125024 byte)
Input: /root/cuMatch/scratch/LGF/el32_tmp/126/126-126-12.el32.labeled [GBID: 126, 126, 12] [EDGE LABEL: REPLY_OF]
dmesg > labeled_grid_generator.cpp:458
Converting /root/cuMatch/scratch/LGF/el32_tmp/126/126-126-12.el32.labeled, 8481753 edges (67854024 byte)
Input: /root/cuMatch/scratch/LGF/el32_tmp/127/127-126-12.el32.labeled [GBID: 127, 126, 12] [EDGE LABEL: REPLY_OF]
dmesg > labeled_grid_generator.cpp:458
Converting /root/cuMatch/scratch/LGF/el32_tmp/127/127-126-12.el32.labeled, 2 edges (16 byte)
Input: /root/cuMatch/scratch/LGF/el32_tmp/186/186-126-11.el32.labeled [GBID: 186, 126, 11] [EDGE LABEL: LIKES]
dmesg > labeled_grid_generator.cpp:458
Converting /root/cuMatch/scratch/LGF/el32_tmp/186/186-126-11.el32.labeled, 19575518 edges (156604144 byte)
Input: /root/cuMatch/scratch/LGF/el32_tmp/127/127-127-12.el32.labeled [GBID: 127, 127, 12] [EDGE LABEL: REPLY_OF]
dmesg > labeled_grid_generator.cpp:458
Converting /root/cuMatch/scratch/LGF/el32_tmp/127/127-127-12.el32.labeled, 8492650 edges (67941200 byte)
Input: /root/cuMatch/scratch/LGF/el32_tmp/128/128-127-12.el32.labeled [GBID: 128, 127, 12] [EDGE LABEL: REPLY_OF]
dmesg > labeled_grid_generator.cpp:458
Converting /root/cuMatch/scratch/LGF/el32_tmp/128/128-127-12.el32.labeled, 4 edges (32 byte)
Input: /root/cuMatch/scratch/LGF/el32_tmp/186/186-127-11.el32.labeled [GBID: 186, 127, 11] [EDGE LABEL: LIKES]
dmesg > labeled_grid_generator.cpp:458
Converting /root/cuMatch/scratch/LGF/el32_tmp/186/186-127-11.el32.labeled, 19839106 edges (158712848 byte)
Input: /root/cuMatch/scratch/LGF/el32_tmp/128/128-128-12.el32.labeled [GBID: 128, 128, 12] [EDGE LABEL: REPLY_OF]
dmesg > labeled_grid_generator.cpp:458
Converting /root/cuMatch/scratch/LGF/el32_tmp/128/128-128-12.el32.labeled, 8485634 edges (67885072 byte)
Input: /root/cuMatch/scratch/LGF/el32_tmp/129/129-128-12.el32.labeled [GBID: 129, 128, 12] [EDGE LABEL: REPLY_OF]
dmesg > labeled_grid_generator.cpp:458
Converting /root/cuMatch/scratch/LGF/el32_tmp/129/129-128-12.el32.labeled, 3 edges (24 byte)
Input: /root/cuMatch/scratch/LGF/el32_tmp/186/186-128-11.el32.labeled [GBID: 186, 128, 11] [EDGE LABEL: LIKES]
dmesg > labeled_grid_generator.cpp:458
Converting /root/cuMatch/scratch/LGF/el32_tmp/186/186-128-11.el32.labeled, 19301244 edges (154409952 byte)
Input: /root/cuMatch/scratch/LGF/el32_tmp/129/129-129-12.el32.labeled [GBID: 129, 129, 12] [EDGE LABEL: REPLY_OF]
dmesg > labeled_grid_generator.cpp:458
Converting /root/cuMatch/scratch/LGF/el32_tmp/129/129-129-12.el32.labeled, 8496649 edges (67973192 byte)
Input: /root/cuMatch/scratch/LGF/el32_tmp/186/186-129-11.el32.labeled [GBID: 186, 129, 11] [EDGE LABEL: LIKES]
dmesg > labeled_grid_generator.cpp:458
Converting /root/cuMatch/scratch/LGF/el32_tmp/186/186-129-11.el32.labeled, 19621276 edges (156970208 byte)
Input: /root/cuMatch/scratch/LGF/el32_tmp/130/130-130-12.el32.labeled [GBID: 130, 130, 12] [EDGE LABEL: REPLY_OF]
dmesg > labeled_grid_generator.cpp:458
Converting /root/cuMatch/scratch/LGF/el32_tmp/130/130-130-12.el32.labeled, 8483717 edges (67869736 byte)
Input: /root/cuMatch/scratch/LGF/el32_tmp/131/131-130-12.el32.labeled [GBID: 131, 130, 12] [EDGE LABEL: REPLY_OF]
dmesg > labeled_grid_generator.cpp:458
Converting /root/cuMatch/scratch/LGF/el32_tmp/131/131-130-12.el32.labeled, 1 edges (8 byte)
Input: /root/cuMatch/scratch/LGF/el32_tmp/186/186-130-11.el32.labeled [GBID: 186, 130, 11] [EDGE LABEL: LIKES]
dmesg > labeled_grid_generator.cpp:458
Converting /root/cuMatch/scratch/LGF/el32_tmp/186/186-130-11.el32.labeled, 19792104 edges (158336832 byte)
Input: /root/cuMatch/scratch/LGF/el32_tmp/131/131-131-12.el32.labeled [GBID: 131, 131, 12] [EDGE LABEL: REPLY_OF]
dmesg > labeled_grid_generator.cpp:458
Converting /root/cuMatch/scratch/LGF/el32_tmp/131/131-131-12.el32.labeled, 8496230 edges (67969840 byte)
Input: /root/cuMatch/scratch/LGF/el32_tmp/132/132-131-12.el32.labeled [GBID: 132, 131, 12] [EDGE LABEL: REPLY_OF]
dmesg > labeled_grid_generator.cpp:458
Converting /root/cuMatch/scratch/LGF/el32_tmp/132/132-131-12.el32.labeled, 4 edges (32 byte)
Input: /root/cuMatch/scratch/LGF/el32_tmp/186/186-131-11.el32.labeled [GBID: 186, 131, 11] [EDGE LABEL: LIKES]
dmesg > labeled_grid_generator.cpp:458
Converting /root/cuMatch/scratch/LGF/el32_tmp/186/186-131-11.el32.labeled, 19560589 edges (156484712 byte)
Input: /root/cuMatch/scratch/LGF/el32_tmp/132/132-132-12.el32.labeled [GBID: 132, 132, 12] [EDGE LABEL: REPLY_OF]
dmesg > labeled_grid_generator.cpp:458
Converting /root/cuMatch/scratch/LGF/el32_tmp/132/132-132-12.el32.labeled, 8489288 edges (67914304 byte)
Input: /root/cuMatch/scratch/LGF/el32_tmp/133/133-132-12.el32.labeled [GBID: 133, 132, 12] [EDGE LABEL: REPLY_OF]
dmesg > labeled_grid_generator.cpp:458
Converting /root/cuMatch/scratch/LGF/el32_tmp/133/133-132-12.el32.labeled, 2 edges (16 byte)
Input: /root/cuMatch/scratch/LGF/el32_tmp/186/186-132-11.el32.labeled [GBID: 186, 132, 11] [EDGE LABEL: LIKES]
dmesg > labeled_grid_generator.cpp:458
Converting /root/cuMatch/scratch/LGF/el32_tmp/186/186-132-11.el32.labeled, 20122402 edges (160979216 byte)
Input: /root/cuMatch/scratch/LGF/el32_tmp/133/133-133-12.el32.labeled [GBID: 133, 133, 12] [EDGE LABEL: REPLY_OF]
dmesg > labeled_grid_generator.cpp:458
Converting /root/cuMatch/scratch/LGF/el32_tmp/133/133-133-12.el32.labeled, 8495027 edges (67960216 byte)
Input: /root/cuMatch/scratch/LGF/el32_tmp/134/134-133-12.el32.labeled [GBID: 134, 133, 12] [EDGE LABEL: REPLY_OF]
dmesg > labeled_grid_generator.cpp:458
Converting /root/cuMatch/scratch/LGF/el32_tmp/134/134-133-12.el32.labeled, 1 edges (8 byte)
Input: /root/cuMatch/scratch/LGF/el32_tmp/186/186-133-11.el32.labeled [GBID: 186, 133, 11] [EDGE LABEL: LIKES]
dmesg > labeled_grid_generator.cpp:458
Converting /root/cuMatch/scratch/LGF/el32_tmp/186/186-133-11.el32.labeled, 20012225 edges (160097800 byte)
Input: /root/cuMatch/scratch/LGF/el32_tmp/134/134-134-12.el32.labeled [GBID: 134, 134, 12] [EDGE LABEL: REPLY_OF]
dmesg > labeled_grid_generator.cpp:458
Converting /root/cuMatch/scratch/LGF/el32_tmp/134/134-134-12.el32.labeled, 8502052 edges (68016416 byte)
Input: /root/cuMatch/scratch/LGF/el32_tmp/135/135-134-12.el32.labeled [GBID: 135, 134, 12] [EDGE LABEL: REPLY_OF]
dmesg > labeled_grid_generator.cpp:458
Converting /root/cuMatch/scratch/LGF/el32_tmp/135/135-134-12.el32.labeled, 5 edges (40 byte)
Input: /root/cuMatch/scratch/LGF/el32_tmp/186/186-134-11.el32.labeled [GBID: 186, 134, 11] [EDGE LABEL: LIKES]
dmesg > labeled_grid_generator.cpp:458
Converting /root/cuMatch/scratch/LGF/el32_tmp/186/186-134-11.el32.labeled, 19624626 edges (156997008 byte)
Input: /root/cuMatch/scratch/LGF/el32_tmp/135/135-135-12.el32.labeled [GBID: 135, 135, 12] [EDGE LABEL: REPLY_OF]
dmesg > labeled_grid_generator.cpp:458
Converting /root/cuMatch/scratch/LGF/el32_tmp/135/135-135-12.el32.labeled, 8494006 edges (67952048 byte)
Input: /root/cuMatch/scratch/LGF/el32_tmp/136/136-135-12.el32.labeled [GBID: 136, 135, 12] [EDGE LABEL: REPLY_OF]
dmesg > labeled_grid_generator.cpp:458
Converting /root/cuMatch/scratch/LGF/el32_tmp/136/136-135-12.el32.labeled, 10 edges (80 byte)
Input: /root/cuMatch/scratch/LGF/el32_tmp/186/186-135-11.el32.labeled [GBID: 186, 135, 11] [EDGE LABEL: LIKES]
dmesg > labeled_grid_generator.cpp:458
Converting /root/cuMatch/scratch/LGF/el32_tmp/186/186-135-11.el32.labeled, 19770293 edges (158162344 byte)
Input: /root/cuMatch/scratch/LGF/el32_tmp/136/136-136-12.el32.labeled [GBID: 136, 136, 12] [EDGE LABEL: REPLY_OF]
dmesg > labeled_grid_generator.cpp:458
Converting /root/cuMatch/scratch/LGF/el32_tmp/136/136-136-12.el32.labeled, 8477052 edges (67816416 byte)
Input: /root/cuMatch/scratch/LGF/el32_tmp/186/186-136-11.el32.labeled [GBID: 186, 136, 11] [EDGE LABEL: LIKES]
dmesg > labeled_grid_generator.cpp:458
Converting /root/cuMatch/scratch/LGF/el32_tmp/186/186-136-11.el32.labeled, 19737409 edges (157899272 byte)
Input: /root/cuMatch/scratch/LGF/el32_tmp/137/137-137-12.el32.labeled [GBID: 137, 137, 12] [EDGE LABEL: REPLY_OF]
dmesg > labeled_grid_generator.cpp:458
Converting /root/cuMatch/scratch/LGF/el32_tmp/137/137-137-12.el32.labeled, 8509656 edges (68077248 byte)
Input: /root/cuMatch/scratch/LGF/el32_tmp/186/186-137-11.el32.labeled [GBID: 186, 137, 11] [EDGE LABEL: LIKES]
dmesg > labeled_grid_generator.cpp:458
Converting /root/cuMatch/scratch/LGF/el32_tmp/186/186-137-11.el32.labeled, 19617136 edges (156937088 byte)
Input: /root/cuMatch/scratch/LGF/el32_tmp/138/138-138-12.el32.labeled [GBID: 138, 138, 12] [EDGE LABEL: REPLY_OF]
dmesg > labeled_grid_generator.cpp:458
Converting /root/cuMatch/scratch/LGF/el32_tmp/138/138-138-12.el32.labeled, 8496119 edges (67968952 byte)
Input: /root/cuMatch/scratch/LGF/el32_tmp/186/186-138-11.el32.labeled [GBID: 186, 138, 11] [EDGE LABEL: LIKES]
dmesg > labeled_grid_generator.cpp:458
Converting /root/cuMatch/scratch/LGF/el32_tmp/186/186-138-11.el32.labeled, 19765029 edges (158120232 byte)
Input: /root/cuMatch/scratch/LGF/el32_tmp/139/139-139-12.el32.labeled [GBID: 139, 139, 12] [EDGE LABEL: REPLY_OF]
dmesg > labeled_grid_generator.cpp:458
Converting /root/cuMatch/scratch/LGF/el32_tmp/139/139-139-12.el32.labeled, 8492546 edges (67940368 byte)
Input: /root/cuMatch/scratch/LGF/el32_tmp/140/140-139-12.el32.labeled [GBID: 140, 139, 12] [EDGE LABEL: REPLY_OF]
dmesg > labeled_grid_generator.cpp:458
Converting /root/cuMatch/scratch/LGF/el32_tmp/140/140-139-12.el32.labeled, 4 edges (32 byte)
Input: /root/cuMatch/scratch/LGF/el32_tmp/186/186-139-11.el32.labeled [GBID: 186, 139, 11] [EDGE LABEL: LIKES]
dmesg > labeled_grid_generator.cpp:458
Converting /root/cuMatch/scratch/LGF/el32_tmp/186/186-139-11.el32.labeled, 19815987 edges (158527896 byte)
Input: /root/cuMatch/scratch/LGF/el32_tmp/140/140-140-12.el32.labeled [GBID: 140, 140, 12] [EDGE LABEL: REPLY_OF]
dmesg > labeled_grid_generator.cpp:458
Converting /root/cuMatch/scratch/LGF/el32_tmp/140/140-140-12.el32.labeled, 8488980 edges (67911840 byte)
Input: /root/cuMatch/scratch/LGF/el32_tmp/141/141-140-12.el32.labeled [GBID: 141, 140, 12] [EDGE LABEL: REPLY_OF]
dmesg > labeled_grid_generator.cpp:458
Converting /root/cuMatch/scratch/LGF/el32_tmp/141/141-140-12.el32.labeled, 3 edges (24 byte)
Input: /root/cuMatch/scratch/LGF/el32_tmp/186/186-140-11.el32.labeled [GBID: 186, 140, 11] [EDGE LABEL: LIKES]
dmesg > labeled_grid_generator.cpp:458
Converting /root/cuMatch/scratch/LGF/el32_tmp/186/186-140-11.el32.labeled, 19817352 edges (158538816 byte)
Input: /root/cuMatch/scratch/LGF/el32_tmp/141/141-141-12.el32.labeled [GBID: 141, 141, 12] [EDGE LABEL: REPLY_OF]
dmesg > labeled_grid_generator.cpp:458
Converting /root/cuMatch/scratch/LGF/el32_tmp/141/141-141-12.el32.labeled, 8490950 edges (67927600 byte)
Input: /root/cuMatch/scratch/LGF/el32_tmp/142/142-141-12.el32.labeled [GBID: 142, 141, 12] [EDGE LABEL: REPLY_OF]
dmesg > labeled_grid_generator.cpp:458
Converting /root/cuMatch/scratch/LGF/el32_tmp/142/142-141-12.el32.labeled, 4 edges (32 byte)
Input: /root/cuMatch/scratch/LGF/el32_tmp/186/186-141-11.el32.labeled [GBID: 186, 141, 11] [EDGE LABEL: LIKES]
dmesg > labeled_grid_generator.cpp:458
Converting /root/cuMatch/scratch/LGF/el32_tmp/186/186-141-11.el32.labeled, 19961523 edges (159692184 byte)
Input: /root/cuMatch/scratch/LGF/el32_tmp/142/142-142-12.el32.labeled [GBID: 142, 142, 12] [EDGE LABEL: REPLY_OF]
dmesg > labeled_grid_generator.cpp:458
Converting /root/cuMatch/scratch/LGF/el32_tmp/142/142-142-12.el32.labeled, 8469079 edges (67752632 byte)
Input: /root/cuMatch/scratch/LGF/el32_tmp/143/143-142-12.el32.labeled [GBID: 143, 142, 12] [EDGE LABEL: REPLY_OF]
dmesg > labeled_grid_generator.cpp:458
Converting /root/cuMatch/scratch/LGF/el32_tmp/143/143-142-12.el32.labeled, 4 edges (32 byte)
Input: /root/cuMatch/scratch/LGF/el32_tmp/186/186-142-11.el32.labeled [GBID: 186, 142, 11] [EDGE LABEL: LIKES]
dmesg > labeled_grid_generator.cpp:458
Converting /root/cuMatch/scratch/LGF/el32_tmp/186/186-142-11.el32.labeled, 19955154 edges (159641232 byte)
Input: /root/cuMatch/scratch/LGF/el32_tmp/143/143-143-12.el32.labeled [GBID: 143, 143, 12] [EDGE LABEL: REPLY_OF]
dmesg > labeled_grid_generator.cpp:458
Converting /root/cuMatch/scratch/LGF/el32_tmp/143/143-143-12.el32.labeled, 8493944 edges (67951552 byte)
Input: /root/cuMatch/scratch/LGF/el32_tmp/144/144-143-12.el32.labeled [GBID: 144, 143, 12] [EDGE LABEL: REPLY_OF]
dmesg > labeled_grid_generator.cpp:458
Converting /root/cuMatch/scratch/LGF/el32_tmp/144/144-143-12.el32.labeled, 4 edges (32 byte)
Input: /root/cuMatch/scratch/LGF/el32_tmp/186/186-143-11.el32.labeled [GBID: 186, 143, 11] [EDGE LABEL: LIKES]
dmesg > labeled_grid_generator.cpp:458
Converting /root/cuMatch/scratch/LGF/el32_tmp/186/186-143-11.el32.labeled, 20059258 edges (160474064 byte)
Input: /root/cuMatch/scratch/LGF/el32_tmp/144/144-144-12.el32.labeled [GBID: 144, 144, 12] [EDGE LABEL: REPLY_OF]
dmesg > labeled_grid_generator.cpp:458
Converting /root/cuMatch/scratch/LGF/el32_tmp/144/144-144-12.el32.labeled, 8495124 edges (67960992 byte)
Input: /root/cuMatch/scratch/LGF/el32_tmp/145/145-144-12.el32.labeled [GBID: 145, 144, 12] [EDGE LABEL: REPLY_OF]
dmesg > labeled_grid_generator.cpp:458
Converting /root/cuMatch/scratch/LGF/el32_tmp/145/145-144-12.el32.labeled, 9 edges (72 byte)
Input: /root/cuMatch/scratch/LGF/el32_tmp/186/186-144-11.el32.labeled [GBID: 186, 144, 11] [EDGE LABEL: LIKES]
dmesg > labeled_grid_generator.cpp:458
Converting /root/cuMatch/scratch/LGF/el32_tmp/186/186-144-11.el32.labeled, 19662450 edges (157299600 byte)
Input: /root/cuMatch/scratch/LGF/el32_tmp/145/145-145-12.el32.labeled [GBID: 145, 145, 12] [EDGE LABEL: REPLY_OF]
dmesg > labeled_grid_generator.cpp:458
Converting /root/cuMatch/scratch/LGF/el32_tmp/145/145-145-12.el32.labeled, 8514718 edges (68117744 byte)
Input: /root/cuMatch/scratch/LGF/el32_tmp/146/146-145-12.el32.labeled [GBID: 146, 145, 12] [EDGE LABEL: REPLY_OF]
dmesg > labeled_grid_generator.cpp:458
Converting /root/cuMatch/scratch/LGF/el32_tmp/146/146-145-12.el32.labeled, 2 edges (16 byte)
Input: /root/cuMatch/scratch/LGF/el32_tmp/186/186-145-11.el32.labeled [GBID: 186, 145, 11] [EDGE LABEL: LIKES]
dmesg > labeled_grid_generator.cpp:458
Converting /root/cuMatch/scratch/LGF/el32_tmp/186/186-145-11.el32.labeled, 20128294 edges (161026352 byte)
Input: /root/cuMatch/scratch/LGF/el32_tmp/146/146-146-12.el32.labeled [GBID: 146, 146, 12] [EDGE LABEL: REPLY_OF]
dmesg > labeled_grid_generator.cpp:458
Converting /root/cuMatch/scratch/LGF/el32_tmp/146/146-146-12.el32.labeled, 8475062 edges (67800496 byte)
Input: /root/cuMatch/scratch/LGF/el32_tmp/186/186-146-11.el32.labeled [GBID: 186, 146, 11] [EDGE LABEL: LIKES]
dmesg > labeled_grid_generator.cpp:458
Converting /root/cuMatch/scratch/LGF/el32_tmp/186/186-146-11.el32.labeled, 19811851 edges (158494808 byte)
Input: /root/cuMatch/scratch/LGF/el32_tmp/147/147-147-12.el32.labeled [GBID: 147, 147, 12] [EDGE LABEL: REPLY_OF]
dmesg > labeled_grid_generator.cpp:458
Converting /root/cuMatch/scratch/LGF/el32_tmp/147/147-147-12.el32.labeled, 8492254 edges (67938032 byte)
Input: /root/cuMatch/scratch/LGF/el32_tmp/148/148-147-12.el32.labeled [GBID: 148, 147, 12] [EDGE LABEL: REPLY_OF]
dmesg > labeled_grid_generator.cpp:458
Converting /root/cuMatch/scratch/LGF/el32_tmp/148/148-147-12.el32.labeled, 2 edges (16 byte)
Input: /root/cuMatch/scratch/LGF/el32_tmp/186/186-147-11.el32.labeled [GBID: 186, 147, 11] [EDGE LABEL: LIKES]
dmesg > labeled_grid_generator.cpp:458
Converting /root/cuMatch/scratch/LGF/el32_tmp/186/186-147-11.el32.labeled, 19770648 edges (158165184 byte)
Input: /root/cuMatch/scratch/LGF/el32_tmp/148/148-148-12.el32.labeled [GBID: 148, 148, 12] [EDGE LABEL: REPLY_OF]
dmesg > labeled_grid_generator.cpp:458
Converting /root/cuMatch/scratch/LGF/el32_tmp/148/148-148-12.el32.labeled, 8495122 edges (67960976 byte)
Input: /root/cuMatch/scratch/LGF/el32_tmp/149/149-148-12.el32.labeled [GBID: 149, 148, 12] [EDGE LABEL: REPLY_OF]
dmesg > labeled_grid_generator.cpp:458
Converting /root/cuMatch/scratch/LGF/el32_tmp/149/149-148-12.el32.labeled, 3 edges (24 byte)
Input: /root/cuMatch/scratch/LGF/el32_tmp/186/186-148-11.el32.labeled [GBID: 186, 148, 11] [EDGE LABEL: LIKES]
dmesg > labeled_grid_generator.cpp:458
Converting /root/cuMatch/scratch/LGF/el32_tmp/186/186-148-11.el32.labeled, 19853094 edges (158824752 byte)
Input: /root/cuMatch/scratch/LGF/el32_tmp/149/149-149-12.el32.labeled [GBID: 149, 149, 12] [EDGE LABEL: REPLY_OF]
dmesg > labeled_grid_generator.cpp:458
Converting /root/cuMatch/scratch/LGF/el32_tmp/149/149-149-12.el32.labeled, 8511473 edges (68091784 byte)
Input: /root/cuMatch/scratch/LGF/el32_tmp/186/186-149-11.el32.labeled [GBID: 186, 149, 11] [EDGE LABEL: LIKES]
dmesg > labeled_grid_generator.cpp:458
Converting /root/cuMatch/scratch/LGF/el32_tmp/186/186-149-11.el32.labeled, 19744837 edges (157958696 byte)
Input: /root/cuMatch/scratch/LGF/el32_tmp/150/150-150-12.el32.labeled [GBID: 150, 150, 12] [EDGE LABEL: REPLY_OF]
dmesg > labeled_grid_generator.cpp:458
Converting /root/cuMatch/scratch/LGF/el32_tmp/150/150-150-12.el32.labeled, 8490774 edges (67926192 byte)
Input: /root/cuMatch/scratch/LGF/el32_tmp/186/186-150-11.el32.labeled [GBID: 186, 150, 11] [EDGE LABEL: LIKES]
dmesg > labeled_grid_generator.cpp:458
Converting /root/cuMatch/scratch/LGF/el32_tmp/186/186-150-11.el32.labeled, 19773917 edges (158191336 byte)
Input: /root/cuMatch/scratch/LGF/el32_tmp/151/151-151-12.el32.labeled [GBID: 151, 151, 12] [EDGE LABEL: REPLY_OF]
dmesg > labeled_grid_generator.cpp:458
Converting /root/cuMatch/scratch/LGF/el32_tmp/151/151-151-12.el32.labeled, 1926478 edges (15411824 byte)
Input: /root/cuMatch/scratch/LGF/el32_tmp/186/186-151-11.el32.labeled [GBID: 186, 151, 11] [EDGE LABEL: LIKES]
dmesg > labeled_grid_generator.cpp:458
Converting /root/cuMatch/scratch/LGF/el32_tmp/186/186-151-11.el32.labeled, 4414808 edges (35318464 byte)
Input: /root/cuMatch/scratch/LGF/el32_tmp/4/4-152-0.el32.labeled [GBID: 4, 152, 0] [EDGE LABEL: CONTAINER_OF]
dmesg > labeled_grid_generator.cpp:458
Converting /root/cuMatch/scratch/LGF/el32_tmp/4/4-152-0.el32.labeled, 16777216 edges (134217728 byte)
Input: /root/cuMatch/scratch/LGF/el32_tmp/7/7-152-12.el32.labeled [GBID: 7, 152, 12] [EDGE LABEL: REPLY_OF]
dmesg > labeled_grid_generator.cpp:458
Converting /root/cuMatch/scratch/LGF/el32_tmp/7/7-152-12.el32.labeled, 8292434 edges (66339472 byte)
Input: /root/cuMatch/scratch/LGF/el32_tmp/8/8-152-12.el32.labeled [GBID: 8, 152, 12] [EDGE LABEL: REPLY_OF]
dmesg > labeled_grid_generator.cpp:458
Converting /root/cuMatch/scratch/LGF/el32_tmp/8/8-152-12.el32.labeled, 8284515 edges (66276120 byte)
Input: /root/cuMatch/scratch/LGF/el32_tmp/9/9-152-12.el32.labeled [GBID: 9, 152, 12] [EDGE LABEL: REPLY_OF]
dmesg > labeled_grid_generator.cpp:458
Converting /root/cuMatch/scratch/LGF/el32_tmp/9/9-152-12.el32.labeled, 8288759 edges (66310072 byte)
Input: /root/cuMatch/scratch/LGF/el32_tmp/10/10-152-12.el32.labeled [GBID: 10, 152, 12] [EDGE LABEL: REPLY_OF]
dmesg > labeled_grid_generator.cpp:458
Converting /root/cuMatch/scratch/LGF/el32_tmp/10/10-152-12.el32.labeled, 8294964 edges (66359712 byte)
Input: /root/cuMatch/scratch/LGF/el32_tmp/11/11-152-12.el32.labeled [GBID: 11, 152, 12] [EDGE LABEL: REPLY_OF]
dmesg > labeled_grid_generator.cpp:458
Converting /root/cuMatch/scratch/LGF/el32_tmp/11/11-152-12.el32.labeled, 2362184 edges (18897472 byte)
Input: /root/cuMatch/scratch/LGF/el32_tmp/186/186-152-11.el32.labeled [GBID: 186, 152, 11] [EDGE LABEL: LIKES]
dmesg > labeled_grid_generator.cpp:458
Converting /root/cuMatch/scratch/LGF/el32_tmp/186/186-152-11.el32.labeled, 37420196 edges (299361568 byte)
Input: /root/cuMatch/scratch/LGF/el32_tmp/4/4-153-0.el32.labeled [GBID: 4, 153, 0] [EDGE LABEL: CONTAINER_OF]
dmesg > labeled_grid_generator.cpp:458
Converting /root/cuMatch/scratch/LGF/el32_tmp/4/4-153-0.el32.labeled, 16777216 edges (134217728 byte)
Input: /root/cuMatch/scratch/LGF/el32_tmp/11/11-153-12.el32.labeled [GBID: 11, 153, 12] [EDGE LABEL: REPLY_OF]
dmesg > labeled_grid_generator.cpp:458
Converting /root/cuMatch/scratch/LGF/el32_tmp/11/11-153-12.el32.labeled, 5940039 edges (47520312 byte)
Input: /root/cuMatch/scratch/LGF/el32_tmp/12/12-153-12.el32.labeled [GBID: 12, 153, 12] [EDGE LABEL: REPLY_OF]
dmesg > labeled_grid_generator.cpp:458
Converting /root/cuMatch/scratch/LGF/el32_tmp/12/12-153-12.el32.labeled, 8289149 edges (66313192 byte)
Input: /root/cuMatch/scratch/LGF/el32_tmp/13/13-153-12.el32.labeled [GBID: 13, 153, 12] [EDGE LABEL: REPLY_OF]
dmesg > labeled_grid_generator.cpp:458
Converting /root/cuMatch/scratch/LGF/el32_tmp/13/13-153-12.el32.labeled, 8246282 edges (65970256 byte)
Input: /root/cuMatch/scratch/LGF/el32_tmp/14/14-153-12.el32.labeled [GBID: 14, 153, 12] [EDGE LABEL: REPLY_OF]
dmesg > labeled_grid_generator.cpp:458
Converting /root/cuMatch/scratch/LGF/el32_tmp/14/14-153-12.el32.labeled, 8289159 edges (66313272 byte)
Input: /root/cuMatch/scratch/LGF/el32_tmp/15/15-153-12.el32.labeled [GBID: 15, 153, 12] [EDGE LABEL: REPLY_OF]
dmesg > labeled_grid_generator.cpp:458
Converting /root/cuMatch/scratch/LGF/el32_tmp/15/15-153-12.el32.labeled, 5246697 edges (41973576 byte)
Input: /root/cuMatch/scratch/LGF/el32_tmp/186/186-153-11.el32.labeled [GBID: 186, 153, 11] [EDGE LABEL: LIKES]
dmesg > labeled_grid_generator.cpp:458
Converting /root/cuMatch/scratch/LGF/el32_tmp/186/186-153-11.el32.labeled, 36845579 edges (294764632 byte)
Input: /root/cuMatch/scratch/LGF/el32_tmp/4/4-154-0.el32.labeled [GBID: 4, 154, 0] [EDGE LABEL: CONTAINER_OF]
dmesg > labeled_grid_generator.cpp:458
Converting /root/cuMatch/scratch/LGF/el32_tmp/4/4-154-0.el32.labeled, 16777216 edges (134217728 byte)
Input: /root/cuMatch/scratch/LGF/el32_tmp/15/15-154-12.el32.labeled [GBID: 15, 154, 12] [EDGE LABEL: REPLY_OF]
dmesg > labeled_grid_generator.cpp:458
Converting /root/cuMatch/scratch/LGF/el32_tmp/15/15-154-12.el32.labeled, 3022545 edges (24180360 byte)
Input: /root/cuMatch/scratch/LGF/el32_tmp/16/16-154-12.el32.labeled [GBID: 16, 154, 12] [EDGE LABEL: REPLY_OF]
dmesg > labeled_grid_generator.cpp:458
Converting /root/cuMatch/scratch/LGF/el32_tmp/16/16-154-12.el32.labeled, 8284712 edges (66277696 byte)
Input: /root/cuMatch/scratch/LGF/el32_tmp/17/17-154-12.el32.labeled [GBID: 17, 154, 12] [EDGE LABEL: REPLY_OF]
dmesg > labeled_grid_generator.cpp:458
Converting /root/cuMatch/scratch/LGF/el32_tmp/17/17-154-12.el32.labeled, 8290281 edges (66322248 byte)
Input: /root/cuMatch/scratch/LGF/el32_tmp/18/18-154-12.el32.labeled [GBID: 18, 154, 12] [EDGE LABEL: REPLY_OF]
dmesg > labeled_grid_generator.cpp:458
Converting /root/cuMatch/scratch/LGF/el32_tmp/18/18-154-12.el32.labeled, 8308890 edges (66471120 byte)
Input: /root/cuMatch/scratch/LGF/el32_tmp/19/19-154-12.el32.labeled [GBID: 19, 154, 12] [EDGE LABEL: REPLY_OF]
dmesg > labeled_grid_generator.cpp:458
Converting /root/cuMatch/scratch/LGF/el32_tmp/19/19-154-12.el32.labeled, 7911055 edges (63288440 byte)
Input: /root/cuMatch/scratch/LGF/el32_tmp/186/186-154-11.el32.labeled [GBID: 186, 154, 11] [EDGE LABEL: LIKES]
dmesg > labeled_grid_generator.cpp:458
Converting /root/cuMatch/scratch/LGF/el32_tmp/186/186-154-11.el32.labeled, 37347421 edges (298779368 byte)
Input: /root/cuMatch/scratch/LGF/el32_tmp/4/4-155-0.el32.labeled [GBID: 4, 155, 0] [EDGE LABEL: CONTAINER_OF]
dmesg > labeled_grid_generator.cpp:458
Converting /root/cuMatch/scratch/LGF/el32_tmp/4/4-155-0.el32.labeled, 16777216 edges (134217728 byte)
Input: /root/cuMatch/scratch/LGF/el32_tmp/19/19-155-12.el32.labeled [GBID: 19, 155, 12] [EDGE LABEL: REPLY_OF]
dmesg > labeled_grid_generator.cpp:458
Converting /root/cuMatch/scratch/LGF/el32_tmp/19/19-155-12.el32.labeled, 370871 edges (2966968 byte)
Input: /root/cuMatch/scratch/LGF/el32_tmp/20/20-155-12.el32.labeled [GBID: 20, 155, 12] [EDGE LABEL: REPLY_OF]
dmesg > labeled_grid_generator.cpp:458
Converting /root/cuMatch/scratch/LGF/el32_tmp/20/20-155-12.el32.labeled, 8248523 edges (65988184 byte)
Input: /root/cuMatch/scratch/LGF/el32_tmp/21/21-155-12.el32.labeled [GBID: 21, 155, 12] [EDGE LABEL: REPLY_OF]
dmesg > labeled_grid_generator.cpp:458
Converting /root/cuMatch/scratch/LGF/el32_tmp/21/21-155-12.el32.labeled, 8303566 edges (66428528 byte)
Input: /root/cuMatch/scratch/LGF/el32_tmp/22/22-155-12.el32.labeled [GBID: 22, 155, 12] [EDGE LABEL: REPLY_OF]
dmesg > labeled_grid_generator.cpp:458
Converting /root/cuMatch/scratch/LGF/el32_tmp/22/22-155-12.el32.labeled, 8300767 edges (66406136 byte)
Input: /root/cuMatch/scratch/LGF/el32_tmp/23/23-155-12.el32.labeled [GBID: 23, 155, 12] [EDGE LABEL: REPLY_OF]
dmesg > labeled_grid_generator.cpp:458
Converting /root/cuMatch/scratch/LGF/el32_tmp/23/23-155-12.el32.labeled, 8295441 edges (66363528 byte)
Input: /root/cuMatch/scratch/LGF/el32_tmp/24/24-155-12.el32.labeled [GBID: 24, 155, 12] [EDGE LABEL: REPLY_OF]
dmesg > labeled_grid_generator.cpp:458
Converting /root/cuMatch/scratch/LGF/el32_tmp/24/24-155-12.el32.labeled, 2260055 edges (18080440 byte)
Input: /root/cuMatch/scratch/LGF/el32_tmp/186/186-155-11.el32.labeled [GBID: 186, 155, 11] [EDGE LABEL: LIKES]
dmesg > labeled_grid_generator.cpp:458
Converting /root/cuMatch/scratch/LGF/el32_tmp/186/186-155-11.el32.labeled, 36582290 edges (292658320 byte)
Input: /root/cuMatch/scratch/LGF/el32_tmp/4/4-156-0.el32.labeled [GBID: 4, 156, 0] [EDGE LABEL: CONTAINER_OF]
dmesg > labeled_grid_generator.cpp:458
Converting /root/cuMatch/scratch/LGF/el32_tmp/4/4-156-0.el32.labeled, 16777216 edges (134217728 byte)
Input: /root/cuMatch/scratch/LGF/el32_tmp/24/24-156-12.el32.labeled [GBID: 24, 156, 12] [EDGE LABEL: REPLY_OF]
dmesg > labeled_grid_generator.cpp:458
Converting /root/cuMatch/scratch/LGF/el32_tmp/24/24-156-12.el32.labeled, 6050693 edges (48405544 byte)
Input: /root/cuMatch/scratch/LGF/el32_tmp/25/25-156-12.el32.labeled [GBID: 25, 156, 12] [EDGE LABEL: REPLY_OF]
dmesg > labeled_grid_generator.cpp:458
Converting /root/cuMatch/scratch/LGF/el32_tmp/25/25-156-12.el32.labeled, 8266666 edges (66133328 byte)
Input: /root/cuMatch/scratch/LGF/el32_tmp/26/26-156-12.el32.labeled [GBID: 26, 156, 12] [EDGE LABEL: REPLY_OF]
dmesg > labeled_grid_generator.cpp:458
Converting /root/cuMatch/scratch/LGF/el32_tmp/26/26-156-12.el32.labeled, 8289333 edges (66314664 byte)
Input: /root/cuMatch/scratch/LGF/el32_tmp/27/27-156-12.el32.labeled [GBID: 27, 156, 12] [EDGE LABEL: REPLY_OF]
dmesg > labeled_grid_generator.cpp:458
Converting /root/cuMatch/scratch/LGF/el32_tmp/27/27-156-12.el32.labeled, 8285958 edges (66287664 byte)
Input: /root/cuMatch/scratch/LGF/el32_tmp/28/28-156-12.el32.labeled [GBID: 28, 156, 12] [EDGE LABEL: REPLY_OF]
dmesg > labeled_grid_generator.cpp:458
Converting /root/cuMatch/scratch/LGF/el32_tmp/28/28-156-12.el32.labeled, 4651917 edges (37215336 byte)
Input: /root/cuMatch/scratch/LGF/el32_tmp/186/186-156-11.el32.labeled [GBID: 186, 156, 11] [EDGE LABEL: LIKES]
dmesg > labeled_grid_generator.cpp:458
Converting /root/cuMatch/scratch/LGF/el32_tmp/186/186-156-11.el32.labeled, 37596084 edges (300768672 byte)
Input: /root/cuMatch/scratch/LGF/el32_tmp/4/4-157-0.el32.labeled [GBID: 4, 157, 0] [EDGE LABEL: CONTAINER_OF]
dmesg > labeled_grid_generator.cpp:458
Converting /root/cuMatch/scratch/LGF/el32_tmp/4/4-157-0.el32.labeled, 16777216 edges (134217728 byte)
Input: /root/cuMatch/scratch/LGF/el32_tmp/28/28-157-12.el32.labeled [GBID: 28, 157, 12] [EDGE LABEL: REPLY_OF]
dmesg > labeled_grid_generator.cpp:458
Converting /root/cuMatch/scratch/LGF/el32_tmp/28/28-157-12.el32.labeled, 3654685 edges (29237480 byte)
Input: /root/cuMatch/scratch/LGF/el32_tmp/29/29-157-12.el32.labeled [GBID: 29, 157, 12] [EDGE LABEL: REPLY_OF]
dmesg > labeled_grid_generator.cpp:458
Converting /root/cuMatch/scratch/LGF/el32_tmp/29/29-157-12.el32.labeled, 8272403 edges (66179224 byte)
Input: /root/cuMatch/scratch/LGF/el32_tmp/30/30-157-12.el32.labeled [GBID: 30, 157, 12] [EDGE LABEL: REPLY_OF]
dmesg > labeled_grid_generator.cpp:458
Converting /root/cuMatch/scratch/LGF/el32_tmp/30/30-157-12.el32.labeled, 8282142 edges (66257136 byte)
Input: /root/cuMatch/scratch/LGF/el32_tmp/31/31-157-12.el32.labeled [GBID: 31, 157, 12] [EDGE LABEL: REPLY_OF]
dmesg > labeled_grid_generator.cpp:458
Converting /root/cuMatch/scratch/LGF/el32_tmp/31/31-157-12.el32.labeled, 8268061 edges (66144488 byte)
Input: /root/cuMatch/scratch/LGF/el32_tmp/32/32-157-12.el32.labeled [GBID: 32, 157, 12] [EDGE LABEL: REPLY_OF]
dmesg > labeled_grid_generator.cpp:458
Converting /root/cuMatch/scratch/LGF/el32_tmp/32/32-157-12.el32.labeled, 7385555 edges (59084440 byte)
Input: /root/cuMatch/scratch/LGF/el32_tmp/186/186-157-11.el32.labeled [GBID: 186, 157, 11] [EDGE LABEL: LIKES]
dmesg > labeled_grid_generator.cpp:458
Converting /root/cuMatch/scratch/LGF/el32_tmp/186/186-157-11.el32.labeled, 37012969 edges (296103752 byte)
Input: /root/cuMatch/scratch/LGF/el32_tmp/4/4-158-0.el32.labeled [GBID: 4, 158, 0] [EDGE LABEL: CONTAINER_OF]
dmesg > labeled_grid_generator.cpp:458
Converting /root/cuMatch/scratch/LGF/el32_tmp/4/4-158-0.el32.labeled, 16777216 edges (134217728 byte)
Input: /root/cuMatch/scratch/LGF/el32_tmp/32/32-158-12.el32.labeled [GBID: 32, 158, 12] [EDGE LABEL: REPLY_OF]
dmesg > labeled_grid_generator.cpp:458
Converting /root/cuMatch/scratch/LGF/el32_tmp/32/32-158-12.el32.labeled, 893621 edges (7148968 byte)
Input: /root/cuMatch/scratch/LGF/el32_tmp/33/33-158-12.el32.labeled [GBID: 33, 158, 12] [EDGE LABEL: REPLY_OF]
dmesg > labeled_grid_generator.cpp:458
Converting /root/cuMatch/scratch/LGF/el32_tmp/33/33-158-12.el32.labeled, 8316076 edges (66528608 byte)
Input: /root/cuMatch/scratch/LGF/el32_tmp/34/34-158-12.el32.labeled [GBID: 34, 158, 12] [EDGE LABEL: REPLY_OF]
dmesg > labeled_grid_generator.cpp:458
Converting /root/cuMatch/scratch/LGF/el32_tmp/34/34-158-12.el32.labeled, 8295720 edges (66365760 byte)
Input: /root/cuMatch/scratch/LGF/el32_tmp/35/35-158-12.el32.labeled [GBID: 35, 158, 12] [EDGE LABEL: REPLY_OF]
dmesg > labeled_grid_generator.cpp:458
Converting /root/cuMatch/scratch/LGF/el32_tmp/35/35-158-12.el32.labeled, 8304079 edges (66432632 byte)
Input: /root/cuMatch/scratch/LGF/el32_tmp/36/36-158-12.el32.labeled [GBID: 36, 158, 12] [EDGE LABEL: REPLY_OF]
dmesg > labeled_grid_generator.cpp:458
Converting /root/cuMatch/scratch/LGF/el32_tmp/36/36-158-12.el32.labeled, 8300516 edges (66404128 byte)
Input: /root/cuMatch/scratch/LGF/el32_tmp/37/37-158-12.el32.labeled [GBID: 37, 158, 12] [EDGE LABEL: REPLY_OF]
dmesg > labeled_grid_generator.cpp:458
Converting /root/cuMatch/scratch/LGF/el32_tmp/37/37-158-12.el32.labeled, 1160461 edges (9283688 byte)
Input: /root/cuMatch/scratch/LGF/el32_tmp/186/186-158-11.el32.labeled [GBID: 186, 158, 11] [EDGE LABEL: LIKES]
dmesg > labeled_grid_generator.cpp:458
Converting /root/cuMatch/scratch/LGF/el32_tmp/186/186-158-11.el32.labeled, 37308387 edges (298467096 byte)
Input: /root/cuMatch/scratch/LGF/el32_tmp/4/4-159-0.el32.labeled [GBID: 4, 159, 0] [EDGE LABEL: CONTAINER_OF]
dmesg > labeled_grid_generator.cpp:458
Converting /root/cuMatch/scratch/LGF/el32_tmp/4/4-159-0.el32.labeled, 16777216 edges (134217728 byte)
Input: /root/cuMatch/scratch/LGF/el32_tmp/37/37-159-12.el32.labeled [GBID: 37, 159, 12] [EDGE LABEL: REPLY_OF]
dmesg > labeled_grid_generator.cpp:458
Converting /root/cuMatch/scratch/LGF/el32_tmp/37/37-159-12.el32.labeled, 7112625 edges (56901000 byte)
Input: /root/cuMatch/scratch/LGF/el32_tmp/38/38-159-12.el32.labeled [GBID: 38, 159, 12] [EDGE LABEL: REPLY_OF]
dmesg > labeled_grid_generator.cpp:458
Converting /root/cuMatch/scratch/LGF/el32_tmp/38/38-159-12.el32.labeled, 8311358 edges (66490864 byte)
Input: /root/cuMatch/scratch/LGF/el32_tmp/39/39-159-12.el32.labeled [GBID: 39, 159, 12] [EDGE LABEL: REPLY_OF]
dmesg > labeled_grid_generator.cpp:458
Converting /root/cuMatch/scratch/LGF/el32_tmp/39/39-159-12.el32.labeled, 8263570 edges (66108560 byte)
Input: /root/cuMatch/scratch/LGF/el32_tmp/40/40-159-12.el32.labeled [GBID: 40, 159, 12] [EDGE LABEL: REPLY_OF]
dmesg > labeled_grid_generator.cpp:458
Converting /root/cuMatch/scratch/LGF/el32_tmp/40/40-159-12.el32.labeled, 8257297 edges (66058376 byte)
Input: /root/cuMatch/scratch/LGF/el32_tmp/41/41-159-12.el32.labeled [GBID: 41, 159, 12] [EDGE LABEL: REPLY_OF]
dmesg > labeled_grid_generator.cpp:458
Converting /root/cuMatch/scratch/LGF/el32_tmp/41/41-159-12.el32.labeled, 3625687 edges (29005496 byte)
Input: /root/cuMatch/scratch/LGF/el32_tmp/186/186-159-11.el32.labeled [GBID: 186, 159, 11] [EDGE LABEL: LIKES]
dmesg > labeled_grid_generator.cpp:458
Converting /root/cuMatch/scratch/LGF/el32_tmp/186/186-159-11.el32.labeled, 36576402 edges (292611216 byte)
Input: /root/cuMatch/scratch/LGF/el32_tmp/4/4-160-0.el32.labeled [GBID: 4, 160, 0] [EDGE LABEL: CONTAINER_OF]
dmesg > labeled_grid_generator.cpp:458
Converting /root/cuMatch/scratch/LGF/el32_tmp/4/4-160-0.el32.labeled, 16777216 edges (134217728 byte)
Input: /root/cuMatch/scratch/LGF/el32_tmp/41/41-160-12.el32.labeled [GBID: 41, 160, 12] [EDGE LABEL: REPLY_OF]
dmesg > labeled_grid_generator.cpp:458
Converting /root/cuMatch/scratch/LGF/el32_tmp/41/41-160-12.el32.labeled, 4628828 edges (37030624 byte)
Input: /root/cuMatch/scratch/LGF/el32_tmp/42/42-160-12.el32.labeled [GBID: 42, 160, 12] [EDGE LABEL: REPLY_OF]
dmesg > labeled_grid_generator.cpp:458
Converting /root/cuMatch/scratch/LGF/el32_tmp/42/42-160-12.el32.labeled, 8295319 edges (66362552 byte)
Input: /root/cuMatch/scratch/LGF/el32_tmp/43/43-160-12.el32.labeled [GBID: 43, 160, 12] [EDGE LABEL: REPLY_OF]
dmesg > labeled_grid_generator.cpp:458
Converting /root/cuMatch/scratch/LGF/el32_tmp/43/43-160-12.el32.labeled, 8284208 edges (66273664 byte)
Input: /root/cuMatch/scratch/LGF/el32_tmp/44/44-160-12.el32.labeled [GBID: 44, 160, 12] [EDGE LABEL: REPLY_OF]
dmesg > labeled_grid_generator.cpp:458
Converting /root/cuMatch/scratch/LGF/el32_tmp/44/44-160-12.el32.labeled, 8288162 edges (66305296 byte)
Input: /root/cuMatch/scratch/LGF/el32_tmp/45/45-160-12.el32.labeled [GBID: 45, 160, 12] [EDGE LABEL: REPLY_OF]
dmesg > labeled_grid_generator.cpp:458
Converting /root/cuMatch/scratch/LGF/el32_tmp/45/45-160-12.el32.labeled, 5960564 edges (47684512 byte)
Input: /root/cuMatch/scratch/LGF/el32_tmp/186/186-160-11.el32.labeled [GBID: 186, 160, 11] [EDGE LABEL: LIKES]
dmesg > labeled_grid_generator.cpp:458
Converting /root/cuMatch/scratch/LGF/el32_tmp/186/186-160-11.el32.labeled, 37812424 edges (302499392 byte)
Input: /root/cuMatch/scratch/LGF/el32_tmp/4/4-161-0.el32.labeled [GBID: 4, 161, 0] [EDGE LABEL: CONTAINER_OF]
dmesg > labeled_grid_generator.cpp:458
Converting /root/cuMatch/scratch/LGF/el32_tmp/4/4-161-0.el32.labeled, 16777216 edges (134217728 byte)
Input: /root/cuMatch/scratch/LGF/el32_tmp/45/45-161-12.el32.labeled [GBID: 45, 161, 12] [EDGE LABEL: REPLY_OF]
dmesg > labeled_grid_generator.cpp:458
Converting /root/cuMatch/scratch/LGF/el32_tmp/45/45-161-12.el32.labeled, 2316116 edges (18528928 byte)
Input: /root/cuMatch/scratch/LGF/el32_tmp/46/46-161-12.el32.labeled [GBID: 46, 161, 12] [EDGE LABEL: REPLY_OF]
dmesg > labeled_grid_generator.cpp:458
Converting /root/cuMatch/scratch/LGF/el32_tmp/46/46-161-12.el32.labeled, 8323651 edges (66589208 byte)
Input: /root/cuMatch/scratch/LGF/el32_tmp/47/47-161-12.el32.labeled [GBID: 47, 161, 12] [EDGE LABEL: REPLY_OF]
dmesg > labeled_grid_generator.cpp:458
Converting /root/cuMatch/scratch/LGF/el32_tmp/47/47-161-12.el32.labeled, 8285516 edges (66284128 byte)
Input: /root/cuMatch/scratch/LGF/el32_tmp/48/48-161-12.el32.labeled [GBID: 48, 161, 12] [EDGE LABEL: REPLY_OF]
dmesg > labeled_grid_generator.cpp:458
Converting /root/cuMatch/scratch/LGF/el32_tmp/48/48-161-12.el32.labeled, 8317757 edges (66542056 byte)
Input: /root/cuMatch/scratch/LGF/el32_tmp/49/49-161-12.el32.labeled [GBID: 49, 161, 12] [EDGE LABEL: REPLY_OF]
dmesg > labeled_grid_generator.cpp:458
Converting /root/cuMatch/scratch/LGF/el32_tmp/49/49-161-12.el32.labeled, 8310339 edges (66482712 byte)
Input: /root/cuMatch/scratch/LGF/el32_tmp/50/50-161-12.el32.labeled [GBID: 50, 161, 12] [EDGE LABEL: REPLY_OF]
dmesg > labeled_grid_generator.cpp:458
Converting /root/cuMatch/scratch/LGF/el32_tmp/50/50-161-12.el32.labeled, 94730 edges (757840 byte)
Input: /root/cuMatch/scratch/LGF/el32_tmp/186/186-161-11.el32.labeled [GBID: 186, 161, 11] [EDGE LABEL: LIKES]
dmesg > labeled_grid_generator.cpp:458
Converting /root/cuMatch/scratch/LGF/el32_tmp/186/186-161-11.el32.labeled, 36869457 edges (294955656 byte)
Input: /root/cuMatch/scratch/LGF/el32_tmp/4/4-162-0.el32.labeled [GBID: 4, 162, 0] [EDGE LABEL: CONTAINER_OF]
dmesg > labeled_grid_generator.cpp:458
Converting /root/cuMatch/scratch/LGF/el32_tmp/4/4-162-0.el32.labeled, 16777216 edges (134217728 byte)
Input: /root/cuMatch/scratch/LGF/el32_tmp/50/50-162-12.el32.labeled [GBID: 50, 162, 12] [EDGE LABEL: REPLY_OF]
dmesg > labeled_grid_generator.cpp:458
Converting /root/cuMatch/scratch/LGF/el32_tmp/50/50-162-12.el32.labeled, 8227013 edges (65816104 byte)
Input: /root/cuMatch/scratch/LGF/el32_tmp/51/51-162-12.el32.labeled [GBID: 51, 162, 12] [EDGE LABEL: REPLY_OF]
dmesg > labeled_grid_generator.cpp:458
Converting /root/cuMatch/scratch/LGF/el32_tmp/51/51-162-12.el32.labeled, 8263697 edges (66109576 byte)
Input: /root/cuMatch/scratch/LGF/el32_tmp/52/52-162-12.el32.labeled [GBID: 52, 162, 12] [EDGE LABEL: REPLY_OF]
dmesg > labeled_grid_generator.cpp:458
Converting /root/cuMatch/scratch/LGF/el32_tmp/52/52-162-12.el32.labeled, 8302041 edges (66416328 byte)
Input: /root/cuMatch/scratch/LGF/el32_tmp/53/53-162-12.el32.labeled [GBID: 53, 162, 12] [EDGE LABEL: REPLY_OF]
dmesg > labeled_grid_generator.cpp:458
Converting /root/cuMatch/scratch/LGF/el32_tmp/53/53-162-12.el32.labeled, 8280997 edges (66247976 byte)
Input: /root/cuMatch/scratch/LGF/el32_tmp/54/54-162-12.el32.labeled [GBID: 54, 162, 12] [EDGE LABEL: REPLY_OF]
dmesg > labeled_grid_generator.cpp:458
Converting /root/cuMatch/scratch/LGF/el32_tmp/54/54-162-12.el32.labeled, 2435474 edges (19483792 byte)
Input: /root/cuMatch/scratch/LGF/el32_tmp/186/186-162-11.el32.labeled [GBID: 186, 162, 11] [EDGE LABEL: LIKES]
dmesg > labeled_grid_generator.cpp:458
Converting /root/cuMatch/scratch/LGF/el32_tmp/186/186-162-11.el32.labeled, 36567394 edges (292539152 byte)
Input: /root/cuMatch/scratch/LGF/el32_tmp/4/4-163-0.el32.labeled [GBID: 4, 163, 0] [EDGE LABEL: CONTAINER_OF]
dmesg > labeled_grid_generator.cpp:458
Converting /root/cuMatch/scratch/LGF/el32_tmp/4/4-163-0.el32.labeled, 16777216 edges (134217728 byte)
Input: /root/cuMatch/scratch/LGF/el32_tmp/54/54-163-12.el32.labeled [GBID: 54, 163, 12] [EDGE LABEL: REPLY_OF]
dmesg > labeled_grid_generator.cpp:458
Converting /root/cuMatch/scratch/LGF/el32_tmp/54/54-163-12.el32.labeled, 5858855 edges (46870840 byte)
Input: /root/cuMatch/scratch/LGF/el32_tmp/55/55-163-12.el32.labeled [GBID: 55, 163, 12] [EDGE LABEL: REPLY_OF]
dmesg > labeled_grid_generator.cpp:458
Converting /root/cuMatch/scratch/LGF/el32_tmp/55/55-163-12.el32.labeled, 8289733 edges (66317864 byte)
Input: /root/cuMatch/scratch/LGF/el32_tmp/56/56-163-12.el32.labeled [GBID: 56, 163, 12] [EDGE LABEL: REPLY_OF]
dmesg > labeled_grid_generator.cpp:458
Converting /root/cuMatch/scratch/LGF/el32_tmp/56/56-163-12.el32.labeled, 8285709 edges (66285672 byte)
Input: /root/cuMatch/scratch/LGF/el32_tmp/57/57-163-12.el32.labeled [GBID: 57, 163, 12] [EDGE LABEL: REPLY_OF]
dmesg > labeled_grid_generator.cpp:458
Converting /root/cuMatch/scratch/LGF/el32_tmp/57/57-163-12.el32.labeled, 8283535 edges (66268280 byte)
Input: /root/cuMatch/scratch/LGF/el32_tmp/58/58-163-12.el32.labeled [GBID: 58, 163, 12] [EDGE LABEL: REPLY_OF]
dmesg > labeled_grid_generator.cpp:458
Converting /root/cuMatch/scratch/LGF/el32_tmp/58/58-163-12.el32.labeled, 5208755 edges (41670040 byte)
Input: /root/cuMatch/scratch/LGF/el32_tmp/186/186-163-11.el32.labeled [GBID: 186, 163, 11] [EDGE LABEL: LIKES]
dmesg > labeled_grid_generator.cpp:458
Converting /root/cuMatch/scratch/LGF/el32_tmp/186/186-163-11.el32.labeled, 36988104 edges (295904832 byte)
Input: /root/cuMatch/scratch/LGF/el32_tmp/4/4-164-0.el32.labeled [GBID: 4, 164, 0] [EDGE LABEL: CONTAINER_OF]
dmesg > labeled_grid_generator.cpp:458
Converting /root/cuMatch/scratch/LGF/el32_tmp/4/4-164-0.el32.labeled, 16777216 edges (134217728 byte)
Input: /root/cuMatch/scratch/LGF/el32_tmp/58/58-164-12.el32.labeled [GBID: 58, 164, 12] [EDGE LABEL: REPLY_OF]
dmesg > labeled_grid_generator.cpp:458
Converting /root/cuMatch/scratch/LGF/el32_tmp/58/58-164-12.el32.labeled, 3069930 edges (24559440 byte)
Input: /root/cuMatch/scratch/LGF/el32_tmp/59/59-164-12.el32.labeled [GBID: 59, 164, 12] [EDGE LABEL: REPLY_OF]
dmesg > labeled_grid_generator.cpp:458
Converting /root/cuMatch/scratch/LGF/el32_tmp/59/59-164-12.el32.labeled, 8290961 edges (66327688 byte)
Input: /root/cuMatch/scratch/LGF/el32_tmp/60/60-164-12.el32.labeled [GBID: 60, 164, 12] [EDGE LABEL: REPLY_OF]
dmesg > labeled_grid_generator.cpp:458
Converting /root/cuMatch/scratch/LGF/el32_tmp/60/60-164-12.el32.labeled, 8301760 edges (66414080 byte)
Input: /root/cuMatch/scratch/LGF/el32_tmp/61/61-164-12.el32.labeled [GBID: 61, 164, 12] [EDGE LABEL: REPLY_OF]
dmesg > labeled_grid_generator.cpp:458
Converting /root/cuMatch/scratch/LGF/el32_tmp/61/61-164-12.el32.labeled, 8270181 edges (66161448 byte)
Input: /root/cuMatch/scratch/LGF/el32_tmp/62/62-164-12.el32.labeled [GBID: 62, 164, 12] [EDGE LABEL: REPLY_OF]
dmesg > labeled_grid_generator.cpp:458
Converting /root/cuMatch/scratch/LGF/el32_tmp/62/62-164-12.el32.labeled, 7421908 edges (59375264 byte)
Input: /root/cuMatch/scratch/LGF/el32_tmp/186/186-164-11.el32.labeled [GBID: 186, 164, 11] [EDGE LABEL: LIKES]
dmesg > labeled_grid_generator.cpp:458
Converting /root/cuMatch/scratch/LGF/el32_tmp/186/186-164-11.el32.labeled, 37339777 edges (298718216 byte)
Input: /root/cuMatch/scratch/LGF/el32_tmp/4/4-165-0.el32.labeled [GBID: 4, 165, 0] [EDGE LABEL: CONTAINER_OF]
dmesg > labeled_grid_generator.cpp:458
Converting /root/cuMatch/scratch/LGF/el32_tmp/4/4-165-0.el32.labeled, 16777216 edges (134217728 byte)
Input: /root/cuMatch/scratch/LGF/el32_tmp/62/62-165-12.el32.labeled [GBID: 62, 165, 12] [EDGE LABEL: REPLY_OF]
dmesg > labeled_grid_generator.cpp:458
Converting /root/cuMatch/scratch/LGF/el32_tmp/62/62-165-12.el32.labeled, 844761 edges (6758088 byte)
Input: /root/cuMatch/scratch/LGF/el32_tmp/63/63-165-12.el32.labeled [GBID: 63, 165, 12] [EDGE LABEL: REPLY_OF]
dmesg > labeled_grid_generator.cpp:458
Converting /root/cuMatch/scratch/LGF/el32_tmp/63/63-165-12.el32.labeled, 8279441 edges (66235528 byte)
Input: /root/cuMatch/scratch/LGF/el32_tmp/64/64-165-12.el32.labeled [GBID: 64, 165, 12] [EDGE LABEL: REPLY_OF]
dmesg > labeled_grid_generator.cpp:458
Converting /root/cuMatch/scratch/LGF/el32_tmp/64/64-165-12.el32.labeled, 8282236 edges (66257888 byte)
Input: /root/cuMatch/scratch/LGF/el32_tmp/65/65-165-12.el32.labeled [GBID: 65, 165, 12] [EDGE LABEL: REPLY_OF]
dmesg > labeled_grid_generator.cpp:458
Converting /root/cuMatch/scratch/LGF/el32_tmp/65/65-165-12.el32.labeled, 8278422 edges (66227376 byte)
Input: /root/cuMatch/scratch/LGF/el32_tmp/66/66-165-12.el32.labeled [GBID: 66, 165, 12] [EDGE LABEL: REPLY_OF]
dmesg > labeled_grid_generator.cpp:458
Converting /root/cuMatch/scratch/LGF/el32_tmp/66/66-165-12.el32.labeled, 8299484 edges (66395872 byte)
Input: /root/cuMatch/scratch/LGF/el32_tmp/67/67-165-12.el32.labeled [GBID: 67, 165, 12] [EDGE LABEL: REPLY_OF]
dmesg > labeled_grid_generator.cpp:458
Converting /root/cuMatch/scratch/LGF/el32_tmp/67/67-165-12.el32.labeled, 1444734 edges (11557872 byte)
Input: /root/cuMatch/scratch/LGF/el32_tmp/186/186-165-11.el32.labeled [GBID: 186, 165, 11] [EDGE LABEL: LIKES]
dmesg > labeled_grid_generator.cpp:458
Converting /root/cuMatch/scratch/LGF/el32_tmp/186/186-165-11.el32.labeled, 38122214 edges (304977712 byte)
Input: /root/cuMatch/scratch/LGF/el32_tmp/4/4-166-0.el32.labeled [GBID: 4, 166, 0] [EDGE LABEL: CONTAINER_OF]
dmesg > labeled_grid_generator.cpp:458
Converting /root/cuMatch/scratch/LGF/el32_tmp/4/4-166-0.el32.labeled, 16777216 edges (134217728 byte)
Input: /root/cuMatch/scratch/LGF/el32_tmp/67/67-166-12.el32.labeled [GBID: 67, 166, 12] [EDGE LABEL: REPLY_OF]
dmesg > labeled_grid_generator.cpp:458
Converting /root/cuMatch/scratch/LGF/el32_tmp/67/67-166-12.el32.labeled, 6834200 edges (54673600 byte)
Input: /root/cuMatch/scratch/LGF/el32_tmp/68/68-166-12.el32.labeled [GBID: 68, 166, 12] [EDGE LABEL: REPLY_OF]
dmesg > labeled_grid_generator.cpp:458
Converting /root/cuMatch/scratch/LGF/el32_tmp/68/68-166-12.el32.labeled, 8265755 edges (66126040 byte)
Input: /root/cuMatch/scratch/LGF/el32_tmp/69/69-166-12.el32.labeled [GBID: 69, 166, 12] [EDGE LABEL: REPLY_OF]
dmesg > labeled_grid_generator.cpp:458
Converting /root/cuMatch/scratch/LGF/el32_tmp/69/69-166-12.el32.labeled, 8297439 edges (66379512 byte)
Input: /root/cuMatch/scratch/LGF/el32_tmp/70/70-166-12.el32.labeled [GBID: 70, 166, 12] [EDGE LABEL: REPLY_OF]
dmesg > labeled_grid_generator.cpp:458
Converting /root/cuMatch/scratch/LGF/el32_tmp/70/70-166-12.el32.labeled, 8273640 edges (66189120 byte)
Input: /root/cuMatch/scratch/LGF/el32_tmp/71/71-166-12.el32.labeled [GBID: 71, 166, 12] [EDGE LABEL: REPLY_OF]
dmesg > labeled_grid_generator.cpp:458
Converting /root/cuMatch/scratch/LGF/el32_tmp/71/71-166-12.el32.labeled, 4287797 edges (34302376 byte)
Input: /root/cuMatch/scratch/LGF/el32_tmp/186/186-166-11.el32.labeled [GBID: 186, 166, 11] [EDGE LABEL: LIKES]
dmesg > labeled_grid_generator.cpp:458
Converting /root/cuMatch/scratch/LGF/el32_tmp/186/186-166-11.el32.labeled, 36066196 edges (288529568 byte)
Input: /root/cuMatch/scratch/LGF/el32_tmp/4/4-167-0.el32.labeled [GBID: 4, 167, 0] [EDGE LABEL: CONTAINER_OF]
dmesg > labeled_grid_generator.cpp:458
Converting /root/cuMatch/scratch/LGF/el32_tmp/4/4-167-0.el32.labeled, 10749120 edges (85992960 byte)
Input: /root/cuMatch/scratch/LGF/el32_tmp/5/5-167-0.el32.labeled [GBID: 5, 167, 0] [EDGE LABEL: CONTAINER_OF]
dmesg > labeled_grid_generator.cpp:458
Converting /root/cuMatch/scratch/LGF/el32_tmp/5/5-167-0.el32.labeled, 6028096 edges (48224768 byte)
Input: /root/cuMatch/scratch/LGF/el32_tmp/71/71-167-12.el32.labeled [GBID: 71, 167, 12] [EDGE LABEL: REPLY_OF]
dmesg > labeled_grid_generator.cpp:458
Converting /root/cuMatch/scratch/LGF/el32_tmp/71/71-167-12.el32.labeled, 4014048 edges (32112384 byte)
Input: /root/cuMatch/scratch/LGF/el32_tmp/72/72-167-12.el32.labeled [GBID: 72, 167, 12] [EDGE LABEL: REPLY_OF]
dmesg > labeled_grid_generator.cpp:458
Converting /root/cuMatch/scratch/LGF/el32_tmp/72/72-167-12.el32.labeled, 8270355 edges (66162840 byte)
Input: /root/cuMatch/scratch/LGF/el32_tmp/73/73-167-12.el32.labeled [GBID: 73, 167, 12] [EDGE LABEL: REPLY_OF]
dmesg > labeled_grid_generator.cpp:458
Converting /root/cuMatch/scratch/LGF/el32_tmp/73/73-167-12.el32.labeled, 8285240 edges (66281920 byte)
Input: /root/cuMatch/scratch/LGF/el32_tmp/74/74-167-12.el32.labeled [GBID: 74, 167, 12] [EDGE LABEL: REPLY_OF]
dmesg > labeled_grid_generator.cpp:458
Converting /root/cuMatch/scratch/LGF/el32_tmp/74/74-167-12.el32.labeled, 8316186 edges (66529488 byte)
Input: /root/cuMatch/scratch/LGF/el32_tmp/75/75-167-12.el32.labeled [GBID: 75, 167, 12] [EDGE LABEL: REPLY_OF]
dmesg > labeled_grid_generator.cpp:458
Converting /root/cuMatch/scratch/LGF/el32_tmp/75/75-167-12.el32.labeled, 6765957 edges (54127656 byte)
Input: /root/cuMatch/scratch/LGF/el32_tmp/186/186-167-11.el32.labeled [GBID: 186, 167, 11] [EDGE LABEL: LIKES]
dmesg > labeled_grid_generator.cpp:458
Converting /root/cuMatch/scratch/LGF/el32_tmp/186/186-167-11.el32.labeled, 37383510 edges (299068080 byte)
Input: /root/cuMatch/scratch/LGF/el32_tmp/5/5-168-0.el32.labeled [GBID: 5, 168, 0] [EDGE LABEL: CONTAINER_OF]
dmesg > labeled_grid_generator.cpp:458
Converting /root/cuMatch/scratch/LGF/el32_tmp/5/5-168-0.el32.labeled, 16777216 edges (134217728 byte)
Input: /root/cuMatch/scratch/LGF/el32_tmp/75/75-168-12.el32.labeled [GBID: 75, 168, 12] [EDGE LABEL: REPLY_OF]
dmesg > labeled_grid_generator.cpp:458
Converting /root/cuMatch/scratch/LGF/el32_tmp/75/75-168-12.el32.labeled, 1524577 edges (12196616 byte)
Input: /root/cuMatch/scratch/LGF/el32_tmp/76/76-168-12.el32.labeled [GBID: 76, 168, 12] [EDGE LABEL: REPLY_OF]
dmesg > labeled_grid_generator.cpp:458
Converting /root/cuMatch/scratch/LGF/el32_tmp/76/76-168-12.el32.labeled, 8310364 edges (66482912 byte)
Input: /root/cuMatch/scratch/LGF/el32_tmp/77/77-168-12.el32.labeled [GBID: 77, 168, 12] [EDGE LABEL: REPLY_OF]
dmesg > labeled_grid_generator.cpp:458
Converting /root/cuMatch/scratch/LGF/el32_tmp/77/77-168-12.el32.labeled, 8303139 edges (66425112 byte)
Input: /root/cuMatch/scratch/LGF/el32_tmp/78/78-168-12.el32.labeled [GBID: 78, 168, 12] [EDGE LABEL: REPLY_OF]
dmesg > labeled_grid_generator.cpp:458
Converting /root/cuMatch/scratch/LGF/el32_tmp/78/78-168-12.el32.labeled, 8292030 edges (66336240 byte)
Input: /root/cuMatch/scratch/LGF/el32_tmp/79/79-168-12.el32.labeled [GBID: 79, 168, 12] [EDGE LABEL: REPLY_OF]
dmesg > labeled_grid_generator.cpp:458
Converting /root/cuMatch/scratch/LGF/el32_tmp/79/79-168-12.el32.labeled, 8303423 edges (66427384 byte)
Input: /root/cuMatch/scratch/LGF/el32_tmp/80/80-168-12.el32.labeled [GBID: 80, 168, 12] [EDGE LABEL: REPLY_OF]
dmesg > labeled_grid_generator.cpp:458
Converting /root/cuMatch/scratch/LGF/el32_tmp/80/80-168-12.el32.labeled, 604511 edges (4836088 byte)
Input: /root/cuMatch/scratch/LGF/el32_tmp/186/186-168-11.el32.labeled [GBID: 186, 168, 11] [EDGE LABEL: LIKES]
dmesg > labeled_grid_generator.cpp:458
Converting /root/cuMatch/scratch/LGF/el32_tmp/186/186-168-11.el32.labeled, 36315763 edges (290526104 byte)
Input: /root/cuMatch/scratch/LGF/el32_tmp/5/5-169-0.el32.labeled [GBID: 5, 169, 0] [EDGE LABEL: CONTAINER_OF]
dmesg > labeled_grid_generator.cpp:458
Converting /root/cuMatch/scratch/LGF/el32_tmp/5/5-169-0.el32.labeled, 16777216 edges (134217728 byte)
Input: /root/cuMatch/scratch/LGF/el32_tmp/80/80-169-12.el32.labeled [GBID: 80, 169, 12] [EDGE LABEL: REPLY_OF]
dmesg > labeled_grid_generator.cpp:458
Converting /root/cuMatch/scratch/LGF/el32_tmp/80/80-169-12.el32.labeled, 7692647 edges (61541176 byte)
Input: /root/cuMatch/scratch/LGF/el32_tmp/81/81-169-12.el32.labeled [GBID: 81, 169, 12] [EDGE LABEL: REPLY_OF]
dmesg > labeled_grid_generator.cpp:458
Converting /root/cuMatch/scratch/LGF/el32_tmp/81/81-169-12.el32.labeled, 8298453 edges (66387624 byte)
Input: /root/cuMatch/scratch/LGF/el32_tmp/82/82-169-12.el32.labeled [GBID: 82, 169, 12] [EDGE LABEL: REPLY_OF]
dmesg > labeled_grid_generator.cpp:458
Converting /root/cuMatch/scratch/LGF/el32_tmp/82/82-169-12.el32.labeled, 8263509 edges (66108072 byte)
Input: /root/cuMatch/scratch/LGF/el32_tmp/83/83-169-12.el32.labeled [GBID: 83, 169, 12] [EDGE LABEL: REPLY_OF]
dmesg > labeled_grid_generator.cpp:458
Converting /root/cuMatch/scratch/LGF/el32_tmp/83/83-169-12.el32.labeled, 8317013 edges (66536104 byte)
Input: /root/cuMatch/scratch/LGF/el32_tmp/84/84-169-12.el32.labeled [GBID: 84, 169, 12] [EDGE LABEL: REPLY_OF]
dmesg > labeled_grid_generator.cpp:458
Converting /root/cuMatch/scratch/LGF/el32_tmp/84/84-169-12.el32.labeled, 3296289 edges (26370312 byte)
Input: /root/cuMatch/scratch/LGF/el32_tmp/186/186-169-11.el32.labeled [GBID: 186, 169, 11] [EDGE LABEL: LIKES]
dmesg > labeled_grid_generator.cpp:458
Converting /root/cuMatch/scratch/LGF/el32_tmp/186/186-169-11.el32.labeled, 37408356 edges (299266848 byte)
Input: /root/cuMatch/scratch/LGF/el32_tmp/5/5-170-0.el32.labeled [GBID: 5, 170, 0] [EDGE LABEL: CONTAINER_OF]
dmesg > labeled_grid_generator.cpp:458
Converting /root/cuMatch/scratch/LGF/el32_tmp/5/5-170-0.el32.labeled, 16777216 edges (134217728 byte)
Input: /root/cuMatch/scratch/LGF/el32_tmp/84/84-170-12.el32.labeled [GBID: 84, 170, 12] [EDGE LABEL: REPLY_OF]
dmesg > labeled_grid_generator.cpp:458
Converting /root/cuMatch/scratch/LGF/el32_tmp/84/84-170-12.el32.labeled, 4995544 edges (39964352 byte)
Input: /root/cuMatch/scratch/LGF/el32_tmp/85/85-170-12.el32.labeled [GBID: 85, 170, 12] [EDGE LABEL: REPLY_OF]
dmesg > labeled_grid_generator.cpp:458
Converting /root/cuMatch/scratch/LGF/el32_tmp/85/85-170-12.el32.labeled, 8308677 edges (66469416 byte)
Input: /root/cuMatch/scratch/LGF/el32_tmp/86/86-170-12.el32.labeled [GBID: 86, 170, 12] [EDGE LABEL: REPLY_OF]
dmesg > labeled_grid_generator.cpp:458
Converting /root/cuMatch/scratch/LGF/el32_tmp/86/86-170-12.el32.labeled, 8283922 edges (66271376 byte)
Input: /root/cuMatch/scratch/LGF/el32_tmp/87/87-170-12.el32.labeled [GBID: 87, 170, 12] [EDGE LABEL: REPLY_OF]
dmesg > labeled_grid_generator.cpp:458
Converting /root/cuMatch/scratch/LGF/el32_tmp/87/87-170-12.el32.labeled, 8290048 edges (66320384 byte)
Input: /root/cuMatch/scratch/LGF/el32_tmp/88/88-170-12.el32.labeled [GBID: 88, 170, 12] [EDGE LABEL: REPLY_OF]
dmesg > labeled_grid_generator.cpp:458
Converting /root/cuMatch/scratch/LGF/el32_tmp/88/88-170-12.el32.labeled, 5517822 edges (44142576 byte)
Input: /root/cuMatch/scratch/LGF/el32_tmp/186/186-170-11.el32.labeled [GBID: 186, 170, 11] [EDGE LABEL: LIKES]
dmesg > labeled_grid_generator.cpp:458
Converting /root/cuMatch/scratch/LGF/el32_tmp/186/186-170-11.el32.labeled, 36788825 edges (294310600 byte)
Input: /root/cuMatch/scratch/LGF/el32_tmp/5/5-171-0.el32.labeled [GBID: 5, 171, 0] [EDGE LABEL: CONTAINER_OF]
dmesg > labeled_grid_generator.cpp:458
Converting /root/cuMatch/scratch/LGF/el32_tmp/5/5-171-0.el32.labeled, 16777216 edges (134217728 byte)
Input: /root/cuMatch/scratch/LGF/el32_tmp/88/88-171-12.el32.labeled [GBID: 88, 171, 12] [EDGE LABEL: REPLY_OF]
dmesg > labeled_grid_generator.cpp:458
Converting /root/cuMatch/scratch/LGF/el32_tmp/88/88-171-12.el32.labeled, 2784422 edges (22275376 byte)
Input: /root/cuMatch/scratch/LGF/el32_tmp/89/89-171-12.el32.labeled [GBID: 89, 171, 12] [EDGE LABEL: REPLY_OF]
dmesg > labeled_grid_generator.cpp:458
Converting /root/cuMatch/scratch/LGF/el32_tmp/89/89-171-12.el32.labeled, 8282628 edges (66261024 byte)
Input: /root/cuMatch/scratch/LGF/el32_tmp/90/90-171-12.el32.labeled [GBID: 90, 171, 12] [EDGE LABEL: REPLY_OF]
dmesg > labeled_grid_generator.cpp:458
Converting /root/cuMatch/scratch/LGF/el32_tmp/90/90-171-12.el32.labeled, 8306971 edges (66455768 byte)
Input: /root/cuMatch/scratch/LGF/el32_tmp/91/91-171-12.el32.labeled [GBID: 91, 171, 12] [EDGE LABEL: REPLY_OF]
dmesg > labeled_grid_generator.cpp:458
Converting /root/cuMatch/scratch/LGF/el32_tmp/91/91-171-12.el32.labeled, 8299894 edges (66399152 byte)
Input: /root/cuMatch/scratch/LGF/el32_tmp/92/92-171-12.el32.labeled [GBID: 92, 171, 12] [EDGE LABEL: REPLY_OF]
dmesg > labeled_grid_generator.cpp:458
Converting /root/cuMatch/scratch/LGF/el32_tmp/92/92-171-12.el32.labeled, 7596116 edges (60768928 byte)
Input: /root/cuMatch/scratch/LGF/el32_tmp/186/186-171-11.el32.labeled [GBID: 186, 171, 11] [EDGE LABEL: LIKES]
dmesg > labeled_grid_generator.cpp:458
Converting /root/cuMatch/scratch/LGF/el32_tmp/186/186-171-11.el32.labeled, 36684532 edges (293476256 byte)
Input: /root/cuMatch/scratch/LGF/el32_tmp/5/5-172-0.el32.labeled [GBID: 5, 172, 0] [EDGE LABEL: CONTAINER_OF]
dmesg > labeled_grid_generator.cpp:458
Converting /root/cuMatch/scratch/LGF/el32_tmp/5/5-172-0.el32.labeled, 16777216 edges (134217728 byte)
Input: /root/cuMatch/scratch/LGF/el32_tmp/92/92-172-12.el32.labeled [GBID: 92, 172, 12] [EDGE LABEL: REPLY_OF]
dmesg > labeled_grid_generator.cpp:458
Converting /root/cuMatch/scratch/LGF/el32_tmp/92/92-172-12.el32.labeled, 682959 edges (5463672 byte)
Input: /root/cuMatch/scratch/LGF/el32_tmp/93/93-172-12.el32.labeled [GBID: 93, 172, 12] [EDGE LABEL: REPLY_OF]
dmesg > labeled_grid_generator.cpp:458
Converting /root/cuMatch/scratch/LGF/el32_tmp/93/93-172-12.el32.labeled, 8295994 edges (66367952 byte)
Input: /root/cuMatch/scratch/LGF/el32_tmp/94/94-172-12.el32.labeled [GBID: 94, 172, 12] [EDGE LABEL: REPLY_OF]
dmesg > labeled_grid_generator.cpp:458
Converting /root/cuMatch/scratch/LGF/el32_tmp/94/94-172-12.el32.labeled, 8338046 edges (66704368 byte)
Input: /root/cuMatch/scratch/LGF/el32_tmp/95/95-172-12.el32.labeled [GBID: 95, 172, 12] [EDGE LABEL: REPLY_OF]
dmesg > labeled_grid_generator.cpp:458
Converting /root/cuMatch/scratch/LGF/el32_tmp/95/95-172-12.el32.labeled, 8277992 edges (66223936 byte)
Input: /root/cuMatch/scratch/LGF/el32_tmp/96/96-172-12.el32.labeled [GBID: 96, 172, 12] [EDGE LABEL: REPLY_OF]
dmesg > labeled_grid_generator.cpp:458
Converting /root/cuMatch/scratch/LGF/el32_tmp/96/96-172-12.el32.labeled, 8294852 edges (66358816 byte)
Input: /root/cuMatch/scratch/LGF/el32_tmp/97/97-172-12.el32.labeled [GBID: 97, 172, 12] [EDGE LABEL: REPLY_OF]
dmesg > labeled_grid_generator.cpp:458
Converting /root/cuMatch/scratch/LGF/el32_tmp/97/97-172-12.el32.labeled, 1508269 edges (12066152 byte)
Input: /root/cuMatch/scratch/LGF/el32_tmp/186/186-172-11.el32.labeled [GBID: 186, 172, 11] [EDGE LABEL: LIKES]
dmesg > labeled_grid_generator.cpp:458
Converting /root/cuMatch/scratch/LGF/el32_tmp/186/186-172-11.el32.labeled, 37541326 edges (300330608 byte)
Input: /root/cuMatch/scratch/LGF/el32_tmp/5/5-173-0.el32.labeled [GBID: 5, 173, 0] [EDGE LABEL: CONTAINER_OF]
dmesg > labeled_grid_generator.cpp:458
Converting /root/cuMatch/scratch/LGF/el32_tmp/5/5-173-0.el32.labeled, 16777216 edges (134217728 byte)
Input: /root/cuMatch/scratch/LGF/el32_tmp/97/97-173-12.el32.labeled [GBID: 97, 173, 12] [EDGE LABEL: REPLY_OF]
dmesg > labeled_grid_generator.cpp:458
Converting /root/cuMatch/scratch/LGF/el32_tmp/97/97-173-12.el32.labeled, 6764955 edges (54119640 byte)
Input: /root/cuMatch/scratch/LGF/el32_tmp/98/98-173-12.el32.labeled [GBID: 98, 173, 12] [EDGE LABEL: REPLY_OF]
dmesg > labeled_grid_generator.cpp:458
Converting /root/cuMatch/scratch/LGF/el32_tmp/98/98-173-12.el32.labeled, 8313104 edges (66504832 byte)
Input: /root/cuMatch/scratch/LGF/el32_tmp/99/99-173-12.el32.labeled [GBID: 99, 173, 12] [EDGE LABEL: REPLY_OF]
dmesg > labeled_grid_generator.cpp:458
Converting /root/cuMatch/scratch/LGF/el32_tmp/99/99-173-12.el32.labeled, 8271042 edges (66168336 byte)
Input: /root/cuMatch/scratch/LGF/el32_tmp/100/100-173-12.el32.labeled [GBID: 100, 173, 12] [EDGE LABEL: REPLY_OF]
dmesg > labeled_grid_generator.cpp:458
Converting /root/cuMatch/scratch/LGF/el32_tmp/100/100-173-12.el32.labeled, 8268853 edges (66150824 byte)
Input: /root/cuMatch/scratch/LGF/el32_tmp/101/101-173-12.el32.labeled [GBID: 101, 173, 12] [EDGE LABEL: REPLY_OF]
dmesg > labeled_grid_generator.cpp:458
Converting /root/cuMatch/scratch/LGF/el32_tmp/101/101-173-12.el32.labeled, 3965505 edges (31724040 byte)
Input: /root/cuMatch/scratch/LGF/el32_tmp/186/186-173-11.el32.labeled [GBID: 186, 173, 11] [EDGE LABEL: LIKES]
dmesg > labeled_grid_generator.cpp:458
Converting /root/cuMatch/scratch/LGF/el32_tmp/186/186-173-11.el32.labeled, 36908828 edges (295270624 byte)
Input: /root/cuMatch/scratch/LGF/el32_tmp/5/5-174-0.el32.labeled [GBID: 5, 174, 0] [EDGE LABEL: CONTAINER_OF]
dmesg > labeled_grid_generator.cpp:458
Converting /root/cuMatch/scratch/LGF/el32_tmp/5/5-174-0.el32.labeled, 16777216 edges (134217728 byte)
Input: /root/cuMatch/scratch/LGF/el32_tmp/101/101-174-12.el32.labeled [GBID: 101, 174, 12] [EDGE LABEL: REPLY_OF]
dmesg > labeled_grid_generator.cpp:458
Converting /root/cuMatch/scratch/LGF/el32_tmp/101/101-174-12.el32.labeled, 4292768 edges (34342144 byte)
Input: /root/cuMatch/scratch/LGF/el32_tmp/102/102-174-12.el32.labeled [GBID: 102, 174, 12] [EDGE LABEL: REPLY_OF]
dmesg > labeled_grid_generator.cpp:458
Converting /root/cuMatch/scratch/LGF/el32_tmp/102/102-174-12.el32.labeled, 8296787 edges (66374296 byte)
Input: /root/cuMatch/scratch/LGF/el32_tmp/103/103-174-12.el32.labeled [GBID: 103, 174, 12] [EDGE LABEL: REPLY_OF]
dmesg > labeled_grid_generator.cpp:458
Converting /root/cuMatch/scratch/LGF/el32_tmp/103/103-174-12.el32.labeled, 8273408 edges (66187264 byte)
Input: /root/cuMatch/scratch/LGF/el32_tmp/104/104-174-12.el32.labeled [GBID: 104, 174, 12] [EDGE LABEL: REPLY_OF]
dmesg > labeled_grid_generator.cpp:458
Converting /root/cuMatch/scratch/LGF/el32_tmp/104/104-174-12.el32.labeled, 8289038 edges (66312304 byte)
Input: /root/cuMatch/scratch/LGF/el32_tmp/105/105-174-12.el32.labeled [GBID: 105, 174, 12] [EDGE LABEL: REPLY_OF]
dmesg > labeled_grid_generator.cpp:458
Converting /root/cuMatch/scratch/LGF/el32_tmp/105/105-174-12.el32.labeled, 6797990 edges (54383920 byte)
Input: /root/cuMatch/scratch/LGF/el32_tmp/186/186-174-11.el32.labeled [GBID: 186, 174, 11] [EDGE LABEL: LIKES]
dmesg > labeled_grid_generator.cpp:458
Converting /root/cuMatch/scratch/LGF/el32_tmp/186/186-174-11.el32.labeled, 37158463 edges (297267704 byte)
Input: /root/cuMatch/scratch/LGF/el32_tmp/5/5-175-0.el32.labeled [GBID: 5, 175, 0] [EDGE LABEL: CONTAINER_OF]
dmesg > labeled_grid_generator.cpp:458
Converting /root/cuMatch/scratch/LGF/el32_tmp/5/5-175-0.el32.labeled, 16777216 edges (134217728 byte)
Input: /root/cuMatch/scratch/LGF/el32_tmp/105/105-175-12.el32.labeled [GBID: 105, 175, 12] [EDGE LABEL: REPLY_OF]
dmesg > labeled_grid_generator.cpp:458
Converting /root/cuMatch/scratch/LGF/el32_tmp/105/105-175-12.el32.labeled, 1507333 edges (12058664 byte)
Input: /root/cuMatch/scratch/LGF/el32_tmp/106/106-175-12.el32.labeled [GBID: 106, 175, 12] [EDGE LABEL: REPLY_OF]
dmesg > labeled_grid_generator.cpp:458
Converting /root/cuMatch/scratch/LGF/el32_tmp/106/106-175-12.el32.labeled, 8251028 edges (66008224 byte)
Input: /root/cuMatch/scratch/LGF/el32_tmp/107/107-175-12.el32.labeled [GBID: 107, 175, 12] [EDGE LABEL: REPLY_OF]
dmesg > labeled_grid_generator.cpp:458
Converting /root/cuMatch/scratch/LGF/el32_tmp/107/107-175-12.el32.labeled, 8301483 edges (66411864 byte)
Input: /root/cuMatch/scratch/LGF/el32_tmp/108/108-175-12.el32.labeled [GBID: 108, 175, 12] [EDGE LABEL: REPLY_OF]
dmesg > labeled_grid_generator.cpp:458
Converting /root/cuMatch/scratch/LGF/el32_tmp/108/108-175-12.el32.labeled, 8285947 edges (66287576 byte)
Input: /root/cuMatch/scratch/LGF/el32_tmp/109/109-175-12.el32.labeled [GBID: 109, 175, 12] [EDGE LABEL: REPLY_OF]
dmesg > labeled_grid_generator.cpp:458
Converting /root/cuMatch/scratch/LGF/el32_tmp/109/109-175-12.el32.labeled, 8301716 edges (66413728 byte)
Input: /root/cuMatch/scratch/LGF/el32_tmp/110/110-175-12.el32.labeled [GBID: 110, 175, 12] [EDGE LABEL: REPLY_OF]
dmesg > labeled_grid_generator.cpp:458
Converting /root/cuMatch/scratch/LGF/el32_tmp/110/110-175-12.el32.labeled, 1340275 edges (10722200 byte)
Input: /root/cuMatch/scratch/LGF/el32_tmp/186/186-175-11.el32.labeled [GBID: 186, 175, 11] [EDGE LABEL: LIKES]
dmesg > labeled_grid_generator.cpp:458
Converting /root/cuMatch/scratch/LGF/el32_tmp/186/186-175-11.el32.labeled, 37112182 edges (296897456 byte)
Input: /root/cuMatch/scratch/LGF/el32_tmp/5/5-176-0.el32.labeled [GBID: 5, 176, 0] [EDGE LABEL: CONTAINER_OF]
dmesg > labeled_grid_generator.cpp:458
Converting /root/cuMatch/scratch/LGF/el32_tmp/5/5-176-0.el32.labeled, 16777216 edges (134217728 byte)
Input: /root/cuMatch/scratch/LGF/el32_tmp/110/110-176-12.el32.labeled [GBID: 110, 176, 12] [EDGE LABEL: REPLY_OF]
dmesg > labeled_grid_generator.cpp:458
Converting /root/cuMatch/scratch/LGF/el32_tmp/110/110-176-12.el32.labeled, 6938925 edges (55511400 byte)
Input: /root/cuMatch/scratch/LGF/el32_tmp/111/111-176-12.el32.labeled [GBID: 111, 176, 12] [EDGE LABEL: REPLY_OF]
dmesg > labeled_grid_generator.cpp:458
Converting /root/cuMatch/scratch/LGF/el32_tmp/111/111-176-12.el32.labeled, 8308198 edges (66465584 byte)
Input: /root/cuMatch/scratch/LGF/el32_tmp/112/112-176-12.el32.labeled [GBID: 112, 176, 12] [EDGE LABEL: REPLY_OF]
dmesg > labeled_grid_generator.cpp:458
Converting /root/cuMatch/scratch/LGF/el32_tmp/112/112-176-12.el32.labeled, 8306479 edges (66451832 byte)
Input: /root/cuMatch/scratch/LGF/el32_tmp/113/113-176-12.el32.labeled [GBID: 113, 176, 12] [EDGE LABEL: REPLY_OF]
dmesg > labeled_grid_generator.cpp:458
Converting /root/cuMatch/scratch/LGF/el32_tmp/113/113-176-12.el32.labeled, 8292832 edges (66342656 byte)
Input: /root/cuMatch/scratch/LGF/el32_tmp/114/114-176-12.el32.labeled [GBID: 114, 176, 12] [EDGE LABEL: REPLY_OF]
dmesg > labeled_grid_generator.cpp:458
Converting /root/cuMatch/scratch/LGF/el32_tmp/114/114-176-12.el32.labeled, 3365854 edges (26926832 byte)
Input: /root/cuMatch/scratch/LGF/el32_tmp/186/186-176-11.el32.labeled [GBID: 186, 176, 11] [EDGE LABEL: LIKES]
dmesg > labeled_grid_generator.cpp:458
Converting /root/cuMatch/scratch/LGF/el32_tmp/186/186-176-11.el32.labeled, 37044854 edges (296358832 byte)
Input: /root/cuMatch/scratch/LGF/el32_tmp/5/5-177-0.el32.labeled [GBID: 5, 177, 0] [EDGE LABEL: CONTAINER_OF]
dmesg > labeled_grid_generator.cpp:458
Converting /root/cuMatch/scratch/LGF/el32_tmp/5/5-177-0.el32.labeled, 16777216 edges (134217728 byte)
Input: /root/cuMatch/scratch/LGF/el32_tmp/114/114-177-12.el32.labeled [GBID: 114, 177, 12] [EDGE LABEL: REPLY_OF]
dmesg > labeled_grid_generator.cpp:458
Converting /root/cuMatch/scratch/LGF/el32_tmp/114/114-177-12.el32.labeled, 4921544 edges (39372352 byte)
Input: /root/cuMatch/scratch/LGF/el32_tmp/115/115-177-12.el32.labeled [GBID: 115, 177, 12] [EDGE LABEL: REPLY_OF]
dmesg > labeled_grid_generator.cpp:458
Converting /root/cuMatch/scratch/LGF/el32_tmp/115/115-177-12.el32.labeled, 8277528 edges (66220224 byte)
Input: /root/cuMatch/scratch/LGF/el32_tmp/116/116-177-12.el32.labeled [GBID: 116, 177, 12] [EDGE LABEL: REPLY_OF]
dmesg > labeled_grid_generator.cpp:458
Converting /root/cuMatch/scratch/LGF/el32_tmp/116/116-177-12.el32.labeled, 8276956 edges (66215648 byte)
Input: /root/cuMatch/scratch/LGF/el32_tmp/117/117-177-12.el32.labeled [GBID: 117, 177, 12] [EDGE LABEL: REPLY_OF]
dmesg > labeled_grid_generator.cpp:458
Converting /root/cuMatch/scratch/LGF/el32_tmp/117/117-177-12.el32.labeled, 8276239 edges (66209912 byte)
Input: /root/cuMatch/scratch/LGF/el32_tmp/118/118-177-12.el32.labeled [GBID: 118, 177, 12] [EDGE LABEL: REPLY_OF]
dmesg > labeled_grid_generator.cpp:458
Converting /root/cuMatch/scratch/LGF/el32_tmp/118/118-177-12.el32.labeled, 6227334 edges (49818672 byte)
Input: /root/cuMatch/scratch/LGF/el32_tmp/186/186-177-11.el32.labeled [GBID: 186, 177, 11] [EDGE LABEL: LIKES]
dmesg > labeled_grid_generator.cpp:458
Converting /root/cuMatch/scratch/LGF/el32_tmp/186/186-177-11.el32.labeled, 36774908 edges (294199264 byte)
Input: /root/cuMatch/scratch/LGF/el32_tmp/5/5-178-0.el32.labeled [GBID: 5, 178, 0] [EDGE LABEL: CONTAINER_OF]
dmesg > labeled_grid_generator.cpp:458
Converting /root/cuMatch/scratch/LGF/el32_tmp/5/5-178-0.el32.labeled, 16777216 edges (134217728 byte)
Input: /root/cuMatch/scratch/LGF/el32_tmp/118/118-178-12.el32.labeled [GBID: 118, 178, 12] [EDGE LABEL: REPLY_OF]
dmesg > labeled_grid_generator.cpp:458
Converting /root/cuMatch/scratch/LGF/el32_tmp/118/118-178-12.el32.labeled, 2045772 edges (16366176 byte)
Input: /root/cuMatch/scratch/LGF/el32_tmp/119/119-178-12.el32.labeled [GBID: 119, 178, 12] [EDGE LABEL: REPLY_OF]
dmesg > labeled_grid_generator.cpp:458
Converting /root/cuMatch/scratch/LGF/el32_tmp/119/119-178-12.el32.labeled, 8296664 edges (66373312 byte)
Input: /root/cuMatch/scratch/LGF/el32_tmp/120/120-178-12.el32.labeled [GBID: 120, 178, 12] [EDGE LABEL: REPLY_OF]
dmesg > labeled_grid_generator.cpp:458
Converting /root/cuMatch/scratch/LGF/el32_tmp/120/120-178-12.el32.labeled, 8286543 edges (66292344 byte)
Input: /root/cuMatch/scratch/LGF/el32_tmp/121/121-178-12.el32.labeled [GBID: 121, 178, 12] [EDGE LABEL: REPLY_OF]
dmesg > labeled_grid_generator.cpp:458
Converting /root/cuMatch/scratch/LGF/el32_tmp/121/121-178-12.el32.labeled, 8283493 edges (66267944 byte)
Input: /root/cuMatch/scratch/LGF/el32_tmp/122/122-178-12.el32.labeled [GBID: 122, 178, 12] [EDGE LABEL: REPLY_OF]
dmesg > labeled_grid_generator.cpp:458
Converting /root/cuMatch/scratch/LGF/el32_tmp/122/122-178-12.el32.labeled, 8266702 edges (66133616 byte)
Input: /root/cuMatch/scratch/LGF/el32_tmp/123/123-178-12.el32.labeled [GBID: 123, 178, 12] [EDGE LABEL: REPLY_OF]
dmesg > labeled_grid_generator.cpp:458
Converting /root/cuMatch/scratch/LGF/el32_tmp/123/123-178-12.el32.labeled, 390222 edges (3121776 byte)
Input: /root/cuMatch/scratch/LGF/el32_tmp/186/186-178-11.el32.labeled [GBID: 186, 178, 11] [EDGE LABEL: LIKES]
dmesg > labeled_grid_generator.cpp:458
Converting /root/cuMatch/scratch/LGF/el32_tmp/186/186-178-11.el32.labeled, 37414373 edges (299314984 byte)
Input: /root/cuMatch/scratch/LGF/el32_tmp/5/5-179-0.el32.labeled [GBID: 5, 179, 0] [EDGE LABEL: CONTAINER_OF]
dmesg > labeled_grid_generator.cpp:458
Converting /root/cuMatch/scratch/LGF/el32_tmp/5/5-179-0.el32.labeled, 16777216 edges (134217728 byte)
Input: /root/cuMatch/scratch/LGF/el32_tmp/123/123-179-12.el32.labeled [GBID: 123, 179, 12] [EDGE LABEL: REPLY_OF]
dmesg > labeled_grid_generator.cpp:458
Converting /root/cuMatch/scratch/LGF/el32_tmp/123/123-179-12.el32.labeled, 7888571 edges (63108568 byte)
Input: /root/cuMatch/scratch/LGF/el32_tmp/124/124-179-12.el32.labeled [GBID: 124, 179, 12] [EDGE LABEL: REPLY_OF]
dmesg > labeled_grid_generator.cpp:458
Converting /root/cuMatch/scratch/LGF/el32_tmp/124/124-179-12.el32.labeled, 8310223 edges (66481784 byte)
Input: /root/cuMatch/scratch/LGF/el32_tmp/125/125-179-12.el32.labeled [GBID: 125, 179, 12] [EDGE LABEL: REPLY_OF]
dmesg > labeled_grid_generator.cpp:458
Converting /root/cuMatch/scratch/LGF/el32_tmp/125/125-179-12.el32.labeled, 8278357 edges (66226856 byte)
Input: /root/cuMatch/scratch/LGF/el32_tmp/126/126-179-12.el32.labeled [GBID: 126, 179, 12] [EDGE LABEL: REPLY_OF]
dmesg > labeled_grid_generator.cpp:458
Converting /root/cuMatch/scratch/LGF/el32_tmp/126/126-179-12.el32.labeled, 8295463 edges (66363704 byte)
Input: /root/cuMatch/scratch/LGF/el32_tmp/127/127-179-12.el32.labeled [GBID: 127, 179, 12] [EDGE LABEL: REPLY_OF]
dmesg > labeled_grid_generator.cpp:458
Converting /root/cuMatch/scratch/LGF/el32_tmp/127/127-179-12.el32.labeled, 3156700 edges (25253600 byte)
Input: /root/cuMatch/scratch/LGF/el32_tmp/186/186-179-11.el32.labeled [GBID: 186, 179, 11] [EDGE LABEL: LIKES]
dmesg > labeled_grid_generator.cpp:458
Converting /root/cuMatch/scratch/LGF/el32_tmp/186/186-179-11.el32.labeled, 37164396 edges (297315168 byte)
Input: /root/cuMatch/scratch/LGF/el32_tmp/5/5-180-0.el32.labeled [GBID: 5, 180, 0] [EDGE LABEL: CONTAINER_OF]
dmesg > labeled_grid_generator.cpp:458
Converting /root/cuMatch/scratch/LGF/el32_tmp/5/5-180-0.el32.labeled, 16777216 edges (134217728 byte)
Input: /root/cuMatch/scratch/LGF/el32_tmp/127/127-180-12.el32.labeled [GBID: 127, 180, 12] [EDGE LABEL: REPLY_OF]
dmesg > labeled_grid_generator.cpp:458
Converting /root/cuMatch/scratch/LGF/el32_tmp/127/127-180-12.el32.labeled, 5127864 edges (41022912 byte)
Input: /root/cuMatch/scratch/LGF/el32_tmp/128/128-180-12.el32.labeled [GBID: 128, 180, 12] [EDGE LABEL: REPLY_OF]
dmesg > labeled_grid_generator.cpp:458
Converting /root/cuMatch/scratch/LGF/el32_tmp/128/128-180-12.el32.labeled, 8291578 edges (66332624 byte)
Input: /root/cuMatch/scratch/LGF/el32_tmp/129/129-180-12.el32.labeled [GBID: 129, 180, 12] [EDGE LABEL: REPLY_OF]
dmesg > labeled_grid_generator.cpp:458
Converting /root/cuMatch/scratch/LGF/el32_tmp/129/129-180-12.el32.labeled, 8280564 edges (66244512 byte)
Input: /root/cuMatch/scratch/LGF/el32_tmp/130/130-180-12.el32.labeled [GBID: 130, 180, 12] [EDGE LABEL: REPLY_OF]
dmesg > labeled_grid_generator.cpp:458
Converting /root/cuMatch/scratch/LGF/el32_tmp/130/130-180-12.el32.labeled, 8293499 edges (66347992 byte)
Input: /root/cuMatch/scratch/LGF/el32_tmp/131/131-180-12.el32.labeled [GBID: 131, 180, 12] [EDGE LABEL: REPLY_OF]
dmesg > labeled_grid_generator.cpp:458
Converting /root/cuMatch/scratch/LGF/el32_tmp/131/131-180-12.el32.labeled, 5672835 edges (45382680 byte)
Input: /root/cuMatch/scratch/LGF/el32_tmp/186/186-180-11.el32.labeled [GBID: 186, 180, 11] [EDGE LABEL: LIKES]
dmesg > labeled_grid_generator.cpp:458
Converting /root/cuMatch/scratch/LGF/el32_tmp/186/186-180-11.el32.labeled, 36367300 edges (290938400 byte)
Input: /root/cuMatch/scratch/LGF/el32_tmp/5/5-181-0.el32.labeled [GBID: 5, 181, 0] [EDGE LABEL: CONTAINER_OF]
dmesg > labeled_grid_generator.cpp:458
Converting /root/cuMatch/scratch/LGF/el32_tmp/5/5-181-0.el32.labeled, 16777216 edges (134217728 byte)
Input: /root/cuMatch/scratch/LGF/el32_tmp/131/131-181-12.el32.labeled [GBID: 131, 181, 12] [EDGE LABEL: REPLY_OF]
dmesg > labeled_grid_generator.cpp:458
Converting /root/cuMatch/scratch/LGF/el32_tmp/131/131-181-12.el32.labeled, 2608150 edges (20865200 byte)
Input: /root/cuMatch/scratch/LGF/el32_tmp/132/132-181-12.el32.labeled [GBID: 132, 181, 12] [EDGE LABEL: REPLY_OF]
dmesg > labeled_grid_generator.cpp:458
Converting /root/cuMatch/scratch/LGF/el32_tmp/132/132-181-12.el32.labeled, 8287924 edges (66303392 byte)
Input: /root/cuMatch/scratch/LGF/el32_tmp/133/133-181-12.el32.labeled [GBID: 133, 181, 12] [EDGE LABEL: REPLY_OF]
dmesg > labeled_grid_generator.cpp:458
Converting /root/cuMatch/scratch/LGF/el32_tmp/133/133-181-12.el32.labeled, 8282187 edges (66257496 byte)
Input: /root/cuMatch/scratch/LGF/el32_tmp/134/134-181-12.el32.labeled [GBID: 134, 181, 12] [EDGE LABEL: REPLY_OF]
dmesg > labeled_grid_generator.cpp:458
Converting /root/cuMatch/scratch/LGF/el32_tmp/134/134-181-12.el32.labeled, 8275163 edges (66201304 byte)
Input: /root/cuMatch/scratch/LGF/el32_tmp/135/135-181-12.el32.labeled [GBID: 135, 181, 12] [EDGE LABEL: REPLY_OF]
dmesg > labeled_grid_generator.cpp:458
Converting /root/cuMatch/scratch/LGF/el32_tmp/135/135-181-12.el32.labeled, 7752030 edges (62016240 byte)
Input: /root/cuMatch/scratch/LGF/el32_tmp/186/186-181-11.el32.labeled [GBID: 186, 181, 11] [EDGE LABEL: LIKES]
dmesg > labeled_grid_generator.cpp:458
Converting /root/cuMatch/scratch/LGF/el32_tmp/186/186-181-11.el32.labeled, 37425198 edges (299401584 byte)
Input: /root/cuMatch/scratch/LGF/el32_tmp/5/5-182-0.el32.labeled [GBID: 5, 182, 0] [EDGE LABEL: CONTAINER_OF]
dmesg > labeled_grid_generator.cpp:458
Converting /root/cuMatch/scratch/LGF/el32_tmp/5/5-182-0.el32.labeled, 16777216 edges (134217728 byte)
Input: /root/cuMatch/scratch/LGF/el32_tmp/135/135-182-12.el32.labeled [GBID: 135, 182, 12] [EDGE LABEL: REPLY_OF]
dmesg > labeled_grid_generator.cpp:458
Converting /root/cuMatch/scratch/LGF/el32_tmp/135/135-182-12.el32.labeled, 531175 edges (4249400 byte)
Input: /root/cuMatch/scratch/LGF/el32_tmp/136/136-182-12.el32.labeled [GBID: 136, 182, 12] [EDGE LABEL: REPLY_OF]
dmesg > labeled_grid_generator.cpp:458
Converting /root/cuMatch/scratch/LGF/el32_tmp/136/136-182-12.el32.labeled, 8300154 edges (66401232 byte)
Input: /root/cuMatch/scratch/LGF/el32_tmp/137/137-182-12.el32.labeled [GBID: 137, 182, 12] [EDGE LABEL: REPLY_OF]
dmesg > labeled_grid_generator.cpp:458
Converting /root/cuMatch/scratch/LGF/el32_tmp/137/137-182-12.el32.labeled, 8267560 edges (66140480 byte)
Input: /root/cuMatch/scratch/LGF/el32_tmp/138/138-182-12.el32.labeled [GBID: 138, 182, 12] [EDGE LABEL: REPLY_OF]
dmesg > labeled_grid_generator.cpp:458
Converting /root/cuMatch/scratch/LGF/el32_tmp/138/138-182-12.el32.labeled, 8281097 edges (66248776 byte)
Input: /root/cuMatch/scratch/LGF/el32_tmp/139/139-182-12.el32.labeled [GBID: 139, 182, 12] [EDGE LABEL: REPLY_OF]
dmesg > labeled_grid_generator.cpp:458
Converting /root/cuMatch/scratch/LGF/el32_tmp/139/139-182-12.el32.labeled, 8284670 edges (66277360 byte)
Input: /root/cuMatch/scratch/LGF/el32_tmp/140/140-182-12.el32.labeled [GBID: 140, 182, 12] [EDGE LABEL: REPLY_OF]
dmesg > labeled_grid_generator.cpp:458
Converting /root/cuMatch/scratch/LGF/el32_tmp/140/140-182-12.el32.labeled, 1788188 edges (14305504 byte)
Input: /root/cuMatch/scratch/LGF/el32_tmp/186/186-182-11.el32.labeled [GBID: 186, 182, 11] [EDGE LABEL: LIKES]
dmesg > labeled_grid_generator.cpp:458
Converting /root/cuMatch/scratch/LGF/el32_tmp/186/186-182-11.el32.labeled, 36491168 edges (291929344 byte)
Input: /root/cuMatch/scratch/LGF/el32_tmp/5/5-183-0.el32.labeled [GBID: 5, 183, 0] [EDGE LABEL: CONTAINER_OF]
dmesg > labeled_grid_generator.cpp:458
Converting /root/cuMatch/scratch/LGF/el32_tmp/5/5-183-0.el32.labeled, 3877411 edges (31019288 byte)
Input: /root/cuMatch/scratch/LGF/el32_tmp/6/6-183-0.el32.labeled [GBID: 6, 183, 0] [EDGE LABEL: CONTAINER_OF]
dmesg > labeled_grid_generator.cpp:458
Converting /root/cuMatch/scratch/LGF/el32_tmp/6/6-183-0.el32.labeled, 12899805 edges (103198440 byte)
Input: /root/cuMatch/scratch/LGF/el32_tmp/140/140-183-12.el32.labeled [GBID: 140, 183, 12] [EDGE LABEL: REPLY_OF]
dmesg > labeled_grid_generator.cpp:458
Converting /root/cuMatch/scratch/LGF/el32_tmp/140/140-183-12.el32.labeled, 6500044 edges (52000352 byte)
Input: /root/cuMatch/scratch/LGF/el32_tmp/141/141-183-12.el32.labeled [GBID: 141, 183, 12] [EDGE LABEL: REPLY_OF]
dmesg > labeled_grid_generator.cpp:458
Converting /root/cuMatch/scratch/LGF/el32_tmp/141/141-183-12.el32.labeled, 8286263 edges (66290104 byte)
Input: /root/cuMatch/scratch/LGF/el32_tmp/142/142-183-12.el32.labeled [GBID: 142, 183, 12] [EDGE LABEL: REPLY_OF]
dmesg > labeled_grid_generator.cpp:458
Converting /root/cuMatch/scratch/LGF/el32_tmp/142/142-183-12.el32.labeled, 8308133 edges (66465064 byte)
Input: /root/cuMatch/scratch/LGF/el32_tmp/143/143-183-12.el32.labeled [GBID: 143, 183, 12] [EDGE LABEL: REPLY_OF]
dmesg > labeled_grid_generator.cpp:458
Converting /root/cuMatch/scratch/LGF/el32_tmp/143/143-183-12.el32.labeled, 8283268 edges (66266144 byte)
Input: /root/cuMatch/scratch/LGF/el32_tmp/144/144-183-12.el32.labeled [GBID: 144, 183, 12] [EDGE LABEL: REPLY_OF]
dmesg > labeled_grid_generator.cpp:458
Converting /root/cuMatch/scratch/LGF/el32_tmp/144/144-183-12.el32.labeled, 4045314 edges (32362512 byte)
Input: /root/cuMatch/scratch/LGF/el32_tmp/186/186-183-11.el32.labeled [GBID: 186, 183, 11] [EDGE LABEL: LIKES]
dmesg > labeled_grid_generator.cpp:458
Converting /root/cuMatch/scratch/LGF/el32_tmp/186/186-183-11.el32.labeled, 37660452 edges (301283616 byte)
Input: /root/cuMatch/scratch/LGF/el32_tmp/6/6-184-0.el32.labeled [GBID: 6, 184, 0] [EDGE LABEL: CONTAINER_OF]
dmesg > labeled_grid_generator.cpp:458
Converting /root/cuMatch/scratch/LGF/el32_tmp/6/6-184-0.el32.labeled, 16777216 edges (134217728 byte)
Input: /root/cuMatch/scratch/LGF/el32_tmp/144/144-184-12.el32.labeled [GBID: 144, 184, 12] [EDGE LABEL: REPLY_OF]
dmesg > labeled_grid_generator.cpp:458
Converting /root/cuMatch/scratch/LGF/el32_tmp/144/144-184-12.el32.labeled, 4236774 edges (33894192 byte)
Input: /root/cuMatch/scratch/LGF/el32_tmp/145/145-184-12.el32.labeled [GBID: 145, 184, 12] [EDGE LABEL: REPLY_OF]
dmesg > labeled_grid_generator.cpp:458
Converting /root/cuMatch/scratch/LGF/el32_tmp/145/145-184-12.el32.labeled, 8262489 edges (66099912 byte)
Input: /root/cuMatch/scratch/LGF/el32_tmp/146/146-184-12.el32.labeled [GBID: 146, 184, 12] [EDGE LABEL: REPLY_OF]
dmesg > labeled_grid_generator.cpp:458
Converting /root/cuMatch/scratch/LGF/el32_tmp/146/146-184-12.el32.labeled, 8302152 edges (66417216 byte)
Input: /root/cuMatch/scratch/LGF/el32_tmp/147/147-184-12.el32.labeled [GBID: 147, 184, 12] [EDGE LABEL: REPLY_OF]
dmesg > labeled_grid_generator.cpp:458
Converting /root/cuMatch/scratch/LGF/el32_tmp/147/147-184-12.el32.labeled, 8284962 edges (66279696 byte)
Input: /root/cuMatch/scratch/LGF/el32_tmp/148/148-184-12.el32.labeled [GBID: 148, 184, 12] [EDGE LABEL: REPLY_OF]
dmesg > labeled_grid_generator.cpp:458
Converting /root/cuMatch/scratch/LGF/el32_tmp/148/148-184-12.el32.labeled, 6875326 edges (55002608 byte)
Input: /root/cuMatch/scratch/LGF/el32_tmp/186/186-184-11.el32.labeled [GBID: 186, 184, 11] [EDGE LABEL: LIKES]
dmesg > labeled_grid_generator.cpp:458
Converting /root/cuMatch/scratch/LGF/el32_tmp/186/186-184-11.el32.labeled, 37357417 edges (298859336 byte)
Input: /root/cuMatch/scratch/LGF/el32_tmp/6/6-185-0.el32.labeled [GBID: 6, 185, 0] [EDGE LABEL: CONTAINER_OF]
dmesg > labeled_grid_generator.cpp:458
Converting /root/cuMatch/scratch/LGF/el32_tmp/6/6-185-0.el32.labeled, 9385506 edges (75084048 byte)
Input: /root/cuMatch/scratch/LGF/el32_tmp/148/148-185-12.el32.labeled [GBID: 148, 185, 12] [EDGE LABEL: REPLY_OF]
dmesg > labeled_grid_generator.cpp:458
Converting /root/cuMatch/scratch/LGF/el32_tmp/148/148-185-12.el32.labeled, 1406766 edges (11254128 byte)
Input: /root/cuMatch/scratch/LGF/el32_tmp/149/149-185-12.el32.labeled [GBID: 149, 185, 12] [EDGE LABEL: REPLY_OF]
dmesg > labeled_grid_generator.cpp:458
Converting /root/cuMatch/scratch/LGF/el32_tmp/149/149-185-12.el32.labeled, 8265740 edges (66125920 byte)
Input: /root/cuMatch/scratch/LGF/el32_tmp/150/150-185-12.el32.labeled [GBID: 150, 185, 12] [EDGE LABEL: REPLY_OF]
dmesg > labeled_grid_generator.cpp:458
Converting /root/cuMatch/scratch/LGF/el32_tmp/150/150-185-12.el32.labeled, 8286442 edges (66291536 byte)
Input: /root/cuMatch/scratch/LGF/el32_tmp/151/151-185-12.el32.labeled [GBID: 151, 185, 12] [EDGE LABEL: REPLY_OF]
dmesg > labeled_grid_generator.cpp:458
Converting /root/cuMatch/scratch/LGF/el32_tmp/151/151-185-12.el32.labeled, 1875195 edges (15001560 byte)
Input: /root/cuMatch/scratch/LGF/el32_tmp/186/186-185-11.el32.labeled [GBID: 186, 185, 11] [EDGE LABEL: LIKES]
dmesg > labeled_grid_generator.cpp:458
Converting /root/cuMatch/scratch/LGF/el32_tmp/186/186-185-11.el32.labeled, 20381757 edges (163054056 byte)
Input: /root/cuMatch/scratch/LGF/el32_tmp/4/4-186-3.el32.labeled [GBID: 4, 186, 3] [EDGE LABEL: HAS_MEMBER]
dmesg > labeled_grid_generator.cpp:458
Converting /root/cuMatch/scratch/LGF/gstream_quadtree-4, 394788279 edges (3158306232 byte)
dmesg > labeled_grid_generator.cpp:458
Converting /root/cuMatch/scratch/LGF/gstream_quadtree-6, 395957863 edges (3167662904 byte)
dmesg > labeled_grid_generator.cpp:458
Converting /root/cuMatch/scratch/LGF/gstream_quadtree-8, 394385723 edges (3155085784 byte)
dmesg > labeled_grid_generator.cpp:458
Converting /root/cuMatch/scratch/LGF/gstream_quadtree-10, 394101727 edges (3152813816 byte)
Input: /root/cuMatch/scratch/LGF/el32_tmp/4/4-186-4.el32.labeled [GBID: 4, 186, 4] [EDGE LABEL: HAS_MODERATOR]
dmesg > labeled_grid_generator.cpp:458
Converting /root/cuMatch/scratch/LGF/el32_tmp/4/4-186-4.el32.labeled, 16777216 edges (134217728 byte)
Input: /root/cuMatch/scratch/LGF/el32_tmp/5/5-186-3.el32.labeled [GBID: 5, 186, 3] [EDGE LABEL: HAS_MEMBER]
dmesg > labeled_grid_generator.cpp:458
Converting /root/cuMatch/scratch/LGF/gstream_quadtree-16, 392449032 edges (3139592256 byte)
dmesg > labeled_grid_generator.cpp:458
Converting /root/cuMatch/scratch/LGF/gstream_quadtree-18, 393401327 edges (3147210616 byte)
dmesg > labeled_grid_generator.cpp:458
Converting /root/cuMatch/scratch/LGF/gstream_quadtree-20, 393227277 edges (3145818216 byte)
dmesg > labeled_grid_generator.cpp:458
Converting /root/cuMatch/scratch/LGF/gstream_quadtree-22, 393806232 edges (3150449856 byte)
Input: /root/cuMatch/scratch/LGF/el32_tmp/5/5-186-4.el32.labeled [GBID: 5, 186, 4] [EDGE LABEL: HAS_MODERATOR]
dmesg > labeled_grid_generator.cpp:458
Converting /root/cuMatch/scratch/LGF/el32_tmp/5/5-186-4.el32.labeled, 16777216 edges (134217728 byte)
Input: /root/cuMatch/scratch/LGF/el32_tmp/6/6-186-3.el32.labeled [GBID: 6, 186, 3] [EDGE LABEL: HAS_MEMBER]
dmesg > labeled_grid_generator.cpp:458
Converting /root/cuMatch/scratch/LGF/el32_tmp/6/6-186-3.el32.labeled, 234788507 edges (1878308056 byte)
Input: /root/cuMatch/scratch/LGF/el32_tmp/6/6-186-4.el32.labeled [GBID: 6, 186, 4] [EDGE LABEL: HAS_MODERATOR]
dmesg > labeled_grid_generator.cpp:458
Converting /root/cuMatch/scratch/LGF/el32_tmp/6/6-186-4.el32.labeled, 2492550 edges (19940400 byte)
Input: /root/cuMatch/scratch/LGF/el32_tmp/7/7-186-1.el32.labeled [GBID: 7, 186, 1] [EDGE LABEL: HAS_CREATOR]
dmesg > labeled_grid_generator.cpp:458
Converting /root/cuMatch/scratch/LGF/el32_tmp/7/7-186-1.el32.labeled, 16777216 edges (134217728 byte)
Input: /root/cuMatch/scratch/LGF/el32_tmp/8/8-186-1.el32.labeled [GBID: 8, 186, 1] [EDGE LABEL: HAS_CREATOR]
dmesg > labeled_grid_generator.cpp:458
Converting /root/cuMatch/scratch/LGF/el32_tmp/8/8-186-1.el32.labeled, 16777216 edges (134217728 byte)
Input: /root/cuMatch/scratch/LGF/el32_tmp/9/9-186-1.el32.labeled [GBID: 9, 186, 1] [EDGE LABEL: HAS_CREATOR]
dmesg > labeled_grid_generator.cpp:458
Converting /root/cuMatch/scratch/LGF/el32_tmp/9/9-186-1.el32.labeled, 16777216 edges (134217728 byte)
Input: /root/cuMatch/scratch/LGF/el32_tmp/10/10-186-1.el32.labeled [GBID: 10, 186, 1] [EDGE LABEL: HAS_CREATOR]
dmesg > labeled_grid_generator.cpp:458
Converting /root/cuMatch/scratch/LGF/el32_tmp/10/10-186-1.el32.labeled, 16777216 edges (134217728 byte)
Input: /root/cuMatch/scratch/LGF/el32_tmp/11/11-186-1.el32.labeled [GBID: 11, 186, 1] [EDGE LABEL: HAS_CREATOR]
dmesg > labeled_grid_generator.cpp:458
Converting /root/cuMatch/scratch/LGF/el32_tmp/11/11-186-1.el32.labeled, 16777216 edges (134217728 byte)
Input: /root/cuMatch/scratch/LGF/el32_tmp/12/12-186-1.el32.labeled [GBID: 12, 186, 1] [EDGE LABEL: HAS_CREATOR]
dmesg > labeled_grid_generator.cpp:458
Converting /root/cuMatch/scratch/LGF/el32_tmp/12/12-186-1.el32.labeled, 16777216 edges (134217728 byte)
Input: /root/cuMatch/scratch/LGF/el32_tmp/13/13-186-1.el32.labeled [GBID: 13, 186, 1] [EDGE LABEL: HAS_CREATOR]
dmesg > labeled_grid_generator.cpp:458
Converting /root/cuMatch/scratch/LGF/el32_tmp/13/13-186-1.el32.labeled, 16777216 edges (134217728 byte)
Input: /root/cuMatch/scratch/LGF/el32_tmp/14/14-186-1.el32.labeled [GBID: 14, 186, 1] [EDGE LABEL: HAS_CREATOR]
dmesg > labeled_grid_generator.cpp:458
Converting /root/cuMatch/scratch/LGF/el32_tmp/14/14-186-1.el32.labeled, 16777216 edges (134217728 byte)
Input: /root/cuMatch/scratch/LGF/el32_tmp/15/15-186-1.el32.labeled [GBID: 15, 186, 1] [EDGE LABEL: HAS_CREATOR]
dmesg > labeled_grid_generator.cpp:458
Converting /root/cuMatch/scratch/LGF/el32_tmp/15/15-186-1.el32.labeled, 16777216 edges (134217728 byte)
Input: /root/cuMatch/scratch/LGF/el32_tmp/16/16-186-1.el32.labeled [GBID: 16, 186, 1] [EDGE LABEL: HAS_CREATOR]
dmesg > labeled_grid_generator.cpp:458
Converting /root/cuMatch/scratch/LGF/el32_tmp/16/16-186-1.el32.labeled, 16777216 edges (134217728 byte)
Input: /root/cuMatch/scratch/LGF/el32_tmp/17/17-186-1.el32.labeled [GBID: 17, 186, 1] [EDGE LABEL: HAS_CREATOR]
dmesg > labeled_grid_generator.cpp:458
Converting /root/cuMatch/scratch/LGF/el32_tmp/17/17-186-1.el32.labeled, 16777216 edges (134217728 byte)
Input: /root/cuMatch/scratch/LGF/el32_tmp/18/18-186-1.el32.labeled [GBID: 18, 186, 1] [EDGE LABEL: HAS_CREATOR]
dmesg > labeled_grid_generator.cpp:458
Converting /root/cuMatch/scratch/LGF/el32_tmp/18/18-186-1.el32.labeled, 16777216 edges (134217728 byte)
Input: /root/cuMatch/scratch/LGF/el32_tmp/19/19-186-1.el32.labeled [GBID: 19, 186, 1] [EDGE LABEL: HAS_CREATOR]
dmesg > labeled_grid_generator.cpp:458
Converting /root/cuMatch/scratch/LGF/el32_tmp/19/19-186-1.el32.labeled, 16777216 edges (134217728 byte)
Input: /root/cuMatch/scratch/LGF/el32_tmp/20/20-186-1.el32.labeled [GBID: 20, 186, 1] [EDGE LABEL: HAS_CREATOR]
dmesg > labeled_grid_generator.cpp:458
Converting /root/cuMatch/scratch/LGF/el32_tmp/20/20-186-1.el32.labeled, 16777216 edges (134217728 byte)
Input: /root/cuMatch/scratch/LGF/el32_tmp/21/21-186-1.el32.labeled [GBID: 21, 186, 1] [EDGE LABEL: HAS_CREATOR]
dmesg > labeled_grid_generator.cpp:458
Converting /root/cuMatch/scratch/LGF/el32_tmp/21/21-186-1.el32.labeled, 16777216 edges (134217728 byte)
Input: /root/cuMatch/scratch/LGF/el32_tmp/22/22-186-1.el32.labeled [GBID: 22, 186, 1] [EDGE LABEL: HAS_CREATOR]
dmesg > labeled_grid_generator.cpp:458
Converting /root/cuMatch/scratch/LGF/el32_tmp/22/22-186-1.el32.labeled, 16777216 edges (134217728 byte)
Input: /root/cuMatch/scratch/LGF/el32_tmp/23/23-186-1.el32.labeled [GBID: 23, 186, 1] [EDGE LABEL: HAS_CREATOR]
dmesg > labeled_grid_generator.cpp:458
Converting /root/cuMatch/scratch/LGF/el32_tmp/23/23-186-1.el32.labeled, 16777216 edges (134217728 byte)
Input: /root/cuMatch/scratch/LGF/el32_tmp/24/24-186-1.el32.labeled [GBID: 24, 186, 1] [EDGE LABEL: HAS_CREATOR]
dmesg > labeled_grid_generator.cpp:458
Converting /root/cuMatch/scratch/LGF/el32_tmp/24/24-186-1.el32.labeled, 16777216 edges (134217728 byte)
Input: /root/cuMatch/scratch/LGF/el32_tmp/25/25-186-1.el32.labeled [GBID: 25, 186, 1] [EDGE LABEL: HAS_CREATOR]
dmesg > labeled_grid_generator.cpp:458
Converting /root/cuMatch/scratch/LGF/el32_tmp/25/25-186-1.el32.labeled, 16777216 edges (134217728 byte)
Input: /root/cuMatch/scratch/LGF/el32_tmp/26/26-186-1.el32.labeled [GBID: 26, 186, 1] [EDGE LABEL: HAS_CREATOR]
dmesg > labeled_grid_generator.cpp:458
Converting /root/cuMatch/scratch/LGF/el32_tmp/26/26-186-1.el32.labeled, 16777216 edges (134217728 byte)
Input: /root/cuMatch/scratch/LGF/el32_tmp/27/27-186-1.el32.labeled [GBID: 27, 186, 1] [EDGE LABEL: HAS_CREATOR]
dmesg > labeled_grid_generator.cpp:458
Converting /root/cuMatch/scratch/LGF/el32_tmp/27/27-186-1.el32.labeled, 16777216 edges (134217728 byte)
Input: /root/cuMatch/scratch/LGF/el32_tmp/28/28-186-1.el32.labeled [GBID: 28, 186, 1] [EDGE LABEL: HAS_CREATOR]
dmesg > labeled_grid_generator.cpp:458
Converting /root/cuMatch/scratch/LGF/el32_tmp/28/28-186-1.el32.labeled, 16777216 edges (134217728 byte)
Input: /root/cuMatch/scratch/LGF/el32_tmp/29/29-186-1.el32.labeled [GBID: 29, 186, 1] [EDGE LABEL: HAS_CREATOR]
dmesg > labeled_grid_generator.cpp:458
Converting /root/cuMatch/scratch/LGF/el32_tmp/29/29-186-1.el32.labeled, 16777216 edges (134217728 byte)
Input: /root/cuMatch/scratch/LGF/el32_tmp/30/30-186-1.el32.labeled [GBID: 30, 186, 1] [EDGE LABEL: HAS_CREATOR]
dmesg > labeled_grid_generator.cpp:458
Converting /root/cuMatch/scratch/LGF/el32_tmp/30/30-186-1.el32.labeled, 16777216 edges (134217728 byte)
Input: /root/cuMatch/scratch/LGF/el32_tmp/31/31-186-1.el32.labeled [GBID: 31, 186, 1] [EDGE LABEL: HAS_CREATOR]
dmesg > labeled_grid_generator.cpp:458
Converting /root/cuMatch/scratch/LGF/el32_tmp/31/31-186-1.el32.labeled, 16777216 edges (134217728 byte)
Input: /root/cuMatch/scratch/LGF/el32_tmp/32/32-186-1.el32.labeled [GBID: 32, 186, 1] [EDGE LABEL: HAS_CREATOR]
dmesg > labeled_grid_generator.cpp:458
Converting /root/cuMatch/scratch/LGF/el32_tmp/32/32-186-1.el32.labeled, 16777216 edges (134217728 byte)
Input: /root/cuMatch/scratch/LGF/el32_tmp/33/33-186-1.el32.labeled [GBID: 33, 186, 1] [EDGE LABEL: HAS_CREATOR]
dmesg > labeled_grid_generator.cpp:458
Converting /root/cuMatch/scratch/LGF/el32_tmp/33/33-186-1.el32.labeled, 16777216 edges (134217728 byte)
Input: /root/cuMatch/scratch/LGF/el32_tmp/34/34-186-1.el32.labeled [GBID: 34, 186, 1] [EDGE LABEL: HAS_CREATOR]
dmesg > labeled_grid_generator.cpp:458
Converting /root/cuMatch/scratch/LGF/el32_tmp/34/34-186-1.el32.labeled, 16777216 edges (134217728 byte)
Input: /root/cuMatch/scratch/LGF/el32_tmp/35/35-186-1.el32.labeled [GBID: 35, 186, 1] [EDGE LABEL: HAS_CREATOR]
dmesg > labeled_grid_generator.cpp:458
Converting /root/cuMatch/scratch/LGF/el32_tmp/35/35-186-1.el32.labeled, 16777216 edges (134217728 byte)
Input: /root/cuMatch/scratch/LGF/el32_tmp/36/36-186-1.el32.labeled [GBID: 36, 186, 1] [EDGE LABEL: HAS_CREATOR]
dmesg > labeled_grid_generator.cpp:458
Converting /root/cuMatch/scratch/LGF/el32_tmp/36/36-186-1.el32.labeled, 16777216 edges (134217728 byte)
Input: /root/cuMatch/scratch/LGF/el32_tmp/37/37-186-1.el32.labeled [GBID: 37, 186, 1] [EDGE LABEL: HAS_CREATOR]
dmesg > labeled_grid_generator.cpp:458
Converting /root/cuMatch/scratch/LGF/el32_tmp/37/37-186-1.el32.labeled, 16777216 edges (134217728 byte)
Input: /root/cuMatch/scratch/LGF/el32_tmp/38/38-186-1.el32.labeled [GBID: 38, 186, 1] [EDGE LABEL: HAS_CREATOR]
dmesg > labeled_grid_generator.cpp:458
Converting /root/cuMatch/scratch/LGF/el32_tmp/38/38-186-1.el32.labeled, 16777216 edges (134217728 byte)
Input: /root/cuMatch/scratch/LGF/el32_tmp/39/39-186-1.el32.labeled [GBID: 39, 186, 1] [EDGE LABEL: HAS_CREATOR]
dmesg > labeled_grid_generator.cpp:458
Converting /root/cuMatch/scratch/LGF/el32_tmp/39/39-186-1.el32.labeled, 16777216 edges (134217728 byte)
Input: /root/cuMatch/scratch/LGF/el32_tmp/40/40-186-1.el32.labeled [GBID: 40, 186, 1] [EDGE LABEL: HAS_CREATOR]
dmesg > labeled_grid_generator.cpp:458
Converting /root/cuMatch/scratch/LGF/el32_tmp/40/40-186-1.el32.labeled, 16777216 edges (134217728 byte)
Input: /root/cuMatch/scratch/LGF/el32_tmp/41/41-186-1.el32.labeled [GBID: 41, 186, 1] [EDGE LABEL: HAS_CREATOR]
dmesg > labeled_grid_generator.cpp:458
Converting /root/cuMatch/scratch/LGF/el32_tmp/41/41-186-1.el32.labeled, 16777216 edges (134217728 byte)
Input: /root/cuMatch/scratch/LGF/el32_tmp/42/42-186-1.el32.labeled [GBID: 42, 186, 1] [EDGE LABEL: HAS_CREATOR]
dmesg > labeled_grid_generator.cpp:458
Converting /root/cuMatch/scratch/LGF/el32_tmp/42/42-186-1.el32.labeled, 16777216 edges (134217728 byte)
Input: /root/cuMatch/scratch/LGF/el32_tmp/43/43-186-1.el32.labeled [GBID: 43, 186, 1] [EDGE LABEL: HAS_CREATOR]
dmesg > labeled_grid_generator.cpp:458
Converting /root/cuMatch/scratch/LGF/el32_tmp/43/43-186-1.el32.labeled, 16777216 edges (134217728 byte)
Input: /root/cuMatch/scratch/LGF/el32_tmp/44/44-186-1.el32.labeled [GBID: 44, 186, 1] [EDGE LABEL: HAS_CREATOR]
dmesg > labeled_grid_generator.cpp:458
Converting /root/cuMatch/scratch/LGF/el32_tmp/44/44-186-1.el32.labeled, 16777216 edges (134217728 byte)
Input: /root/cuMatch/scratch/LGF/el32_tmp/45/45-186-1.el32.labeled [GBID: 45, 186, 1] [EDGE LABEL: HAS_CREATOR]
dmesg > labeled_grid_generator.cpp:458
Converting /root/cuMatch/scratch/LGF/el32_tmp/45/45-186-1.el32.labeled, 16777216 edges (134217728 byte)
Input: /root/cuMatch/scratch/LGF/el32_tmp/46/46-186-1.el32.labeled [GBID: 46, 186, 1] [EDGE LABEL: HAS_CREATOR]
dmesg > labeled_grid_generator.cpp:458
Converting /root/cuMatch/scratch/LGF/el32_tmp/46/46-186-1.el32.labeled, 16777216 edges (134217728 byte)
Input: /root/cuMatch/scratch/LGF/el32_tmp/47/47-186-1.el32.labeled [GBID: 47, 186, 1] [EDGE LABEL: HAS_CREATOR]
dmesg > labeled_grid_generator.cpp:458
Converting /root/cuMatch/scratch/LGF/el32_tmp/47/47-186-1.el32.labeled, 16777216 edges (134217728 byte)
Input: /root/cuMatch/scratch/LGF/el32_tmp/48/48-186-1.el32.labeled [GBID: 48, 186, 1] [EDGE LABEL: HAS_CREATOR]
dmesg > labeled_grid_generator.cpp:458
Converting /root/cuMatch/scratch/LGF/el32_tmp/48/48-186-1.el32.labeled, 16777216 edges (134217728 byte)
Input: /root/cuMatch/scratch/LGF/el32_tmp/49/49-186-1.el32.labeled [GBID: 49, 186, 1] [EDGE LABEL: HAS_CREATOR]
dmesg > labeled_grid_generator.cpp:458
Converting /root/cuMatch/scratch/LGF/el32_tmp/49/49-186-1.el32.labeled, 16777216 edges (134217728 byte)
Input: /root/cuMatch/scratch/LGF/el32_tmp/50/50-186-1.el32.labeled [GBID: 50, 186, 1] [EDGE LABEL: HAS_CREATOR]
dmesg > labeled_grid_generator.cpp:458
Converting /root/cuMatch/scratch/LGF/el32_tmp/50/50-186-1.el32.labeled, 16777216 edges (134217728 byte)
Input: /root/cuMatch/scratch/LGF/el32_tmp/51/51-186-1.el32.labeled [GBID: 51, 186, 1] [EDGE LABEL: HAS_CREATOR]
dmesg > labeled_grid_generator.cpp:458
Converting /root/cuMatch/scratch/LGF/el32_tmp/51/51-186-1.el32.labeled, 16777216 edges (134217728 byte)
Input: /root/cuMatch/scratch/LGF/el32_tmp/52/52-186-1.el32.labeled [GBID: 52, 186, 1] [EDGE LABEL: HAS_CREATOR]
dmesg > labeled_grid_generator.cpp:458
Converting /root/cuMatch/scratch/LGF/el32_tmp/52/52-186-1.el32.labeled, 16777216 edges (134217728 byte)
Input: /root/cuMatch/scratch/LGF/el32_tmp/53/53-186-1.el32.labeled [GBID: 53, 186, 1] [EDGE LABEL: HAS_CREATOR]
dmesg > labeled_grid_generator.cpp:458
Converting /root/cuMatch/scratch/LGF/el32_tmp/53/53-186-1.el32.labeled, 16777216 edges (134217728 byte)
Input: /root/cuMatch/scratch/LGF/el32_tmp/54/54-186-1.el32.labeled [GBID: 54, 186, 1] [EDGE LABEL: HAS_CREATOR]
dmesg > labeled_grid_generator.cpp:458
Converting /root/cuMatch/scratch/LGF/el32_tmp/54/54-186-1.el32.labeled, 16777216 edges (134217728 byte)
Input: /root/cuMatch/scratch/LGF/el32_tmp/55/55-186-1.el32.labeled [GBID: 55, 186, 1] [EDGE LABEL: HAS_CREATOR]
dmesg > labeled_grid_generator.cpp:458
Converting /root/cuMatch/scratch/LGF/el32_tmp/55/55-186-1.el32.labeled, 16777216 edges (134217728 byte)
Input: /root/cuMatch/scratch/LGF/el32_tmp/56/56-186-1.el32.labeled [GBID: 56, 186, 1] [EDGE LABEL: HAS_CREATOR]
dmesg > labeled_grid_generator.cpp:458
Converting /root/cuMatch/scratch/LGF/el32_tmp/56/56-186-1.el32.labeled, 16777216 edges (134217728 byte)
Input: /root/cuMatch/scratch/LGF/el32_tmp/57/57-186-1.el32.labeled [GBID: 57, 186, 1] [EDGE LABEL: HAS_CREATOR]
dmesg > labeled_grid_generator.cpp:458
Converting /root/cuMatch/scratch/LGF/el32_tmp/57/57-186-1.el32.labeled, 16777216 edges (134217728 byte)
Input: /root/cuMatch/scratch/LGF/el32_tmp/58/58-186-1.el32.labeled [GBID: 58, 186, 1] [EDGE LABEL: HAS_CREATOR]
dmesg > labeled_grid_generator.cpp:458
Converting /root/cuMatch/scratch/LGF/el32_tmp/58/58-186-1.el32.labeled, 16777216 edges (134217728 byte)
Input: /root/cuMatch/scratch/LGF/el32_tmp/59/59-186-1.el32.labeled [GBID: 59, 186, 1] [EDGE LABEL: HAS_CREATOR]
dmesg > labeled_grid_generator.cpp:458
Converting /root/cuMatch/scratch/LGF/el32_tmp/59/59-186-1.el32.labeled, 16777216 edges (134217728 byte)
Input: /root/cuMatch/scratch/LGF/el32_tmp/60/60-186-1.el32.labeled [GBID: 60, 186, 1] [EDGE LABEL: HAS_CREATOR]
dmesg > labeled_grid_generator.cpp:458
Converting /root/cuMatch/scratch/LGF/el32_tmp/60/60-186-1.el32.labeled, 16777216 edges (134217728 byte)
Input: /root/cuMatch/scratch/LGF/el32_tmp/61/61-186-1.el32.labeled [GBID: 61, 186, 1] [EDGE LABEL: HAS_CREATOR]
dmesg > labeled_grid_generator.cpp:458
Converting /root/cuMatch/scratch/LGF/el32_tmp/61/61-186-1.el32.labeled, 16777216 edges (134217728 byte)
Input: /root/cuMatch/scratch/LGF/el32_tmp/62/62-186-1.el32.labeled [GBID: 62, 186, 1] [EDGE LABEL: HAS_CREATOR]
dmesg > labeled_grid_generator.cpp:458
Converting /root/cuMatch/scratch/LGF/el32_tmp/62/62-186-1.el32.labeled, 16777216 edges (134217728 byte)
Input: /root/cuMatch/scratch/LGF/el32_tmp/63/63-186-1.el32.labeled [GBID: 63, 186, 1] [EDGE LABEL: HAS_CREATOR]
dmesg > labeled_grid_generator.cpp:458
Converting /root/cuMatch/scratch/LGF/el32_tmp/63/63-186-1.el32.labeled, 16777216 edges (134217728 byte)
Input: /root/cuMatch/scratch/LGF/el32_tmp/64/64-186-1.el32.labeled [GBID: 64, 186, 1] [EDGE LABEL: HAS_CREATOR]
dmesg > labeled_grid_generator.cpp:458
Converting /root/cuMatch/scratch/LGF/el32_tmp/64/64-186-1.el32.labeled, 16777216 edges (134217728 byte)
Input: /root/cuMatch/scratch/LGF/el32_tmp/65/65-186-1.el32.labeled [GBID: 65, 186, 1] [EDGE LABEL: HAS_CREATOR]
dmesg > labeled_grid_generator.cpp:458
Converting /root/cuMatch/scratch/LGF/el32_tmp/65/65-186-1.el32.labeled, 16777216 edges (134217728 byte)
Input: /root/cuMatch/scratch/LGF/el32_tmp/66/66-186-1.el32.labeled [GBID: 66, 186, 1] [EDGE LABEL: HAS_CREATOR]
dmesg > labeled_grid_generator.cpp:458
Converting /root/cuMatch/scratch/LGF/el32_tmp/66/66-186-1.el32.labeled, 16777216 edges (134217728 byte)
Input: /root/cuMatch/scratch/LGF/el32_tmp/67/67-186-1.el32.labeled [GBID: 67, 186, 1] [EDGE LABEL: HAS_CREATOR]
dmesg > labeled_grid_generator.cpp:458
Converting /root/cuMatch/scratch/LGF/el32_tmp/67/67-186-1.el32.labeled, 16777216 edges (134217728 byte)
Input: /root/cuMatch/scratch/LGF/el32_tmp/68/68-186-1.el32.labeled [GBID: 68, 186, 1] [EDGE LABEL: HAS_CREATOR]
dmesg > labeled_grid_generator.cpp:458
Converting /root/cuMatch/scratch/LGF/el32_tmp/68/68-186-1.el32.labeled, 16777216 edges (134217728 byte)
Input: /root/cuMatch/scratch/LGF/el32_tmp/69/69-186-1.el32.labeled [GBID: 69, 186, 1] [EDGE LABEL: HAS_CREATOR]
dmesg > labeled_grid_generator.cpp:458
Converting /root/cuMatch/scratch/LGF/el32_tmp/69/69-186-1.el32.labeled, 16777216 edges (134217728 byte)
Input: /root/cuMatch/scratch/LGF/el32_tmp/70/70-186-1.el32.labeled [GBID: 70, 186, 1] [EDGE LABEL: HAS_CREATOR]
dmesg > labeled_grid_generator.cpp:458
Converting /root/cuMatch/scratch/LGF/el32_tmp/70/70-186-1.el32.labeled, 16777216 edges (134217728 byte)
Input: /root/cuMatch/scratch/LGF/el32_tmp/71/71-186-1.el32.labeled [GBID: 71, 186, 1] [EDGE LABEL: HAS_CREATOR]
dmesg > labeled_grid_generator.cpp:458
Converting /root/cuMatch/scratch/LGF/el32_tmp/71/71-186-1.el32.labeled, 16777216 edges (134217728 byte)
Input: /root/cuMatch/scratch/LGF/el32_tmp/72/72-186-1.el32.labeled [GBID: 72, 186, 1] [EDGE LABEL: HAS_CREATOR]
dmesg > labeled_grid_generator.cpp:458
Converting /root/cuMatch/scratch/LGF/el32_tmp/72/72-186-1.el32.labeled, 16777216 edges (134217728 byte)
Input: /root/cuMatch/scratch/LGF/el32_tmp/73/73-186-1.el32.labeled [GBID: 73, 186, 1] [EDGE LABEL: HAS_CREATOR]
dmesg > labeled_grid_generator.cpp:458
Converting /root/cuMatch/scratch/LGF/el32_tmp/73/73-186-1.el32.labeled, 16777216 edges (134217728 byte)
Input: /root/cuMatch/scratch/LGF/el32_tmp/74/74-186-1.el32.labeled [GBID: 74, 186, 1] [EDGE LABEL: HAS_CREATOR]
dmesg > labeled_grid_generator.cpp:458
Converting /root/cuMatch/scratch/LGF/el32_tmp/74/74-186-1.el32.labeled, 16777216 edges (134217728 byte)
Input: /root/cuMatch/scratch/LGF/el32_tmp/75/75-186-1.el32.labeled [GBID: 75, 186, 1] [EDGE LABEL: HAS_CREATOR]
dmesg > labeled_grid_generator.cpp:458
Converting /root/cuMatch/scratch/LGF/el32_tmp/75/75-186-1.el32.labeled, 16777216 edges (134217728 byte)
Input: /root/cuMatch/scratch/LGF/el32_tmp/76/76-186-1.el32.labeled [GBID: 76, 186, 1] [EDGE LABEL: HAS_CREATOR]
dmesg > labeled_grid_generator.cpp:458
Converting /root/cuMatch/scratch/LGF/el32_tmp/76/76-186-1.el32.labeled, 16777216 edges (134217728 byte)
Input: /root/cuMatch/scratch/LGF/el32_tmp/77/77-186-1.el32.labeled [GBID: 77, 186, 1] [EDGE LABEL: HAS_CREATOR]
dmesg > labeled_grid_generator.cpp:458
Converting /root/cuMatch/scratch/LGF/el32_tmp/77/77-186-1.el32.labeled, 16777216 edges (134217728 byte)
Input: /root/cuMatch/scratch/LGF/el32_tmp/78/78-186-1.el32.labeled [GBID: 78, 186, 1] [EDGE LABEL: HAS_CREATOR]
dmesg > labeled_grid_generator.cpp:458
Converting /root/cuMatch/scratch/LGF/el32_tmp/78/78-186-1.el32.labeled, 16777216 edges (134217728 byte)
Input: /root/cuMatch/scratch/LGF/el32_tmp/79/79-186-1.el32.labeled [GBID: 79, 186, 1] [EDGE LABEL: HAS_CREATOR]
dmesg > labeled_grid_generator.cpp:458
Converting /root/cuMatch/scratch/LGF/el32_tmp/79/79-186-1.el32.labeled, 16777216 edges (134217728 byte)
Input: /root/cuMatch/scratch/LGF/el32_tmp/80/80-186-1.el32.labeled [GBID: 80, 186, 1] [EDGE LABEL: HAS_CREATOR]
dmesg > labeled_grid_generator.cpp:458
Converting /root/cuMatch/scratch/LGF/el32_tmp/80/80-186-1.el32.labeled, 16777216 edges (134217728 byte)
Input: /root/cuMatch/scratch/LGF/el32_tmp/81/81-186-1.el32.labeled [GBID: 81, 186, 1] [EDGE LABEL: HAS_CREATOR]
dmesg > labeled_grid_generator.cpp:458
Converting /root/cuMatch/scratch/LGF/el32_tmp/81/81-186-1.el32.labeled, 16777216 edges (134217728 byte)
Input: /root/cuMatch/scratch/LGF/el32_tmp/82/82-186-1.el32.labeled [GBID: 82, 186, 1] [EDGE LABEL: HAS_CREATOR]
dmesg > labeled_grid_generator.cpp:458
Converting /root/cuMatch/scratch/LGF/el32_tmp/82/82-186-1.el32.labeled, 16777216 edges (134217728 byte)
Input: /root/cuMatch/scratch/LGF/el32_tmp/83/83-186-1.el32.labeled [GBID: 83, 186, 1] [EDGE LABEL: HAS_CREATOR]
dmesg > labeled_grid_generator.cpp:458
Converting /root/cuMatch/scratch/LGF/el32_tmp/83/83-186-1.el32.labeled, 16777216 edges (134217728 byte)
Input: /root/cuMatch/scratch/LGF/el32_tmp/84/84-186-1.el32.labeled [GBID: 84, 186, 1] [EDGE LABEL: HAS_CREATOR]
dmesg > labeled_grid_generator.cpp:458
Converting /root/cuMatch/scratch/LGF/el32_tmp/84/84-186-1.el32.labeled, 16777216 edges (134217728 byte)
Input: /root/cuMatch/scratch/LGF/el32_tmp/85/85-186-1.el32.labeled [GBID: 85, 186, 1] [EDGE LABEL: HAS_CREATOR]
dmesg > labeled_grid_generator.cpp:458
Converting /root/cuMatch/scratch/LGF/el32_tmp/85/85-186-1.el32.labeled, 16777216 edges (134217728 byte)
Input: /root/cuMatch/scratch/LGF/el32_tmp/86/86-186-1.el32.labeled [GBID: 86, 186, 1] [EDGE LABEL: HAS_CREATOR]
dmesg > labeled_grid_generator.cpp:458
Converting /root/cuMatch/scratch/LGF/el32_tmp/86/86-186-1.el32.labeled, 16777216 edges (134217728 byte)
Input: /root/cuMatch/scratch/LGF/el32_tmp/87/87-186-1.el32.labeled [GBID: 87, 186, 1] [EDGE LABEL: HAS_CREATOR]
dmesg > labeled_grid_generator.cpp:458
Converting /root/cuMatch/scratch/LGF/el32_tmp/87/87-186-1.el32.labeled, 16777216 edges (134217728 byte)
Input: /root/cuMatch/scratch/LGF/el32_tmp/88/88-186-1.el32.labeled [GBID: 88, 186, 1] [EDGE LABEL: HAS_CREATOR]
dmesg > labeled_grid_generator.cpp:458
Converting /root/cuMatch/scratch/LGF/el32_tmp/88/88-186-1.el32.labeled, 16777216 edges (134217728 byte)
Input: /root/cuMatch/scratch/LGF/el32_tmp/89/89-186-1.el32.labeled [GBID: 89, 186, 1] [EDGE LABEL: HAS_CREATOR]
dmesg > labeled_grid_generator.cpp:458
Converting /root/cuMatch/scratch/LGF/el32_tmp/89/89-186-1.el32.labeled, 16777216 edges (134217728 byte)
Input: /root/cuMatch/scratch/LGF/el32_tmp/90/90-186-1.el32.labeled [GBID: 90, 186, 1] [EDGE LABEL: HAS_CREATOR]
dmesg > labeled_grid_generator.cpp:458
Converting /root/cuMatch/scratch/LGF/el32_tmp/90/90-186-1.el32.labeled, 16777216 edges (134217728 byte)
Input: /root/cuMatch/scratch/LGF/el32_tmp/91/91-186-1.el32.labeled [GBID: 91, 186, 1] [EDGE LABEL: HAS_CREATOR]
dmesg > labeled_grid_generator.cpp:458
Converting /root/cuMatch/scratch/LGF/el32_tmp/91/91-186-1.el32.labeled, 16777216 edges (134217728 byte)
Input: /root/cuMatch/scratch/LGF/el32_tmp/92/92-186-1.el32.labeled [GBID: 92, 186, 1] [EDGE LABEL: HAS_CREATOR]
dmesg > labeled_grid_generator.cpp:458
Converting /root/cuMatch/scratch/LGF/el32_tmp/92/92-186-1.el32.labeled, 16777216 edges (134217728 byte)
Input: /root/cuMatch/scratch/LGF/el32_tmp/93/93-186-1.el32.labeled [GBID: 93, 186, 1] [EDGE LABEL: HAS_CREATOR]
dmesg > labeled_grid_generator.cpp:458
Converting /root/cuMatch/scratch/LGF/el32_tmp/93/93-186-1.el32.labeled, 16777216 edges (134217728 byte)
Input: /root/cuMatch/scratch/LGF/el32_tmp/94/94-186-1.el32.labeled [GBID: 94, 186, 1] [EDGE LABEL: HAS_CREATOR]
dmesg > labeled_grid_generator.cpp:458
Converting /root/cuMatch/scratch/LGF/el32_tmp/94/94-186-1.el32.labeled, 16777216 edges (134217728 byte)
Input: /root/cuMatch/scratch/LGF/el32_tmp/95/95-186-1.el32.labeled [GBID: 95, 186, 1] [EDGE LABEL: HAS_CREATOR]
dmesg > labeled_grid_generator.cpp:458
Converting /root/cuMatch/scratch/LGF/el32_tmp/95/95-186-1.el32.labeled, 16777216 edges (134217728 byte)
Input: /root/cuMatch/scratch/LGF/el32_tmp/96/96-186-1.el32.labeled [GBID: 96, 186, 1] [EDGE LABEL: HAS_CREATOR]
dmesg > labeled_grid_generator.cpp:458
Converting /root/cuMatch/scratch/LGF/el32_tmp/96/96-186-1.el32.labeled, 16777216 edges (134217728 byte)
Input: /root/cuMatch/scratch/LGF/el32_tmp/97/97-186-1.el32.labeled [GBID: 97, 186, 1] [EDGE LABEL: HAS_CREATOR]
dmesg > labeled_grid_generator.cpp:458
Converting /root/cuMatch/scratch/LGF/el32_tmp/97/97-186-1.el32.labeled, 16777216 edges (134217728 byte)
Input: /root/cuMatch/scratch/LGF/el32_tmp/98/98-186-1.el32.labeled [GBID: 98, 186, 1] [EDGE LABEL: HAS_CREATOR]
dmesg > labeled_grid_generator.cpp:458
Converting /root/cuMatch/scratch/LGF/el32_tmp/98/98-186-1.el32.labeled, 16777216 edges (134217728 byte)
Input: /root/cuMatch/scratch/LGF/el32_tmp/99/99-186-1.el32.labeled [GBID: 99, 186, 1] [EDGE LABEL: HAS_CREATOR]
dmesg > labeled_grid_generator.cpp:458
Converting /root/cuMatch/scratch/LGF/el32_tmp/99/99-186-1.el32.labeled, 16777216 edges (134217728 byte)
Input: /root/cuMatch/scratch/LGF/el32_tmp/100/100-186-1.el32.labeled [GBID: 100, 186, 1] [EDGE LABEL: HAS_CREATOR]
dmesg > labeled_grid_generator.cpp:458
Converting /root/cuMatch/scratch/LGF/el32_tmp/100/100-186-1.el32.labeled, 16777216 edges (134217728 byte)
Input: /root/cuMatch/scratch/LGF/el32_tmp/101/101-186-1.el32.labeled [GBID: 101, 186, 1] [EDGE LABEL: HAS_CREATOR]
dmesg > labeled_grid_generator.cpp:458
Converting /root/cuMatch/scratch/LGF/el32_tmp/101/101-186-1.el32.labeled, 16777216 edges (134217728 byte)
Input: /root/cuMatch/scratch/LGF/el32_tmp/102/102-186-1.el32.labeled [GBID: 102, 186, 1] [EDGE LABEL: HAS_CREATOR]
dmesg > labeled_grid_generator.cpp:458
Converting /root/cuMatch/scratch/LGF/el32_tmp/102/102-186-1.el32.labeled, 16777216 edges (134217728 byte)
Input: /root/cuMatch/scratch/LGF/el32_tmp/103/103-186-1.el32.labeled [GBID: 103, 186, 1] [EDGE LABEL: HAS_CREATOR]
dmesg > labeled_grid_generator.cpp:458
Converting /root/cuMatch/scratch/LGF/el32_tmp/103/103-186-1.el32.labeled, 16777216 edges (134217728 byte)
Input: /root/cuMatch/scratch/LGF/el32_tmp/104/104-186-1.el32.labeled [GBID: 104, 186, 1] [EDGE LABEL: HAS_CREATOR]
dmesg > labeled_grid_generator.cpp:458
Converting /root/cuMatch/scratch/LGF/el32_tmp/104/104-186-1.el32.labeled, 16777216 edges (134217728 byte)
Input: /root/cuMatch/scratch/LGF/el32_tmp/105/105-186-1.el32.labeled [GBID: 105, 186, 1] [EDGE LABEL: HAS_CREATOR]
dmesg > labeled_grid_generator.cpp:458
Converting /root/cuMatch/scratch/LGF/el32_tmp/105/105-186-1.el32.labeled, 16777216 edges (134217728 byte)
Input: /root/cuMatch/scratch/LGF/el32_tmp/106/106-186-1.el32.labeled [GBID: 106, 186, 1] [EDGE LABEL: HAS_CREATOR]
dmesg > labeled_grid_generator.cpp:458
Converting /root/cuMatch/scratch/LGF/el32_tmp/106/106-186-1.el32.labeled, 16777216 edges (134217728 byte)
Input: /root/cuMatch/scratch/LGF/el32_tmp/107/107-186-1.el32.labeled [GBID: 107, 186, 1] [EDGE LABEL: HAS_CREATOR]
dmesg > labeled_grid_generator.cpp:458
Converting /root/cuMatch/scratch/LGF/el32_tmp/107/107-186-1.el32.labeled, 16777216 edges (134217728 byte)
Input: /root/cuMatch/scratch/LGF/el32_tmp/108/108-186-1.el32.labeled [GBID: 108, 186, 1] [EDGE LABEL: HAS_CREATOR]
dmesg > labeled_grid_generator.cpp:458
Converting /root/cuMatch/scratch/LGF/el32_tmp/108/108-186-1.el32.labeled, 16777216 edges (134217728 byte)
Input: /root/cuMatch/scratch/LGF/el32_tmp/109/109-186-1.el32.labeled [GBID: 109, 186, 1] [EDGE LABEL: HAS_CREATOR]
dmesg > labeled_grid_generator.cpp:458
Converting /root/cuMatch/scratch/LGF/el32_tmp/109/109-186-1.el32.labeled, 16777216 edges (134217728 byte)
Input: /root/cuMatch/scratch/LGF/el32_tmp/110/110-186-1.el32.labeled [GBID: 110, 186, 1] [EDGE LABEL: HAS_CREATOR]
dmesg > labeled_grid_generator.cpp:458
Converting /root/cuMatch/scratch/LGF/el32_tmp/110/110-186-1.el32.labeled, 16777216 edges (134217728 byte)
Input: /root/cuMatch/scratch/LGF/el32_tmp/111/111-186-1.el32.labeled [GBID: 111, 186, 1] [EDGE LABEL: HAS_CREATOR]
dmesg > labeled_grid_generator.cpp:458
Converting /root/cuMatch/scratch/LGF/el32_tmp/111/111-186-1.el32.labeled, 16777216 edges (134217728 byte)
Input: /root/cuMatch/scratch/LGF/el32_tmp/112/112-186-1.el32.labeled [GBID: 112, 186, 1] [EDGE LABEL: HAS_CREATOR]
dmesg > labeled_grid_generator.cpp:458
Converting /root/cuMatch/scratch/LGF/el32_tmp/112/112-186-1.el32.labeled, 16777216 edges (134217728 byte)
Input: /root/cuMatch/scratch/LGF/el32_tmp/113/113-186-1.el32.labeled [GBID: 113, 186, 1] [EDGE LABEL: HAS_CREATOR]
dmesg > labeled_grid_generator.cpp:458
Converting /root/cuMatch/scratch/LGF/el32_tmp/113/113-186-1.el32.labeled, 16777216 edges (134217728 byte)
Input: /root/cuMatch/scratch/LGF/el32_tmp/114/114-186-1.el32.labeled [GBID: 114, 186, 1] [EDGE LABEL: HAS_CREATOR]
dmesg > labeled_grid_generator.cpp:458
Converting /root/cuMatch/scratch/LGF/el32_tmp/114/114-186-1.el32.labeled, 16777216 edges (134217728 byte)
Input: /root/cuMatch/scratch/LGF/el32_tmp/115/115-186-1.el32.labeled [GBID: 115, 186, 1] [EDGE LABEL: HAS_CREATOR]
dmesg > labeled_grid_generator.cpp:458
Converting /root/cuMatch/scratch/LGF/el32_tmp/115/115-186-1.el32.labeled, 16777216 edges (134217728 byte)
Input: /root/cuMatch/scratch/LGF/el32_tmp/116/116-186-1.el32.labeled [GBID: 116, 186, 1] [EDGE LABEL: HAS_CREATOR]
dmesg > labeled_grid_generator.cpp:458
Converting /root/cuMatch/scratch/LGF/el32_tmp/116/116-186-1.el32.labeled, 16777216 edges (134217728 byte)
Input: /root/cuMatch/scratch/LGF/el32_tmp/117/117-186-1.el32.labeled [GBID: 117, 186, 1] [EDGE LABEL: HAS_CREATOR]
dmesg > labeled_grid_generator.cpp:458
Converting /root/cuMatch/scratch/LGF/el32_tmp/117/117-186-1.el32.labeled, 16777216 edges (134217728 byte)
Input: /root/cuMatch/scratch/LGF/el32_tmp/118/118-186-1.el32.labeled [GBID: 118, 186, 1] [EDGE LABEL: HAS_CREATOR]
dmesg > labeled_grid_generator.cpp:458
Converting /root/cuMatch/scratch/LGF/el32_tmp/118/118-186-1.el32.labeled, 16777216 edges (134217728 byte)
Input: /root/cuMatch/scratch/LGF/el32_tmp/119/119-186-1.el32.labeled [GBID: 119, 186, 1] [EDGE LABEL: HAS_CREATOR]
dmesg > labeled_grid_generator.cpp:458
Converting /root/cuMatch/scratch/LGF/el32_tmp/119/119-186-1.el32.labeled, 16777216 edges (134217728 byte)
Input: /root/cuMatch/scratch/LGF/el32_tmp/120/120-186-1.el32.labeled [GBID: 120, 186, 1] [EDGE LABEL: HAS_CREATOR]
dmesg > labeled_grid_generator.cpp:458
Converting /root/cuMatch/scratch/LGF/el32_tmp/120/120-186-1.el32.labeled, 16777216 edges (134217728 byte)
Input: /root/cuMatch/scratch/LGF/el32_tmp/121/121-186-1.el32.labeled [GBID: 121, 186, 1] [EDGE LABEL: HAS_CREATOR]
dmesg > labeled_grid_generator.cpp:458
Converting /root/cuMatch/scratch/LGF/el32_tmp/121/121-186-1.el32.labeled, 16777216 edges (134217728 byte)
Input: /root/cuMatch/scratch/LGF/el32_tmp/122/122-186-1.el32.labeled [GBID: 122, 186, 1] [EDGE LABEL: HAS_CREATOR]
dmesg > labeled_grid_generator.cpp:458
Converting /root/cuMatch/scratch/LGF/el32_tmp/122/122-186-1.el32.labeled, 16777216 edges (134217728 byte)
Input: /root/cuMatch/scratch/LGF/el32_tmp/123/123-186-1.el32.labeled [GBID: 123, 186, 1] [EDGE LABEL: HAS_CREATOR]
dmesg > labeled_grid_generator.cpp:458
Converting /root/cuMatch/scratch/LGF/el32_tmp/123/123-186-1.el32.labeled, 16777216 edges (134217728 byte)
Input: /root/cuMatch/scratch/LGF/el32_tmp/124/124-186-1.el32.labeled [GBID: 124, 186, 1] [EDGE LABEL: HAS_CREATOR]
dmesg > labeled_grid_generator.cpp:458
Converting /root/cuMatch/scratch/LGF/el32_tmp/124/124-186-1.el32.labeled, 16777216 edges (134217728 byte)
Input: /root/cuMatch/scratch/LGF/el32_tmp/125/125-186-1.el32.labeled [GBID: 125, 186, 1] [EDGE LABEL: HAS_CREATOR]
dmesg > labeled_grid_generator.cpp:458
Converting /root/cuMatch/scratch/LGF/el32_tmp/125/125-186-1.el32.labeled, 16777216 edges (134217728 byte)
Input: /root/cuMatch/scratch/LGF/el32_tmp/126/126-186-1.el32.labeled [GBID: 126, 186, 1] [EDGE LABEL: HAS_CREATOR]
dmesg > labeled_grid_generator.cpp:458
Converting /root/cuMatch/scratch/LGF/el32_tmp/126/126-186-1.el32.labeled, 16777216 edges (134217728 byte)
Input: /root/cuMatch/scratch/LGF/el32_tmp/127/127-186-1.el32.labeled [GBID: 127, 186, 1] [EDGE LABEL: HAS_CREATOR]
dmesg > labeled_grid_generator.cpp:458
Converting /root/cuMatch/scratch/LGF/el32_tmp/127/127-186-1.el32.labeled, 16777216 edges (134217728 byte)
Input: /root/cuMatch/scratch/LGF/el32_tmp/128/128-186-1.el32.labeled [GBID: 128, 186, 1] [EDGE LABEL: HAS_CREATOR]
dmesg > labeled_grid_generator.cpp:458
Converting /root/cuMatch/scratch/LGF/el32_tmp/128/128-186-1.el32.labeled, 16777216 edges (134217728 byte)
Input: /root/cuMatch/scratch/LGF/el32_tmp/129/129-186-1.el32.labeled [GBID: 129, 186, 1] [EDGE LABEL: HAS_CREATOR]
dmesg > labeled_grid_generator.cpp:458
Converting /root/cuMatch/scratch/LGF/el32_tmp/129/129-186-1.el32.labeled, 16777216 edges (134217728 byte)
Input: /root/cuMatch/scratch/LGF/el32_tmp/130/130-186-1.el32.labeled [GBID: 130, 186, 1] [EDGE LABEL: HAS_CREATOR]
dmesg > labeled_grid_generator.cpp:458
Converting /root/cuMatch/scratch/LGF/el32_tmp/130/130-186-1.el32.labeled, 16777216 edges (134217728 byte)
Input: /root/cuMatch/scratch/LGF/el32_tmp/131/131-186-1.el32.labeled [GBID: 131, 186, 1] [EDGE LABEL: HAS_CREATOR]
dmesg > labeled_grid_generator.cpp:458
Converting /root/cuMatch/scratch/LGF/el32_tmp/131/131-186-1.el32.labeled, 16777216 edges (134217728 byte)
Input: /root/cuMatch/scratch/LGF/el32_tmp/132/132-186-1.el32.labeled [GBID: 132, 186, 1] [EDGE LABEL: HAS_CREATOR]
dmesg > labeled_grid_generator.cpp:458
Converting /root/cuMatch/scratch/LGF/el32_tmp/132/132-186-1.el32.labeled, 16777216 edges (134217728 byte)
Input: /root/cuMatch/scratch/LGF/el32_tmp/133/133-186-1.el32.labeled [GBID: 133, 186, 1] [EDGE LABEL: HAS_CREATOR]
dmesg > labeled_grid_generator.cpp:458
Converting /root/cuMatch/scratch/LGF/el32_tmp/133/133-186-1.el32.labeled, 16777216 edges (134217728 byte)
Input: /root/cuMatch/scratch/LGF/el32_tmp/134/134-186-1.el32.labeled [GBID: 134, 186, 1] [EDGE LABEL: HAS_CREATOR]
dmesg > labeled_grid_generator.cpp:458
Converting /root/cuMatch/scratch/LGF/el32_tmp/134/134-186-1.el32.labeled, 16777216 edges (134217728 byte)
Input: /root/cuMatch/scratch/LGF/el32_tmp/135/135-186-1.el32.labeled [GBID: 135, 186, 1] [EDGE LABEL: HAS_CREATOR]
dmesg > labeled_grid_generator.cpp:458
Converting /root/cuMatch/scratch/LGF/el32_tmp/135/135-186-1.el32.labeled, 16777216 edges (134217728 byte)
Input: /root/cuMatch/scratch/LGF/el32_tmp/136/136-186-1.el32.labeled [GBID: 136, 186, 1] [EDGE LABEL: HAS_CREATOR]
dmesg > labeled_grid_generator.cpp:458
Converting /root/cuMatch/scratch/LGF/el32_tmp/136/136-186-1.el32.labeled, 16777216 edges (134217728 byte)
Input: /root/cuMatch/scratch/LGF/el32_tmp/137/137-186-1.el32.labeled [GBID: 137, 186, 1] [EDGE LABEL: HAS_CREATOR]
dmesg > labeled_grid_generator.cpp:458
Converting /root/cuMatch/scratch/LGF/el32_tmp/137/137-186-1.el32.labeled, 16777216 edges (134217728 byte)
Input: /root/cuMatch/scratch/LGF/el32_tmp/138/138-186-1.el32.labeled [GBID: 138, 186, 1] [EDGE LABEL: HAS_CREATOR]
dmesg > labeled_grid_generator.cpp:458
Converting /root/cuMatch/scratch/LGF/el32_tmp/138/138-186-1.el32.labeled, 16777216 edges (134217728 byte)
Input: /root/cuMatch/scratch/LGF/el32_tmp/139/139-186-1.el32.labeled [GBID: 139, 186, 1] [EDGE LABEL: HAS_CREATOR]
dmesg > labeled_grid_generator.cpp:458
Converting /root/cuMatch/scratch/LGF/el32_tmp/139/139-186-1.el32.labeled, 16777216 edges (134217728 byte)
Input: /root/cuMatch/scratch/LGF/el32_tmp/140/140-186-1.el32.labeled [GBID: 140, 186, 1] [EDGE LABEL: HAS_CREATOR]
dmesg > labeled_grid_generator.cpp:458
Converting /root/cuMatch/scratch/LGF/el32_tmp/140/140-186-1.el32.labeled, 16777216 edges (134217728 byte)
Input: /root/cuMatch/scratch/LGF/el32_tmp/141/141-186-1.el32.labeled [GBID: 141, 186, 1] [EDGE LABEL: HAS_CREATOR]
dmesg > labeled_grid_generator.cpp:458
Converting /root/cuMatch/scratch/LGF/el32_tmp/141/141-186-1.el32.labeled, 16777216 edges (134217728 byte)
Input: /root/cuMatch/scratch/LGF/el32_tmp/142/142-186-1.el32.labeled [GBID: 142, 186, 1] [EDGE LABEL: HAS_CREATOR]
dmesg > labeled_grid_generator.cpp:458
Converting /root/cuMatch/scratch/LGF/el32_tmp/142/142-186-1.el32.labeled, 16777216 edges (134217728 byte)
Input: /root/cuMatch/scratch/LGF/el32_tmp/143/143-186-1.el32.labeled [GBID: 143, 186, 1] [EDGE LABEL: HAS_CREATOR]
dmesg > labeled_grid_generator.cpp:458
Converting /root/cuMatch/scratch/LGF/el32_tmp/143/143-186-1.el32.labeled, 16777216 edges (134217728 byte)
Input: /root/cuMatch/scratch/LGF/el32_tmp/144/144-186-1.el32.labeled [GBID: 144, 186, 1] [EDGE LABEL: HAS_CREATOR]
dmesg > labeled_grid_generator.cpp:458
Converting /root/cuMatch/scratch/LGF/el32_tmp/144/144-186-1.el32.labeled, 16777216 edges (134217728 byte)
Input: /root/cuMatch/scratch/LGF/el32_tmp/145/145-186-1.el32.labeled [GBID: 145, 186, 1] [EDGE LABEL: HAS_CREATOR]
dmesg > labeled_grid_generator.cpp:458
Converting /root/cuMatch/scratch/LGF/el32_tmp/145/145-186-1.el32.labeled, 16777216 edges (134217728 byte)
Input: /root/cuMatch/scratch/LGF/el32_tmp/146/146-186-1.el32.labeled [GBID: 146, 186, 1] [EDGE LABEL: HAS_CREATOR]
dmesg > labeled_grid_generator.cpp:458
Converting /root/cuMatch/scratch/LGF/el32_tmp/146/146-186-1.el32.labeled, 16777216 edges (134217728 byte)
Input: /root/cuMatch/scratch/LGF/el32_tmp/147/147-186-1.el32.labeled [GBID: 147, 186, 1] [EDGE LABEL: HAS_CREATOR]
dmesg > labeled_grid_generator.cpp:458
Converting /root/cuMatch/scratch/LGF/el32_tmp/147/147-186-1.el32.labeled, 16777216 edges (134217728 byte)
Input: /root/cuMatch/scratch/LGF/el32_tmp/148/148-186-1.el32.labeled [GBID: 148, 186, 1] [EDGE LABEL: HAS_CREATOR]
dmesg > labeled_grid_generator.cpp:458
Converting /root/cuMatch/scratch/LGF/el32_tmp/148/148-186-1.el32.labeled, 16777216 edges (134217728 byte)
Input: /root/cuMatch/scratch/LGF/el32_tmp/149/149-186-1.el32.labeled [GBID: 149, 186, 1] [EDGE LABEL: HAS_CREATOR]
dmesg > labeled_grid_generator.cpp:458
Converting /root/cuMatch/scratch/LGF/el32_tmp/149/149-186-1.el32.labeled, 16777216 edges (134217728 byte)
Input: /root/cuMatch/scratch/LGF/el32_tmp/150/150-186-1.el32.labeled [GBID: 150, 186, 1] [EDGE LABEL: HAS_CREATOR]
dmesg > labeled_grid_generator.cpp:458
Converting /root/cuMatch/scratch/LGF/el32_tmp/150/150-186-1.el32.labeled, 16777216 edges (134217728 byte)
Input: /root/cuMatch/scratch/LGF/el32_tmp/151/151-186-1.el32.labeled [GBID: 151, 186, 1] [EDGE LABEL: HAS_CREATOR]
dmesg > labeled_grid_generator.cpp:458
Converting /root/cuMatch/scratch/LGF/el32_tmp/151/151-186-1.el32.labeled, 3801673 edges (30413384 byte)
Input: /root/cuMatch/scratch/LGF/el32_tmp/152/152-186-1.el32.labeled [GBID: 152, 186, 1] [EDGE LABEL: HAS_CREATOR]
dmesg > labeled_grid_generator.cpp:458
Converting /root/cuMatch/scratch/LGF/el32_tmp/152/152-186-1.el32.labeled, 16777216 edges (134217728 byte)
Input: /root/cuMatch/scratch/LGF/el32_tmp/153/153-186-1.el32.labeled [GBID: 153, 186, 1] [EDGE LABEL: HAS_CREATOR]
dmesg > labeled_grid_generator.cpp:458
Converting /root/cuMatch/scratch/LGF/el32_tmp/153/153-186-1.el32.labeled, 16777216 edges (134217728 byte)
Input: /root/cuMatch/scratch/LGF/el32_tmp/154/154-186-1.el32.labeled [GBID: 154, 186, 1] [EDGE LABEL: HAS_CREATOR]
dmesg > labeled_grid_generator.cpp:458
Converting /root/cuMatch/scratch/LGF/el32_tmp/154/154-186-1.el32.labeled, 16777216 edges (134217728 byte)
Input: /root/cuMatch/scratch/LGF/el32_tmp/155/155-186-1.el32.labeled [GBID: 155, 186, 1] [EDGE LABEL: HAS_CREATOR]
dmesg > labeled_grid_generator.cpp:458
Converting /root/cuMatch/scratch/LGF/el32_tmp/155/155-186-1.el32.labeled, 16777216 edges (134217728 byte)
Input: /root/cuMatch/scratch/LGF/el32_tmp/156/156-186-1.el32.labeled [GBID: 156, 186, 1] [EDGE LABEL: HAS_CREATOR]
dmesg > labeled_grid_generator.cpp:458
Converting /root/cuMatch/scratch/LGF/el32_tmp/156/156-186-1.el32.labeled, 16777216 edges (134217728 byte)
Input: /root/cuMatch/scratch/LGF/el32_tmp/157/157-186-1.el32.labeled [GBID: 157, 186, 1] [EDGE LABEL: HAS_CREATOR]
dmesg > labeled_grid_generator.cpp:458
Converting /root/cuMatch/scratch/LGF/el32_tmp/157/157-186-1.el32.labeled, 16777216 edges (134217728 byte)
Input: /root/cuMatch/scratch/LGF/el32_tmp/158/158-186-1.el32.labeled [GBID: 158, 186, 1] [EDGE LABEL: HAS_CREATOR]
dmesg > labeled_grid_generator.cpp:458
Converting /root/cuMatch/scratch/LGF/el32_tmp/158/158-186-1.el32.labeled, 16777216 edges (134217728 byte)
Input: /root/cuMatch/scratch/LGF/el32_tmp/159/159-186-1.el32.labeled [GBID: 159, 186, 1] [EDGE LABEL: HAS_CREATOR]
dmesg > labeled_grid_generator.cpp:458
Converting /root/cuMatch/scratch/LGF/el32_tmp/159/159-186-1.el32.labeled, 16777216 edges (134217728 byte)
Input: /root/cuMatch/scratch/LGF/el32_tmp/160/160-186-1.el32.labeled [GBID: 160, 186, 1] [EDGE LABEL: HAS_CREATOR]
dmesg > labeled_grid_generator.cpp:458
Converting /root/cuMatch/scratch/LGF/el32_tmp/160/160-186-1.el32.labeled, 16777216 edges (134217728 byte)
Input: /root/cuMatch/scratch/LGF/el32_tmp/161/161-186-1.el32.labeled [GBID: 161, 186, 1] [EDGE LABEL: HAS_CREATOR]
dmesg > labeled_grid_generator.cpp:458
Converting /root/cuMatch/scratch/LGF/el32_tmp/161/161-186-1.el32.labeled, 16777216 edges (134217728 byte)
Input: /root/cuMatch/scratch/LGF/el32_tmp/162/162-186-1.el32.labeled [GBID: 162, 186, 1] [EDGE LABEL: HAS_CREATOR]
dmesg > labeled_grid_generator.cpp:458
Converting /root/cuMatch/scratch/LGF/el32_tmp/162/162-186-1.el32.labeled, 16777216 edges (134217728 byte)
Input: /root/cuMatch/scratch/LGF/el32_tmp/163/163-186-1.el32.labeled [GBID: 163, 186, 1] [EDGE LABEL: HAS_CREATOR]
dmesg > labeled_grid_generator.cpp:458
Converting /root/cuMatch/scratch/LGF/el32_tmp/163/163-186-1.el32.labeled, 16777216 edges (134217728 byte)
Input: /root/cuMatch/scratch/LGF/el32_tmp/164/164-186-1.el32.labeled [GBID: 164, 186, 1] [EDGE LABEL: HAS_CREATOR]
dmesg > labeled_grid_generator.cpp:458
Converting /root/cuMatch/scratch/LGF/el32_tmp/164/164-186-1.el32.labeled, 16777216 edges (134217728 byte)
Input: /root/cuMatch/scratch/LGF/el32_tmp/165/165-186-1.el32.labeled [GBID: 165, 186, 1] [EDGE LABEL: HAS_CREATOR]
dmesg > labeled_grid_generator.cpp:458
Converting /root/cuMatch/scratch/LGF/el32_tmp/165/165-186-1.el32.labeled, 16777216 edges (134217728 byte)
Input: /root/cuMatch/scratch/LGF/el32_tmp/166/166-186-1.el32.labeled [GBID: 166, 186, 1] [EDGE LABEL: HAS_CREATOR]
dmesg > labeled_grid_generator.cpp:458
Converting /root/cuMatch/scratch/LGF/el32_tmp/166/166-186-1.el32.labeled, 16777216 edges (134217728 byte)
Input: /root/cuMatch/scratch/LGF/el32_tmp/167/167-186-1.el32.labeled [GBID: 167, 186, 1] [EDGE LABEL: HAS_CREATOR]
dmesg > labeled_grid_generator.cpp:458
Converting /root/cuMatch/scratch/LGF/el32_tmp/167/167-186-1.el32.labeled, 16777216 edges (134217728 byte)
Input: /root/cuMatch/scratch/LGF/el32_tmp/168/168-186-1.el32.labeled [GBID: 168, 186, 1] [EDGE LABEL: HAS_CREATOR]
dmesg > labeled_grid_generator.cpp:458
Converting /root/cuMatch/scratch/LGF/el32_tmp/168/168-186-1.el32.labeled, 16777216 edges (134217728 byte)
Input: /root/cuMatch/scratch/LGF/el32_tmp/169/169-186-1.el32.labeled [GBID: 169, 186, 1] [EDGE LABEL: HAS_CREATOR]
dmesg > labeled_grid_generator.cpp:458
Converting /root/cuMatch/scratch/LGF/el32_tmp/169/169-186-1.el32.labeled, 16777216 edges (134217728 byte)
Input: /root/cuMatch/scratch/LGF/el32_tmp/170/170-186-1.el32.labeled [GBID: 170, 186, 1] [EDGE LABEL: HAS_CREATOR]
dmesg > labeled_grid_generator.cpp:458
Converting /root/cuMatch/scratch/LGF/el32_tmp/170/170-186-1.el32.labeled, 16777216 edges (134217728 byte)
Input: /root/cuMatch/scratch/LGF/el32_tmp/171/171-186-1.el32.labeled [GBID: 171, 186, 1] [EDGE LABEL: HAS_CREATOR]
dmesg > labeled_grid_generator.cpp:458
Converting /root/cuMatch/scratch/LGF/el32_tmp/171/171-186-1.el32.labeled, 16777216 edges (134217728 byte)
Input: /root/cuMatch/scratch/LGF/el32_tmp/172/172-186-1.el32.labeled [GBID: 172, 186, 1] [EDGE LABEL: HAS_CREATOR]
dmesg > labeled_grid_generator.cpp:458
Converting /root/cuMatch/scratch/LGF/el32_tmp/172/172-186-1.el32.labeled, 16777216 edges (134217728 byte)
Input: /root/cuMatch/scratch/LGF/el32_tmp/173/173-186-1.el32.labeled [GBID: 173, 186, 1] [EDGE LABEL: HAS_CREATOR]
dmesg > labeled_grid_generator.cpp:458
Converting /root/cuMatch/scratch/LGF/el32_tmp/173/173-186-1.el32.labeled, 16777216 edges (134217728 byte)
Input: /root/cuMatch/scratch/LGF/el32_tmp/174/174-186-1.el32.labeled [GBID: 174, 186, 1] [EDGE LABEL: HAS_CREATOR]
dmesg > labeled_grid_generator.cpp:458
Converting /root/cuMatch/scratch/LGF/el32_tmp/174/174-186-1.el32.labeled, 16777216 edges (134217728 byte)
Input: /root/cuMatch/scratch/LGF/el32_tmp/175/175-186-1.el32.labeled [GBID: 175, 186, 1] [EDGE LABEL: HAS_CREATOR]
dmesg > labeled_grid_generator.cpp:458
Converting /root/cuMatch/scratch/LGF/el32_tmp/175/175-186-1.el32.labeled, 16777216 edges (134217728 byte)
Input: /root/cuMatch/scratch/LGF/el32_tmp/176/176-186-1.el32.labeled [GBID: 176, 186, 1] [EDGE LABEL: HAS_CREATOR]
dmesg > labeled_grid_generator.cpp:458
Converting /root/cuMatch/scratch/LGF/el32_tmp/176/176-186-1.el32.labeled, 16777216 edges (134217728 byte)
Input: /root/cuMatch/scratch/LGF/el32_tmp/177/177-186-1.el32.labeled [GBID: 177, 186, 1] [EDGE LABEL: HAS_CREATOR]
dmesg > labeled_grid_generator.cpp:458
Converting /root/cuMatch/scratch/LGF/el32_tmp/177/177-186-1.el32.labeled, 16777216 edges (134217728 byte)
Input: /root/cuMatch/scratch/LGF/el32_tmp/178/178-186-1.el32.labeled [GBID: 178, 186, 1] [EDGE LABEL: HAS_CREATOR]
dmesg > labeled_grid_generator.cpp:458
Converting /root/cuMatch/scratch/LGF/el32_tmp/178/178-186-1.el32.labeled, 16777216 edges (134217728 byte)
Input: /root/cuMatch/scratch/LGF/el32_tmp/179/179-186-1.el32.labeled [GBID: 179, 186, 1] [EDGE LABEL: HAS_CREATOR]
dmesg > labeled_grid_generator.cpp:458
Converting /root/cuMatch/scratch/LGF/el32_tmp/179/179-186-1.el32.labeled, 16777216 edges (134217728 byte)
Input: /root/cuMatch/scratch/LGF/el32_tmp/180/180-186-1.el32.labeled [GBID: 180, 186, 1] [EDGE LABEL: HAS_CREATOR]
dmesg > labeled_grid_generator.cpp:458
Converting /root/cuMatch/scratch/LGF/el32_tmp/180/180-186-1.el32.labeled, 16777216 edges (134217728 byte)
Input: /root/cuMatch/scratch/LGF/el32_tmp/181/181-186-1.el32.labeled [GBID: 181, 186, 1] [EDGE LABEL: HAS_CREATOR]
dmesg > labeled_grid_generator.cpp:458
Converting /root/cuMatch/scratch/LGF/el32_tmp/181/181-186-1.el32.labeled, 16777216 edges (134217728 byte)
Input: /root/cuMatch/scratch/LGF/el32_tmp/182/182-186-1.el32.labeled [GBID: 182, 186, 1] [EDGE LABEL: HAS_CREATOR]
dmesg > labeled_grid_generator.cpp:458
Converting /root/cuMatch/scratch/LGF/el32_tmp/182/182-186-1.el32.labeled, 16777216 edges (134217728 byte)
Input: /root/cuMatch/scratch/LGF/el32_tmp/183/183-186-1.el32.labeled [GBID: 183, 186, 1] [EDGE LABEL: HAS_CREATOR]
dmesg > labeled_grid_generator.cpp:458
Converting /root/cuMatch/scratch/LGF/el32_tmp/183/183-186-1.el32.labeled, 16777216 edges (134217728 byte)
Input: /root/cuMatch/scratch/LGF/el32_tmp/184/184-186-1.el32.labeled [GBID: 184, 186, 1] [EDGE LABEL: HAS_CREATOR]
dmesg > labeled_grid_generator.cpp:458
Converting /root/cuMatch/scratch/LGF/el32_tmp/184/184-186-1.el32.labeled, 16777216 edges (134217728 byte)
Input: /root/cuMatch/scratch/LGF/el32_tmp/185/185-186-1.el32.labeled [GBID: 185, 186, 1] [EDGE LABEL: HAS_CREATOR]
dmesg > labeled_grid_generator.cpp:458
Converting /root/cuMatch/scratch/LGF/el32_tmp/185/185-186-1.el32.labeled, 9385506 edges (75084048 byte)
Input: /root/cuMatch/scratch/LGF/el32_tmp/186/186-186-10.el32.labeled [GBID: 186, 186, 10] [EDGE LABEL: KNOWS]
dmesg > labeled_grid_generator.cpp:458
Converting /root/cuMatch/scratch/LGF/el32_tmp/186/186-186-10.el32.labeled, 466566202 edges (3732529616 byte)
Input: /root/cuMatch/scratch/LGF/el32_tmp/4/4-187-5.el32.labeled [GBID: 4, 187, 5] [EDGE LABEL: HAS_TAG]
dmesg > labeled_grid_generator.cpp:458
Converting /root/cuMatch/scratch/LGF/el32_tmp/4/4-187-5.el32.labeled, 54117965 edges (432943720 byte)
Input: /root/cuMatch/scratch/LGF/el32_tmp/5/5-187-5.el32.labeled [GBID: 5, 187, 5] [EDGE LABEL: HAS_TAG]
dmesg > labeled_grid_generator.cpp:458
Converting /root/cuMatch/scratch/LGF/el32_tmp/5/5-187-5.el32.labeled, 54603898 edges (436831184 byte)
Input: /root/cuMatch/scratch/LGF/el32_tmp/6/6-187-5.el32.labeled [GBID: 6, 187, 5] [EDGE LABEL: HAS_TAG]
dmesg > labeled_grid_generator.cpp:458
Converting /root/cuMatch/scratch/LGF/el32_tmp/6/6-187-5.el32.labeled, 7996193 edges (63969544 byte)
Input: /root/cuMatch/scratch/LGF/el32_tmp/7/7-187-5.el32.labeled [GBID: 7, 187, 5] [EDGE LABEL: HAS_TAG]
dmesg > labeled_grid_generator.cpp:458
Converting /root/cuMatch/scratch/LGF/el32_tmp/7/7-187-5.el32.labeled, 21208782 edges (169670256 byte)
Input: /root/cuMatch/scratch/LGF/el32_tmp/8/8-187-5.el32.labeled [GBID: 8, 187, 5] [EDGE LABEL: HAS_TAG]
dmesg > labeled_grid_generator.cpp:458
Converting /root/cuMatch/scratch/LGF/el32_tmp/8/8-187-5.el32.labeled, 21401438 edges (171211504 byte)
Input: /root/cuMatch/scratch/LGF/el32_tmp/9/9-187-5.el32.labeled [GBID: 9, 187, 5] [EDGE LABEL: HAS_TAG]
dmesg > labeled_grid_generator.cpp:458
Converting /root/cuMatch/scratch/LGF/el32_tmp/9/9-187-5.el32.labeled, 21508068 edges (172064544 byte)
Input: /root/cuMatch/scratch/LGF/el32_tmp/10/10-187-5.el32.labeled [GBID: 10, 187, 5] [EDGE LABEL: HAS_TAG]
dmesg > labeled_grid_generator.cpp:458
Converting /root/cuMatch/scratch/LGF/el32_tmp/10/10-187-5.el32.labeled, 20958293 edges (167666344 byte)
Input: /root/cuMatch/scratch/LGF/el32_tmp/11/11-187-5.el32.labeled [GBID: 11, 187, 5] [EDGE LABEL: HAS_TAG]
dmesg > labeled_grid_generator.cpp:458
Converting /root/cuMatch/scratch/LGF/el32_tmp/11/11-187-5.el32.labeled, 21576321 edges (172610568 byte)
Input: /root/cuMatch/scratch/LGF/el32_tmp/12/12-187-5.el32.labeled [GBID: 12, 187, 5] [EDGE LABEL: HAS_TAG]
dmesg > labeled_grid_generator.cpp:458
Converting /root/cuMatch/scratch/LGF/el32_tmp/12/12-187-5.el32.labeled, 21736552 edges (173892416 byte)
Input: /root/cuMatch/scratch/LGF/el32_tmp/13/13-187-5.el32.labeled [GBID: 13, 187, 5] [EDGE LABEL: HAS_TAG]
dmesg > labeled_grid_generator.cpp:458
Converting /root/cuMatch/scratch/LGF/el32_tmp/13/13-187-5.el32.labeled, 21512741 edges (172101928 byte)
Input: /root/cuMatch/scratch/LGF/el32_tmp/14/14-187-5.el32.labeled [GBID: 14, 187, 5] [EDGE LABEL: HAS_TAG]
dmesg > labeled_grid_generator.cpp:458
Converting /root/cuMatch/scratch/LGF/el32_tmp/14/14-187-5.el32.labeled, 21005908 edges (168047264 byte)
Input: /root/cuMatch/scratch/LGF/el32_tmp/15/15-187-5.el32.labeled [GBID: 15, 187, 5] [EDGE LABEL: HAS_TAG]
dmesg > labeled_grid_generator.cpp:458
Converting /root/cuMatch/scratch/LGF/el32_tmp/15/15-187-5.el32.labeled, 21681497 edges (173451976 byte)
Input: /root/cuMatch/scratch/LGF/el32_tmp/16/16-187-5.el32.labeled [GBID: 16, 187, 5] [EDGE LABEL: HAS_TAG]
dmesg > labeled_grid_generator.cpp:458
Converting /root/cuMatch/scratch/LGF/el32_tmp/16/16-187-5.el32.labeled, 21536311 edges (172290488 byte)
Input: /root/cuMatch/scratch/LGF/el32_tmp/17/17-187-5.el32.labeled [GBID: 17, 187, 5] [EDGE LABEL: HAS_TAG]
dmesg > labeled_grid_generator.cpp:458
Converting /root/cuMatch/scratch/LGF/el32_tmp/17/17-187-5.el32.labeled, 21584151 edges (172673208 byte)
Input: /root/cuMatch/scratch/LGF/el32_tmp/18/18-187-5.el32.labeled [GBID: 18, 187, 5] [EDGE LABEL: HAS_TAG]
dmesg > labeled_grid_generator.cpp:458
Converting /root/cuMatch/scratch/LGF/el32_tmp/18/18-187-5.el32.labeled, 21452043 edges (171616344 byte)
Input: /root/cuMatch/scratch/LGF/el32_tmp/19/19-187-5.el32.labeled [GBID: 19, 187, 5] [EDGE LABEL: HAS_TAG]
dmesg > labeled_grid_generator.cpp:458
Converting /root/cuMatch/scratch/LGF/el32_tmp/19/19-187-5.el32.labeled, 21263445 edges (170107560 byte)
Input: /root/cuMatch/scratch/LGF/el32_tmp/20/20-187-5.el32.labeled [GBID: 20, 187, 5] [EDGE LABEL: HAS_TAG]
dmesg > labeled_grid_generator.cpp:458
Converting /root/cuMatch/scratch/LGF/el32_tmp/20/20-187-5.el32.labeled, 21560257 edges (172482056 byte)
Input: /root/cuMatch/scratch/LGF/el32_tmp/21/21-187-5.el32.labeled [GBID: 21, 187, 5] [EDGE LABEL: HAS_TAG]
dmesg > labeled_grid_generator.cpp:458
Converting /root/cuMatch/scratch/LGF/el32_tmp/21/21-187-5.el32.labeled, 20978158 edges (167825264 byte)
Input: /root/cuMatch/scratch/LGF/el32_tmp/22/22-187-5.el32.labeled [GBID: 22, 187, 5] [EDGE LABEL: HAS_TAG]
dmesg > labeled_grid_generator.cpp:458
Converting /root/cuMatch/scratch/LGF/el32_tmp/22/22-187-5.el32.labeled, 21583220 edges (172665760 byte)
Input: /root/cuMatch/scratch/LGF/el32_tmp/23/23-187-5.el32.labeled [GBID: 23, 187, 5] [EDGE LABEL: HAS_TAG]
dmesg > labeled_grid_generator.cpp:458
Converting /root/cuMatch/scratch/LGF/el32_tmp/23/23-187-5.el32.labeled, 21273347 edges (170186776 byte)
Input: /root/cuMatch/scratch/LGF/el32_tmp/24/24-187-5.el32.labeled [GBID: 24, 187, 5] [EDGE LABEL: HAS_TAG]
dmesg > labeled_grid_generator.cpp:458
Converting /root/cuMatch/scratch/LGF/el32_tmp/24/24-187-5.el32.labeled, 21116875 edges (168935000 byte)
Input: /root/cuMatch/scratch/LGF/el32_tmp/25/25-187-5.el32.labeled [GBID: 25, 187, 5] [EDGE LABEL: HAS_TAG]
dmesg > labeled_grid_generator.cpp:458
Converting /root/cuMatch/scratch/LGF/el32_tmp/25/25-187-5.el32.labeled, 21267423 edges (170139384 byte)
Input: /root/cuMatch/scratch/LGF/el32_tmp/26/26-187-5.el32.labeled [GBID: 26, 187, 5] [EDGE LABEL: HAS_TAG]
dmesg > labeled_grid_generator.cpp:458
Converting /root/cuMatch/scratch/LGF/el32_tmp/26/26-187-5.el32.labeled, 21522702 edges (172181616 byte)
Input: /root/cuMatch/scratch/LGF/el32_tmp/27/27-187-5.el32.labeled [GBID: 27, 187, 5] [EDGE LABEL: HAS_TAG]
dmesg > labeled_grid_generator.cpp:458
Converting /root/cuMatch/scratch/LGF/el32_tmp/27/27-187-5.el32.labeled, 21604777 edges (172838216 byte)
Input: /root/cuMatch/scratch/LGF/el32_tmp/28/28-187-5.el32.labeled [GBID: 28, 187, 5] [EDGE LABEL: HAS_TAG]
dmesg > labeled_grid_generator.cpp:458
Converting /root/cuMatch/scratch/LGF/el32_tmp/28/28-187-5.el32.labeled, 21252568 edges (170020544 byte)
Input: /root/cuMatch/scratch/LGF/el32_tmp/29/29-187-5.el32.labeled [GBID: 29, 187, 5] [EDGE LABEL: HAS_TAG]
dmesg > labeled_grid_generator.cpp:458
Converting /root/cuMatch/scratch/LGF/el32_tmp/29/29-187-5.el32.labeled, 21514258 edges (172114064 byte)
Input: /root/cuMatch/scratch/LGF/el32_tmp/30/30-187-5.el32.labeled [GBID: 30, 187, 5] [EDGE LABEL: HAS_TAG]
dmesg > labeled_grid_generator.cpp:458
Converting /root/cuMatch/scratch/LGF/el32_tmp/30/30-187-5.el32.labeled, 21302254 edges (170418032 byte)
Input: /root/cuMatch/scratch/LGF/el32_tmp/31/31-187-5.el32.labeled [GBID: 31, 187, 5] [EDGE LABEL: HAS_TAG]
dmesg > labeled_grid_generator.cpp:458
Converting /root/cuMatch/scratch/LGF/el32_tmp/31/31-187-5.el32.labeled, 20993930 edges (167951440 byte)
Input: /root/cuMatch/scratch/LGF/el32_tmp/32/32-187-5.el32.labeled [GBID: 32, 187, 5] [EDGE LABEL: HAS_TAG]
dmesg > labeled_grid_generator.cpp:458
Converting /root/cuMatch/scratch/LGF/el32_tmp/32/32-187-5.el32.labeled, 21625935 edges (173007480 byte)
Input: /root/cuMatch/scratch/LGF/el32_tmp/33/33-187-5.el32.labeled [GBID: 33, 187, 5] [EDGE LABEL: HAS_TAG]
dmesg > labeled_grid_generator.cpp:458
Converting /root/cuMatch/scratch/LGF/el32_tmp/33/33-187-5.el32.labeled, 21584360 edges (172674880 byte)
Input: /root/cuMatch/scratch/LGF/el32_tmp/34/34-187-5.el32.labeled [GBID: 34, 187, 5] [EDGE LABEL: HAS_TAG]
dmesg > labeled_grid_generator.cpp:458
Converting /root/cuMatch/scratch/LGF/el32_tmp/34/34-187-5.el32.labeled, 21343785 edges (170750280 byte)
Input: /root/cuMatch/scratch/LGF/el32_tmp/35/35-187-5.el32.labeled [GBID: 35, 187, 5] [EDGE LABEL: HAS_TAG]
dmesg > labeled_grid_generator.cpp:458
Converting /root/cuMatch/scratch/LGF/el32_tmp/35/35-187-5.el32.labeled, 21161859 edges (169294872 byte)
Input: /root/cuMatch/scratch/LGF/el32_tmp/36/36-187-5.el32.labeled [GBID: 36, 187, 5] [EDGE LABEL: HAS_TAG]
dmesg > labeled_grid_generator.cpp:458
Converting /root/cuMatch/scratch/LGF/el32_tmp/36/36-187-5.el32.labeled, 21357594 edges (170860752 byte)
Input: /root/cuMatch/scratch/LGF/el32_tmp/37/37-187-5.el32.labeled [GBID: 37, 187, 5] [EDGE LABEL: HAS_TAG]
dmesg > labeled_grid_generator.cpp:458
Converting /root/cuMatch/scratch/LGF/el32_tmp/37/37-187-5.el32.labeled, 21414829 edges (171318632 byte)
Input: /root/cuMatch/scratch/LGF/el32_tmp/38/38-187-5.el32.labeled [GBID: 38, 187, 5] [EDGE LABEL: HAS_TAG]
dmesg > labeled_grid_generator.cpp:458
Converting /root/cuMatch/scratch/LGF/el32_tmp/38/38-187-5.el32.labeled, 21670019 edges (173360152 byte)
Input: /root/cuMatch/scratch/LGF/el32_tmp/39/39-187-5.el32.labeled [GBID: 39, 187, 5] [EDGE LABEL: HAS_TAG]
dmesg > labeled_grid_generator.cpp:458
Converting /root/cuMatch/scratch/LGF/el32_tmp/39/39-187-5.el32.labeled, 21167342 edges (169338736 byte)
Input: /root/cuMatch/scratch/LGF/el32_tmp/40/40-187-5.el32.labeled [GBID: 40, 187, 5] [EDGE LABEL: HAS_TAG]
dmesg > labeled_grid_generator.cpp:458
Converting /root/cuMatch/scratch/LGF/el32_tmp/40/40-187-5.el32.labeled, 21181193 edges (169449544 byte)
Input: /root/cuMatch/scratch/LGF/el32_tmp/41/41-187-5.el32.labeled [GBID: 41, 187, 5] [EDGE LABEL: HAS_TAG]
dmesg > labeled_grid_generator.cpp:458
Converting /root/cuMatch/scratch/LGF/el32_tmp/41/41-187-5.el32.labeled, 21635001 edges (173080008 byte)
Input: /root/cuMatch/scratch/LGF/el32_tmp/42/42-187-5.el32.labeled [GBID: 42, 187, 5] [EDGE LABEL: HAS_TAG]
dmesg > labeled_grid_generator.cpp:458
Converting /root/cuMatch/scratch/LGF/el32_tmp/42/42-187-5.el32.labeled, 21407213 edges (171257704 byte)
Input: /root/cuMatch/scratch/LGF/el32_tmp/43/43-187-5.el32.labeled [GBID: 43, 187, 5] [EDGE LABEL: HAS_TAG]
dmesg > labeled_grid_generator.cpp:458
Converting /root/cuMatch/scratch/LGF/el32_tmp/43/43-187-5.el32.labeled, 21297762 edges (170382096 byte)
Input: /root/cuMatch/scratch/LGF/el32_tmp/44/44-187-5.el32.labeled [GBID: 44, 187, 5] [EDGE LABEL: HAS_TAG]
dmesg > labeled_grid_generator.cpp:458
Converting /root/cuMatch/scratch/LGF/el32_tmp/44/44-187-5.el32.labeled, 20849531 edges (166796248 byte)
Input: /root/cuMatch/scratch/LGF/el32_tmp/45/45-187-5.el32.labeled [GBID: 45, 187, 5] [EDGE LABEL: HAS_TAG]
dmesg > labeled_grid_generator.cpp:458
Converting /root/cuMatch/scratch/LGF/el32_tmp/45/45-187-5.el32.labeled, 21596377 edges (172771016 byte)
Input: /root/cuMatch/scratch/LGF/el32_tmp/46/46-187-5.el32.labeled [GBID: 46, 187, 5] [EDGE LABEL: HAS_TAG]
dmesg > labeled_grid_generator.cpp:458
Converting /root/cuMatch/scratch/LGF/el32_tmp/46/46-187-5.el32.labeled, 21259925 edges (170079400 byte)
Input: /root/cuMatch/scratch/LGF/el32_tmp/47/47-187-5.el32.labeled [GBID: 47, 187, 5] [EDGE LABEL: HAS_TAG]
dmesg > labeled_grid_generator.cpp:458
Converting /root/cuMatch/scratch/LGF/el32_tmp/47/47-187-5.el32.labeled, 21294147 edges (170353176 byte)
Input: /root/cuMatch/scratch/LGF/el32_tmp/48/48-187-5.el32.labeled [GBID: 48, 187, 5] [EDGE LABEL: HAS_TAG]
dmesg > labeled_grid_generator.cpp:458
Converting /root/cuMatch/scratch/LGF/el32_tmp/48/48-187-5.el32.labeled, 21534292 edges (172274336 byte)
Input: /root/cuMatch/scratch/LGF/el32_tmp/49/49-187-5.el32.labeled [GBID: 49, 187, 5] [EDGE LABEL: HAS_TAG]
dmesg > labeled_grid_generator.cpp:458
Converting /root/cuMatch/scratch/LGF/el32_tmp/49/49-187-5.el32.labeled, 21681622 edges (173452976 byte)
Input: /root/cuMatch/scratch/LGF/el32_tmp/50/50-187-5.el32.labeled [GBID: 50, 187, 5] [EDGE LABEL: HAS_TAG]
dmesg > labeled_grid_generator.cpp:458
Converting /root/cuMatch/scratch/LGF/el32_tmp/50/50-187-5.el32.labeled, 21223159 edges (169785272 byte)
Input: /root/cuMatch/scratch/LGF/el32_tmp/51/51-187-5.el32.labeled [GBID: 51, 187, 5] [EDGE LABEL: HAS_TAG]
dmesg > labeled_grid_generator.cpp:458
Converting /root/cuMatch/scratch/LGF/el32_tmp/51/51-187-5.el32.labeled, 21572111 edges (172576888 byte)
Input: /root/cuMatch/scratch/LGF/el32_tmp/52/52-187-5.el32.labeled [GBID: 52, 187, 5] [EDGE LABEL: HAS_TAG]
dmesg > labeled_grid_generator.cpp:458
Converting /root/cuMatch/scratch/LGF/el32_tmp/52/52-187-5.el32.labeled, 21402310 edges (171218480 byte)
Input: /root/cuMatch/scratch/LGF/el32_tmp/53/53-187-5.el32.labeled [GBID: 53, 187, 5] [EDGE LABEL: HAS_TAG]
dmesg > labeled_grid_generator.cpp:458
Converting /root/cuMatch/scratch/LGF/el32_tmp/53/53-187-5.el32.labeled, 21164603 edges (169316824 byte)
Input: /root/cuMatch/scratch/LGF/el32_tmp/54/54-187-5.el32.labeled [GBID: 54, 187, 5] [EDGE LABEL: HAS_TAG]
dmesg > labeled_grid_generator.cpp:458
Converting /root/cuMatch/scratch/LGF/el32_tmp/54/54-187-5.el32.labeled, 21305941 edges (170447528 byte)
Input: /root/cuMatch/scratch/LGF/el32_tmp/55/55-187-5.el32.labeled [GBID: 55, 187, 5] [EDGE LABEL: HAS_TAG]
dmesg > labeled_grid_generator.cpp:458
Converting /root/cuMatch/scratch/LGF/el32_tmp/55/55-187-5.el32.labeled, 21347745 edges (170781960 byte)
Input: /root/cuMatch/scratch/LGF/el32_tmp/56/56-187-5.el32.labeled [GBID: 56, 187, 5] [EDGE LABEL: HAS_TAG]
dmesg > labeled_grid_generator.cpp:458
Converting /root/cuMatch/scratch/LGF/el32_tmp/56/56-187-5.el32.labeled, 21457729 edges (171661832 byte)
Input: /root/cuMatch/scratch/LGF/el32_tmp/57/57-187-5.el32.labeled [GBID: 57, 187, 5] [EDGE LABEL: HAS_TAG]
dmesg > labeled_grid_generator.cpp:458
Converting /root/cuMatch/scratch/LGF/el32_tmp/57/57-187-5.el32.labeled, 21593062 edges (172744496 byte)
Input: /root/cuMatch/scratch/LGF/el32_tmp/58/58-187-5.el32.labeled [GBID: 58, 187, 5] [EDGE LABEL: HAS_TAG]
dmesg > labeled_grid_generator.cpp:458
Converting /root/cuMatch/scratch/LGF/el32_tmp/58/58-187-5.el32.labeled, 21654950 edges (173239600 byte)
Input: /root/cuMatch/scratch/LGF/el32_tmp/59/59-187-5.el32.labeled [GBID: 59, 187, 5] [EDGE LABEL: HAS_TAG]
dmesg > labeled_grid_generator.cpp:458
Converting /root/cuMatch/scratch/LGF/el32_tmp/59/59-187-5.el32.labeled, 21160692 edges (169285536 byte)
Input: /root/cuMatch/scratch/LGF/el32_tmp/60/60-187-5.el32.labeled [GBID: 60, 187, 5] [EDGE LABEL: HAS_TAG]
dmesg > labeled_grid_generator.cpp:458
Converting /root/cuMatch/scratch/LGF/el32_tmp/60/60-187-5.el32.labeled, 21453398 edges (171627184 byte)
Input: /root/cuMatch/scratch/LGF/el32_tmp/61/61-187-5.el32.labeled [GBID: 61, 187, 5] [EDGE LABEL: HAS_TAG]
dmesg > labeled_grid_generator.cpp:458
Converting /root/cuMatch/scratch/LGF/el32_tmp/61/61-187-5.el32.labeled, 21287077 edges (170296616 byte)
Input: /root/cuMatch/scratch/LGF/el32_tmp/62/62-187-5.el32.labeled [GBID: 62, 187, 5] [EDGE LABEL: HAS_TAG]
dmesg > labeled_grid_generator.cpp:458
Converting /root/cuMatch/scratch/LGF/el32_tmp/62/62-187-5.el32.labeled, 21195693 edges (169565544 byte)
Input: /root/cuMatch/scratch/LGF/el32_tmp/63/63-187-5.el32.labeled [GBID: 63, 187, 5] [EDGE LABEL: HAS_TAG]
dmesg > labeled_grid_generator.cpp:458
Converting /root/cuMatch/scratch/LGF/el32_tmp/63/63-187-5.el32.labeled, 21440677 edges (171525416 byte)
Input: /root/cuMatch/scratch/LGF/el32_tmp/64/64-187-5.el32.labeled [GBID: 64, 187, 5] [EDGE LABEL: HAS_TAG]
dmesg > labeled_grid_generator.cpp:458
Converting /root/cuMatch/scratch/LGF/el32_tmp/64/64-187-5.el32.labeled, 21501778 edges (172014224 byte)
Input: /root/cuMatch/scratch/LGF/el32_tmp/65/65-187-5.el32.labeled [GBID: 65, 187, 5] [EDGE LABEL: HAS_TAG]
dmesg > labeled_grid_generator.cpp:458
Converting /root/cuMatch/scratch/LGF/el32_tmp/65/65-187-5.el32.labeled, 21194356 edges (169554848 byte)
Input: /root/cuMatch/scratch/LGF/el32_tmp/66/66-187-5.el32.labeled [GBID: 66, 187, 5] [EDGE LABEL: HAS_TAG]
dmesg > labeled_grid_generator.cpp:458
Converting /root/cuMatch/scratch/LGF/el32_tmp/66/66-187-5.el32.labeled, 21203876 edges (169631008 byte)
Input: /root/cuMatch/scratch/LGF/el32_tmp/67/67-187-5.el32.labeled [GBID: 67, 187, 5] [EDGE LABEL: HAS_TAG]
dmesg > labeled_grid_generator.cpp:458
Converting /root/cuMatch/scratch/LGF/el32_tmp/67/67-187-5.el32.labeled, 21493557 edges (171948456 byte)
Input: /root/cuMatch/scratch/LGF/el32_tmp/68/68-187-5.el32.labeled [GBID: 68, 187, 5] [EDGE LABEL: HAS_TAG]
dmesg > labeled_grid_generator.cpp:458
Converting /root/cuMatch/scratch/LGF/el32_tmp/68/68-187-5.el32.labeled, 21715865 edges (173726920 byte)
Input: /root/cuMatch/scratch/LGF/el32_tmp/69/69-187-5.el32.labeled [GBID: 69, 187, 5] [EDGE LABEL: HAS_TAG]
dmesg > labeled_grid_generator.cpp:458
Converting /root/cuMatch/scratch/LGF/el32_tmp/69/69-187-5.el32.labeled, 21176623 edges (169412984 byte)
Input: /root/cuMatch/scratch/LGF/el32_tmp/70/70-187-5.el32.labeled [GBID: 70, 187, 5] [EDGE LABEL: HAS_TAG]
dmesg > labeled_grid_generator.cpp:458
Converting /root/cuMatch/scratch/LGF/el32_tmp/70/70-187-5.el32.labeled, 21535200 edges (172281600 byte)
Input: /root/cuMatch/scratch/LGF/el32_tmp/71/71-187-5.el32.labeled [GBID: 71, 187, 5] [EDGE LABEL: HAS_TAG]
dmesg > labeled_grid_generator.cpp:458
Converting /root/cuMatch/scratch/LGF/el32_tmp/71/71-187-5.el32.labeled, 21641800 edges (173134400 byte)
Input: /root/cuMatch/scratch/LGF/el32_tmp/72/72-187-5.el32.labeled [GBID: 72, 187, 5] [EDGE LABEL: HAS_TAG]
dmesg > labeled_grid_generator.cpp:458
Converting /root/cuMatch/scratch/LGF/el32_tmp/72/72-187-5.el32.labeled, 21523978 edges (172191824 byte)
Input: /root/cuMatch/scratch/LGF/el32_tmp/73/73-187-5.el32.labeled [GBID: 73, 187, 5] [EDGE LABEL: HAS_TAG]
dmesg > labeled_grid_generator.cpp:458
Converting /root/cuMatch/scratch/LGF/el32_tmp/73/73-187-5.el32.labeled, 21546074 edges (172368592 byte)
Input: /root/cuMatch/scratch/LGF/el32_tmp/74/74-187-5.el32.labeled [GBID: 74, 187, 5] [EDGE LABEL: HAS_TAG]
dmesg > labeled_grid_generator.cpp:458
Converting /root/cuMatch/scratch/LGF/el32_tmp/74/74-187-5.el32.labeled, 21072118 edges (168576944 byte)
Input: /root/cuMatch/scratch/LGF/el32_tmp/75/75-187-5.el32.labeled [GBID: 75, 187, 5] [EDGE LABEL: HAS_TAG]
dmesg > labeled_grid_generator.cpp:458
Converting /root/cuMatch/scratch/LGF/el32_tmp/75/75-187-5.el32.labeled, 21056274 edges (168450192 byte)
Input: /root/cuMatch/scratch/LGF/el32_tmp/76/76-187-5.el32.labeled [GBID: 76, 187, 5] [EDGE LABEL: HAS_TAG]
dmesg > labeled_grid_generator.cpp:458
Converting /root/cuMatch/scratch/LGF/el32_tmp/76/76-187-5.el32.labeled, 21455791 edges (171646328 byte)
Input: /root/cuMatch/scratch/LGF/el32_tmp/77/77-187-5.el32.labeled [GBID: 77, 187, 5] [EDGE LABEL: HAS_TAG]
dmesg > labeled_grid_generator.cpp:458
Converting /root/cuMatch/scratch/LGF/el32_tmp/77/77-187-5.el32.labeled, 21402049 edges (171216392 byte)
Input: /root/cuMatch/scratch/LGF/el32_tmp/78/78-187-5.el32.labeled [GBID: 78, 187, 5] [EDGE LABEL: HAS_TAG]
dmesg > labeled_grid_generator.cpp:458
Converting /root/cuMatch/scratch/LGF/el32_tmp/78/78-187-5.el32.labeled, 21313208 edges (170505664 byte)
Input: /root/cuMatch/scratch/LGF/el32_tmp/79/79-187-5.el32.labeled [GBID: 79, 187, 5] [EDGE LABEL: HAS_TAG]
dmesg > labeled_grid_generator.cpp:458
Converting /root/cuMatch/scratch/LGF/el32_tmp/79/79-187-5.el32.labeled, 21345056 edges (170760448 byte)
Input: /root/cuMatch/scratch/LGF/el32_tmp/80/80-187-5.el32.labeled [GBID: 80, 187, 5] [EDGE LABEL: HAS_TAG]
dmesg > labeled_grid_generator.cpp:458
Converting /root/cuMatch/scratch/LGF/el32_tmp/80/80-187-5.el32.labeled, 21605335 edges (172842680 byte)
Input: /root/cuMatch/scratch/LGF/el32_tmp/81/81-187-5.el32.labeled [GBID: 81, 187, 5] [EDGE LABEL: HAS_TAG]
dmesg > labeled_grid_generator.cpp:458
Converting /root/cuMatch/scratch/LGF/el32_tmp/81/81-187-5.el32.labeled, 21062339 edges (168498712 byte)
Input: /root/cuMatch/scratch/LGF/el32_tmp/82/82-187-5.el32.labeled [GBID: 82, 187, 5] [EDGE LABEL: HAS_TAG]
dmesg > labeled_grid_generator.cpp:458
Converting /root/cuMatch/scratch/LGF/el32_tmp/82/82-187-5.el32.labeled, 21345420 edges (170763360 byte)
Input: /root/cuMatch/scratch/LGF/el32_tmp/83/83-187-5.el32.labeled [GBID: 83, 187, 5] [EDGE LABEL: HAS_TAG]
dmesg > labeled_grid_generator.cpp:458
Converting /root/cuMatch/scratch/LGF/el32_tmp/83/83-187-5.el32.labeled, 21675962 edges (173407696 byte)
Input: /root/cuMatch/scratch/LGF/el32_tmp/84/84-187-5.el32.labeled [GBID: 84, 187, 5] [EDGE LABEL: HAS_TAG]
dmesg > labeled_grid_generator.cpp:458
Converting /root/cuMatch/scratch/LGF/el32_tmp/84/84-187-5.el32.labeled, 21332888 edges (170663104 byte)
Input: /root/cuMatch/scratch/LGF/el32_tmp/85/85-187-5.el32.labeled [GBID: 85, 187, 5] [EDGE LABEL: HAS_TAG]
dmesg > labeled_grid_generator.cpp:458
Converting /root/cuMatch/scratch/LGF/el32_tmp/85/85-187-5.el32.labeled, 21366490 edges (170931920 byte)
Input: /root/cuMatch/scratch/LGF/el32_tmp/86/86-187-5.el32.labeled [GBID: 86, 187, 5] [EDGE LABEL: HAS_TAG]
dmesg > labeled_grid_generator.cpp:458
Converting /root/cuMatch/scratch/LGF/el32_tmp/86/86-187-5.el32.labeled, 21223209 edges (169785672 byte)
Input: /root/cuMatch/scratch/LGF/el32_tmp/87/87-187-5.el32.labeled [GBID: 87, 187, 5] [EDGE LABEL: HAS_TAG]
dmesg > labeled_grid_generator.cpp:458
Converting /root/cuMatch/scratch/LGF/el32_tmp/87/87-187-5.el32.labeled, 21511810 edges (172094480 byte)
Input: /root/cuMatch/scratch/LGF/el32_tmp/88/88-187-5.el32.labeled [GBID: 88, 187, 5] [EDGE LABEL: HAS_TAG]
dmesg > labeled_grid_generator.cpp:458
Converting /root/cuMatch/scratch/LGF/el32_tmp/88/88-187-5.el32.labeled, 21689026 edges (173512208 byte)
Input: /root/cuMatch/scratch/LGF/el32_tmp/89/89-187-5.el32.labeled [GBID: 89, 187, 5] [EDGE LABEL: HAS_TAG]
dmesg > labeled_grid_generator.cpp:458
Converting /root/cuMatch/scratch/LGF/el32_tmp/89/89-187-5.el32.labeled, 21073127 edges (168585016 byte)
Input: /root/cuMatch/scratch/LGF/el32_tmp/90/90-187-5.el32.labeled [GBID: 90, 187, 5] [EDGE LABEL: HAS_TAG]
dmesg > labeled_grid_generator.cpp:458
Converting /root/cuMatch/scratch/LGF/el32_tmp/90/90-187-5.el32.labeled, 21001134 edges (168009072 byte)
Input: /root/cuMatch/scratch/LGF/el32_tmp/91/91-187-5.el32.labeled [GBID: 91, 187, 5] [EDGE LABEL: HAS_TAG]
dmesg > labeled_grid_generator.cpp:458
Converting /root/cuMatch/scratch/LGF/el32_tmp/91/91-187-5.el32.labeled, 21442613 edges (171540904 byte)
Input: /root/cuMatch/scratch/LGF/el32_tmp/92/92-187-5.el32.labeled [GBID: 92, 187, 5] [EDGE LABEL: HAS_TAG]
dmesg > labeled_grid_generator.cpp:458
Converting /root/cuMatch/scratch/LGF/el32_tmp/92/92-187-5.el32.labeled, 21388114 edges (171104912 byte)
Input: /root/cuMatch/scratch/LGF/el32_tmp/93/93-187-5.el32.labeled [GBID: 93, 187, 5] [EDGE LABEL: HAS_TAG]
dmesg > labeled_grid_generator.cpp:458
Converting /root/cuMatch/scratch/LGF/el32_tmp/93/93-187-5.el32.labeled, 21293363 edges (170346904 byte)
Input: /root/cuMatch/scratch/LGF/el32_tmp/94/94-187-5.el32.labeled [GBID: 94, 187, 5] [EDGE LABEL: HAS_TAG]
dmesg > labeled_grid_generator.cpp:458
Converting /root/cuMatch/scratch/LGF/el32_tmp/94/94-187-5.el32.labeled, 21202203 edges (169617624 byte)
Input: /root/cuMatch/scratch/LGF/el32_tmp/95/95-187-5.el32.labeled [GBID: 95, 187, 5] [EDGE LABEL: HAS_TAG]
dmesg > labeled_grid_generator.cpp:458
Converting /root/cuMatch/scratch/LGF/el32_tmp/95/95-187-5.el32.labeled, 21078138 edges (168625104 byte)
Input: /root/cuMatch/scratch/LGF/el32_tmp/96/96-187-5.el32.labeled [GBID: 96, 187, 5] [EDGE LABEL: HAS_TAG]
dmesg > labeled_grid_generator.cpp:458
Converting /root/cuMatch/scratch/LGF/el32_tmp/96/96-187-5.el32.labeled, 21207574 edges (169660592 byte)
Input: /root/cuMatch/scratch/LGF/el32_tmp/97/97-187-5.el32.labeled [GBID: 97, 187, 5] [EDGE LABEL: HAS_TAG]
dmesg > labeled_grid_generator.cpp:458
Converting /root/cuMatch/scratch/LGF/el32_tmp/97/97-187-5.el32.labeled, 21631651 edges (173053208 byte)
Input: /root/cuMatch/scratch/LGF/el32_tmp/98/98-187-5.el32.labeled [GBID: 98, 187, 5] [EDGE LABEL: HAS_TAG]
dmesg > labeled_grid_generator.cpp:458
Converting /root/cuMatch/scratch/LGF/el32_tmp/98/98-187-5.el32.labeled, 21368701 edges (170949608 byte)
Input: /root/cuMatch/scratch/LGF/el32_tmp/99/99-187-5.el32.labeled [GBID: 99, 187, 5] [EDGE LABEL: HAS_TAG]
dmesg > labeled_grid_generator.cpp:458
Converting /root/cuMatch/scratch/LGF/el32_tmp/99/99-187-5.el32.labeled, 21636480 edges (173091840 byte)
Input: /root/cuMatch/scratch/LGF/el32_tmp/100/100-187-5.el32.labeled [GBID: 100, 187, 5] [EDGE LABEL: HAS_TAG]
dmesg > labeled_grid_generator.cpp:458
Converting /root/cuMatch/scratch/LGF/el32_tmp/100/100-187-5.el32.labeled, 21262175 edges (170097400 byte)
Input: /root/cuMatch/scratch/LGF/el32_tmp/101/101-187-5.el32.labeled [GBID: 101, 187, 5] [EDGE LABEL: HAS_TAG]
dmesg > labeled_grid_generator.cpp:458
Converting /root/cuMatch/scratch/LGF/el32_tmp/101/101-187-5.el32.labeled, 21094840 edges (168758720 byte)
Input: /root/cuMatch/scratch/LGF/el32_tmp/102/102-187-5.el32.labeled [GBID: 102, 187, 5] [EDGE LABEL: HAS_TAG]
dmesg > labeled_grid_generator.cpp:458
Converting /root/cuMatch/scratch/LGF/el32_tmp/102/102-187-5.el32.labeled, 21480115 edges (171840920 byte)
Input: /root/cuMatch/scratch/LGF/el32_tmp/103/103-187-5.el32.labeled [GBID: 103, 187, 5] [EDGE LABEL: HAS_TAG]
dmesg > labeled_grid_generator.cpp:458
Converting /root/cuMatch/scratch/LGF/el32_tmp/103/103-187-5.el32.labeled, 21391318 edges (171130544 byte)
Input: /root/cuMatch/scratch/LGF/el32_tmp/104/104-187-5.el32.labeled [GBID: 104, 187, 5] [EDGE LABEL: HAS_TAG]
dmesg > labeled_grid_generator.cpp:458
Converting /root/cuMatch/scratch/LGF/el32_tmp/104/104-187-5.el32.labeled, 21361318 edges (170890544 byte)
Input: /root/cuMatch/scratch/LGF/el32_tmp/105/105-187-5.el32.labeled [GBID: 105, 187, 5] [EDGE LABEL: HAS_TAG]
dmesg > labeled_grid_generator.cpp:458
Converting /root/cuMatch/scratch/LGF/el32_tmp/105/105-187-5.el32.labeled, 21518923 edges (172151384 byte)
Input: /root/cuMatch/scratch/LGF/el32_tmp/106/106-187-5.el32.labeled [GBID: 106, 187, 5] [EDGE LABEL: HAS_TAG]
dmesg > labeled_grid_generator.cpp:458
Converting /root/cuMatch/scratch/LGF/el32_tmp/106/106-187-5.el32.labeled, 21402519 edges (171220152 byte)
Input: /root/cuMatch/scratch/LGF/el32_tmp/107/107-187-5.el32.labeled [GBID: 107, 187, 5] [EDGE LABEL: HAS_TAG]
dmesg > labeled_grid_generator.cpp:458
Converting /root/cuMatch/scratch/LGF/el32_tmp/107/107-187-5.el32.labeled, 21343521 edges (170748168 byte)
Input: /root/cuMatch/scratch/LGF/el32_tmp/108/108-187-5.el32.labeled [GBID: 108, 187, 5] [EDGE LABEL: HAS_TAG]
dmesg > labeled_grid_generator.cpp:458
Converting /root/cuMatch/scratch/LGF/el32_tmp/108/108-187-5.el32.labeled, 21536128 edges (172289024 byte)
Input: /root/cuMatch/scratch/LGF/el32_tmp/109/109-187-5.el32.labeled [GBID: 109, 187, 5] [EDGE LABEL: HAS_TAG]
dmesg > labeled_grid_generator.cpp:458
Converting /root/cuMatch/scratch/LGF/el32_tmp/109/109-187-5.el32.labeled, 21478766 edges (171830128 byte)
Input: /root/cuMatch/scratch/LGF/el32_tmp/110/110-187-5.el32.labeled [GBID: 110, 187, 5] [EDGE LABEL: HAS_TAG]
dmesg > labeled_grid_generator.cpp:458
Converting /root/cuMatch/scratch/LGF/el32_tmp/110/110-187-5.el32.labeled, 21581861 edges (172654888 byte)
Input: /root/cuMatch/scratch/LGF/el32_tmp/111/111-187-5.el32.labeled [GBID: 111, 187, 5] [EDGE LABEL: HAS_TAG]
dmesg > labeled_grid_generator.cpp:458
Converting /root/cuMatch/scratch/LGF/el32_tmp/111/111-187-5.el32.labeled, 21091511 edges (168732088 byte)
Input: /root/cuMatch/scratch/LGF/el32_tmp/112/112-187-5.el32.labeled [GBID: 112, 187, 5] [EDGE LABEL: HAS_TAG]
dmesg > labeled_grid_generator.cpp:458
Converting /root/cuMatch/scratch/LGF/el32_tmp/112/112-187-5.el32.labeled, 20826384 edges (166611072 byte)
Input: /root/cuMatch/scratch/LGF/el32_tmp/113/113-187-5.el32.labeled [GBID: 113, 187, 5] [EDGE LABEL: HAS_TAG]
dmesg > labeled_grid_generator.cpp:458
Converting /root/cuMatch/scratch/LGF/el32_tmp/113/113-187-5.el32.labeled, 21544164 edges (172353312 byte)
Input: /root/cuMatch/scratch/LGF/el32_tmp/114/114-187-5.el32.labeled [GBID: 114, 187, 5] [EDGE LABEL: HAS_TAG]
dmesg > labeled_grid_generator.cpp:458
Converting /root/cuMatch/scratch/LGF/el32_tmp/114/114-187-5.el32.labeled, 21458624 edges (171668992 byte)
Input: /root/cuMatch/scratch/LGF/el32_tmp/115/115-187-5.el32.labeled [GBID: 115, 187, 5] [EDGE LABEL: HAS_TAG]
dmesg > labeled_grid_generator.cpp:458
Converting /root/cuMatch/scratch/LGF/el32_tmp/115/115-187-5.el32.labeled, 21307490 edges (170459920 byte)
Input: /root/cuMatch/scratch/LGF/el32_tmp/116/116-187-5.el32.labeled [GBID: 116, 187, 5] [EDGE LABEL: HAS_TAG]
dmesg > labeled_grid_generator.cpp:458
Converting /root/cuMatch/scratch/LGF/el32_tmp/116/116-187-5.el32.labeled, 21402677 edges (171221416 byte)
Input: /root/cuMatch/scratch/LGF/el32_tmp/117/117-187-5.el32.labeled [GBID: 117, 187, 5] [EDGE LABEL: HAS_TAG]
dmesg > labeled_grid_generator.cpp:458
Converting /root/cuMatch/scratch/LGF/el32_tmp/117/117-187-5.el32.labeled, 21307105 edges (170456840 byte)
Input: /root/cuMatch/scratch/LGF/el32_tmp/118/118-187-5.el32.labeled [GBID: 118, 187, 5] [EDGE LABEL: HAS_TAG]
dmesg > labeled_grid_generator.cpp:458
Converting /root/cuMatch/scratch/LGF/el32_tmp/118/118-187-5.el32.labeled, 21675443 edges (173403544 byte)
Input: /root/cuMatch/scratch/LGF/el32_tmp/119/119-187-5.el32.labeled [GBID: 119, 187, 5] [EDGE LABEL: HAS_TAG]
dmesg > labeled_grid_generator.cpp:458
Converting /root/cuMatch/scratch/LGF/el32_tmp/119/119-187-5.el32.labeled, 21418885 edges (171351080 byte)
Input: /root/cuMatch/scratch/LGF/el32_tmp/120/120-187-5.el32.labeled [GBID: 120, 187, 5] [EDGE LABEL: HAS_TAG]
dmesg > labeled_grid_generator.cpp:458
Converting /root/cuMatch/scratch/LGF/el32_tmp/120/120-187-5.el32.labeled, 21299681 edges (170397448 byte)
Input: /root/cuMatch/scratch/LGF/el32_tmp/121/121-187-5.el32.labeled [GBID: 121, 187, 5] [EDGE LABEL: HAS_TAG]
dmesg > labeled_grid_generator.cpp:458
Converting /root/cuMatch/scratch/LGF/el32_tmp/121/121-187-5.el32.labeled, 21175647 edges (169405176 byte)
Input: /root/cuMatch/scratch/LGF/el32_tmp/122/122-187-5.el32.labeled [GBID: 122, 187, 5] [EDGE LABEL: HAS_TAG]
dmesg > labeled_grid_generator.cpp:458
Converting /root/cuMatch/scratch/LGF/el32_tmp/122/122-187-5.el32.labeled, 21408040 edges (171264320 byte)
Input: /root/cuMatch/scratch/LGF/el32_tmp/123/123-187-5.el32.labeled [GBID: 123, 187, 5] [EDGE LABEL: HAS_TAG]
dmesg > labeled_grid_generator.cpp:458
Converting /root/cuMatch/scratch/LGF/el32_tmp/123/123-187-5.el32.labeled, 21503484 edges (172027872 byte)
Input: /root/cuMatch/scratch/LGF/el32_tmp/124/124-187-5.el32.labeled [GBID: 124, 187, 5] [EDGE LABEL: HAS_TAG]
dmesg > labeled_grid_generator.cpp:458
Converting /root/cuMatch/scratch/LGF/el32_tmp/124/124-187-5.el32.labeled, 21470212 edges (171761696 byte)
Input: /root/cuMatch/scratch/LGF/el32_tmp/125/125-187-5.el32.labeled [GBID: 125, 187, 5] [EDGE LABEL: HAS_TAG]
dmesg > labeled_grid_generator.cpp:458
Converting /root/cuMatch/scratch/LGF/el32_tmp/125/125-187-5.el32.labeled, 21181773 edges (169454184 byte)
Input: /root/cuMatch/scratch/LGF/el32_tmp/126/126-187-5.el32.labeled [GBID: 126, 187, 5] [EDGE LABEL: HAS_TAG]
dmesg > labeled_grid_generator.cpp:458
Converting /root/cuMatch/scratch/LGF/el32_tmp/126/126-187-5.el32.labeled, 21441665 edges (171533320 byte)
Input: /root/cuMatch/scratch/LGF/el32_tmp/127/127-187-5.el32.labeled [GBID: 127, 187, 5] [EDGE LABEL: HAS_TAG]
dmesg > labeled_grid_generator.cpp:458
Converting /root/cuMatch/scratch/LGF/el32_tmp/127/127-187-5.el32.labeled, 20948099 edges (167584792 byte)
Input: /root/cuMatch/scratch/LGF/el32_tmp/128/128-187-5.el32.labeled [GBID: 128, 187, 5] [EDGE LABEL: HAS_TAG]
dmesg > labeled_grid_generator.cpp:458
Converting /root/cuMatch/scratch/LGF/el32_tmp/128/128-187-5.el32.labeled, 21427885 edges (171423080 byte)
Input: /root/cuMatch/scratch/LGF/el32_tmp/129/129-187-5.el32.labeled [GBID: 129, 187, 5] [EDGE LABEL: HAS_TAG]
dmesg > labeled_grid_generator.cpp:458
Converting /root/cuMatch/scratch/LGF/el32_tmp/129/129-187-5.el32.labeled, 21434276 edges (171474208 byte)
Input: /root/cuMatch/scratch/LGF/el32_tmp/130/130-187-5.el32.labeled [GBID: 130, 187, 5] [EDGE LABEL: HAS_TAG]
dmesg > labeled_grid_generator.cpp:458
Converting /root/cuMatch/scratch/LGF/el32_tmp/130/130-187-5.el32.labeled, 21683173 edges (173465384 byte)
Input: /root/cuMatch/scratch/LGF/el32_tmp/131/131-187-5.el32.labeled [GBID: 131, 187, 5] [EDGE LABEL: HAS_TAG]
dmesg > labeled_grid_generator.cpp:458
Converting /root/cuMatch/scratch/LGF/el32_tmp/131/131-187-5.el32.labeled, 21669193 edges (173353544 byte)
Input: /root/cuMatch/scratch/LGF/el32_tmp/132/132-187-5.el32.labeled [GBID: 132, 187, 5] [EDGE LABEL: HAS_TAG]
dmesg > labeled_grid_generator.cpp:458
Converting /root/cuMatch/scratch/LGF/el32_tmp/132/132-187-5.el32.labeled, 21297895 edges (170383160 byte)
Input: /root/cuMatch/scratch/LGF/el32_tmp/133/133-187-5.el32.labeled [GBID: 133, 187, 5] [EDGE LABEL: HAS_TAG]
dmesg > labeled_grid_generator.cpp:458
Converting /root/cuMatch/scratch/LGF/el32_tmp/133/133-187-5.el32.labeled, 21311675 edges (170493400 byte)
Input: /root/cuMatch/scratch/LGF/el32_tmp/134/134-187-5.el32.labeled [GBID: 134, 187, 5] [EDGE LABEL: HAS_TAG]
dmesg > labeled_grid_generator.cpp:458
Converting /root/cuMatch/scratch/LGF/el32_tmp/134/134-187-5.el32.labeled, 21117544 edges (168940352 byte)
Input: /root/cuMatch/scratch/LGF/el32_tmp/135/135-187-5.el32.labeled [GBID: 135, 187, 5] [EDGE LABEL: HAS_TAG]
dmesg > labeled_grid_generator.cpp:458
Converting /root/cuMatch/scratch/LGF/el32_tmp/135/135-187-5.el32.labeled, 21684806 edges (173478448 byte)
Input: /root/cuMatch/scratch/LGF/el32_tmp/136/136-187-5.el32.labeled [GBID: 136, 187, 5] [EDGE LABEL: HAS_TAG]
dmesg > labeled_grid_generator.cpp:458
Converting /root/cuMatch/scratch/LGF/el32_tmp/136/136-187-5.el32.labeled, 20949319 edges (167594552 byte)
Input: /root/cuMatch/scratch/LGF/el32_tmp/137/137-187-5.el32.labeled [GBID: 137, 187, 5] [EDGE LABEL: HAS_TAG]
dmesg > labeled_grid_generator.cpp:458
Converting /root/cuMatch/scratch/LGF/el32_tmp/137/137-187-5.el32.labeled, 21197251 edges (169578008 byte)
Input: /root/cuMatch/scratch/LGF/el32_tmp/138/138-187-5.el32.labeled [GBID: 138, 187, 5] [EDGE LABEL: HAS_TAG]
dmesg > labeled_grid_generator.cpp:458
Converting /root/cuMatch/scratch/LGF/el32_tmp/138/138-187-5.el32.labeled, 21648660 edges (173189280 byte)
Input: /root/cuMatch/scratch/LGF/el32_tmp/139/139-187-5.el32.labeled [GBID: 139, 187, 5] [EDGE LABEL: HAS_TAG]
dmesg > labeled_grid_generator.cpp:458
Converting /root/cuMatch/scratch/LGF/el32_tmp/139/139-187-5.el32.labeled, 21525357 edges (172202856 byte)
Input: /root/cuMatch/scratch/LGF/el32_tmp/140/140-187-5.el32.labeled [GBID: 140, 187, 5] [EDGE LABEL: HAS_TAG]
dmesg > labeled_grid_generator.cpp:458
Converting /root/cuMatch/scratch/LGF/el32_tmp/140/140-187-5.el32.labeled, 21272671 edges (170181368 byte)
Input: /root/cuMatch/scratch/LGF/el32_tmp/141/141-187-5.el32.labeled [GBID: 141, 187, 5] [EDGE LABEL: HAS_TAG]
dmesg > labeled_grid_generator.cpp:458
Converting /root/cuMatch/scratch/LGF/el32_tmp/141/141-187-5.el32.labeled, 21512953 edges (172103624 byte)
Input: /root/cuMatch/scratch/LGF/el32_tmp/142/142-187-5.el32.labeled [GBID: 142, 187, 5] [EDGE LABEL: HAS_TAG]
dmesg > labeled_grid_generator.cpp:458
Converting /root/cuMatch/scratch/LGF/el32_tmp/142/142-187-5.el32.labeled, 21343913 edges (170751304 byte)
Input: /root/cuMatch/scratch/LGF/el32_tmp/143/143-187-5.el32.labeled [GBID: 143, 187, 5] [EDGE LABEL: HAS_TAG]
dmesg > labeled_grid_generator.cpp:458
Converting /root/cuMatch/scratch/LGF/el32_tmp/143/143-187-5.el32.labeled, 21491357 edges (171930856 byte)
Input: /root/cuMatch/scratch/LGF/el32_tmp/144/144-187-5.el32.labeled [GBID: 144, 187, 5] [EDGE LABEL: HAS_TAG]
dmesg > labeled_grid_generator.cpp:458
Converting /root/cuMatch/scratch/LGF/el32_tmp/144/144-187-5.el32.labeled, 21058059 edges (168464472 byte)
Input: /root/cuMatch/scratch/LGF/el32_tmp/145/145-187-5.el32.labeled [GBID: 145, 187, 5] [EDGE LABEL: HAS_TAG]
dmesg > labeled_grid_generator.cpp:458
Converting /root/cuMatch/scratch/LGF/el32_tmp/145/145-187-5.el32.labeled, 21539075 edges (172312600 byte)
Input: /root/cuMatch/scratch/LGF/el32_tmp/146/146-187-5.el32.labeled [GBID: 146, 187, 5] [EDGE LABEL: HAS_TAG]
dmesg > labeled_grid_generator.cpp:458
Converting /root/cuMatch/scratch/LGF/el32_tmp/146/146-187-5.el32.labeled, 21521346 edges (172170768 byte)
Input: /root/cuMatch/scratch/LGF/el32_tmp/147/147-187-5.el32.labeled [GBID: 147, 187, 5] [EDGE LABEL: HAS_TAG]
dmesg > labeled_grid_generator.cpp:458
Converting /root/cuMatch/scratch/LGF/el32_tmp/147/147-187-5.el32.labeled, 21541734 edges (172333872 byte)
Input: /root/cuMatch/scratch/LGF/el32_tmp/148/148-187-5.el32.labeled [GBID: 148, 187, 5] [EDGE LABEL: HAS_TAG]
dmesg > labeled_grid_generator.cpp:458
Converting /root/cuMatch/scratch/LGF/el32_tmp/148/148-187-5.el32.labeled, 21176683 edges (169413464 byte)
Input: /root/cuMatch/scratch/LGF/el32_tmp/149/149-187-5.el32.labeled [GBID: 149, 187, 5] [EDGE LABEL: HAS_TAG]
dmesg > labeled_grid_generator.cpp:458
Converting /root/cuMatch/scratch/LGF/el32_tmp/149/149-187-5.el32.labeled, 21033688 edges (168269504 byte)
Input: /root/cuMatch/scratch/LGF/el32_tmp/150/150-187-5.el32.labeled [GBID: 150, 187, 5] [EDGE LABEL: HAS_TAG]
dmesg > labeled_grid_generator.cpp:458
Converting /root/cuMatch/scratch/LGF/el32_tmp/150/150-187-5.el32.labeled, 21335211 edges (170681688 byte)
Input: /root/cuMatch/scratch/LGF/el32_tmp/151/151-187-5.el32.labeled [GBID: 151, 187, 5] [EDGE LABEL: HAS_TAG]
dmesg > labeled_grid_generator.cpp:458
Converting /root/cuMatch/scratch/LGF/el32_tmp/151/151-187-5.el32.labeled, 4903036 edges (39224288 byte)
Input: /root/cuMatch/scratch/LGF/el32_tmp/152/152-187-5.el32.labeled [GBID: 152, 187, 5] [EDGE LABEL: HAS_TAG]
dmesg > labeled_grid_generator.cpp:458
Converting /root/cuMatch/scratch/LGF/el32_tmp/152/152-187-5.el32.labeled, 23919120 edges (191352960 byte)
Input: /root/cuMatch/scratch/LGF/el32_tmp/153/153-187-5.el32.labeled [GBID: 153, 187, 5] [EDGE LABEL: HAS_TAG]
dmesg > labeled_grid_generator.cpp:458
Converting /root/cuMatch/scratch/LGF/el32_tmp/153/153-187-5.el32.labeled, 24495477 edges (195963816 byte)
Input: /root/cuMatch/scratch/LGF/el32_tmp/154/154-187-5.el32.labeled [GBID: 154, 187, 5] [EDGE LABEL: HAS_TAG]
dmesg > labeled_grid_generator.cpp:458
Converting /root/cuMatch/scratch/LGF/el32_tmp/154/154-187-5.el32.labeled, 24289803 edges (194318424 byte)
Input: /root/cuMatch/scratch/LGF/el32_tmp/155/155-187-5.el32.labeled [GBID: 155, 187, 5] [EDGE LABEL: HAS_TAG]
dmesg > labeled_grid_generator.cpp:458
Converting /root/cuMatch/scratch/LGF/el32_tmp/155/155-187-5.el32.labeled, 24142638 edges (193141104 byte)
Input: /root/cuMatch/scratch/LGF/el32_tmp/156/156-187-5.el32.labeled [GBID: 156, 187, 5] [EDGE LABEL: HAS_TAG]
dmesg > labeled_grid_generator.cpp:458
Converting /root/cuMatch/scratch/LGF/el32_tmp/156/156-187-5.el32.labeled, 23980295 edges (191842360 byte)
Input: /root/cuMatch/scratch/LGF/el32_tmp/157/157-187-5.el32.labeled [GBID: 157, 187, 5] [EDGE LABEL: HAS_TAG]
dmesg > labeled_grid_generator.cpp:458
Converting /root/cuMatch/scratch/LGF/el32_tmp/157/157-187-5.el32.labeled, 24331370 edges (194650960 byte)
Input: /root/cuMatch/scratch/LGF/el32_tmp/158/158-187-5.el32.labeled [GBID: 158, 187, 5] [EDGE LABEL: HAS_TAG]
dmesg > labeled_grid_generator.cpp:458
Converting /root/cuMatch/scratch/LGF/el32_tmp/158/158-187-5.el32.labeled, 23926030 edges (191408240 byte)
Input: /root/cuMatch/scratch/LGF/el32_tmp/159/159-187-5.el32.labeled [GBID: 159, 187, 5] [EDGE LABEL: HAS_TAG]
dmesg > labeled_grid_generator.cpp:458
Converting /root/cuMatch/scratch/LGF/el32_tmp/159/159-187-5.el32.labeled, 24132018 edges (193056144 byte)
Input: /root/cuMatch/scratch/LGF/el32_tmp/160/160-187-5.el32.labeled [GBID: 160, 187, 5] [EDGE LABEL: HAS_TAG]
dmesg > labeled_grid_generator.cpp:458
Converting /root/cuMatch/scratch/LGF/el32_tmp/160/160-187-5.el32.labeled, 23909131 edges (191273048 byte)
Input: /root/cuMatch/scratch/LGF/el32_tmp/161/161-187-5.el32.labeled [GBID: 161, 187, 5] [EDGE LABEL: HAS_TAG]
dmesg > labeled_grid_generator.cpp:458
Converting /root/cuMatch/scratch/LGF/el32_tmp/161/161-187-5.el32.labeled, 24338822 edges (194710576 byte)
Input: /root/cuMatch/scratch/LGF/el32_tmp/162/162-187-5.el32.labeled [GBID: 162, 187, 5] [EDGE LABEL: HAS_TAG]
dmesg > labeled_grid_generator.cpp:458
Converting /root/cuMatch/scratch/LGF/el32_tmp/162/162-187-5.el32.labeled, 24082721 edges (192661768 byte)
Input: /root/cuMatch/scratch/LGF/el32_tmp/163/163-187-5.el32.labeled [GBID: 163, 187, 5] [EDGE LABEL: HAS_TAG]
dmesg > labeled_grid_generator.cpp:458
Converting /root/cuMatch/scratch/LGF/el32_tmp/163/163-187-5.el32.labeled, 24406729 edges (195253832 byte)
Input: /root/cuMatch/scratch/LGF/el32_tmp/164/164-187-5.el32.labeled [GBID: 164, 187, 5] [EDGE LABEL: HAS_TAG]
dmesg > labeled_grid_generator.cpp:458
Converting /root/cuMatch/scratch/LGF/el32_tmp/164/164-187-5.el32.labeled, 23857006 edges (190856048 byte)
Input: /root/cuMatch/scratch/LGF/el32_tmp/165/165-187-5.el32.labeled [GBID: 165, 187, 5] [EDGE LABEL: HAS_TAG]
dmesg > labeled_grid_generator.cpp:458
Converting /root/cuMatch/scratch/LGF/el32_tmp/165/165-187-5.el32.labeled, 23919341 edges (191354728 byte)
Input: /root/cuMatch/scratch/LGF/el32_tmp/166/166-187-5.el32.labeled [GBID: 166, 187, 5] [EDGE LABEL: HAS_TAG]
dmesg > labeled_grid_generator.cpp:458
Converting /root/cuMatch/scratch/LGF/el32_tmp/166/166-187-5.el32.labeled, 24390041 edges (195120328 byte)
Input: /root/cuMatch/scratch/LGF/el32_tmp/167/167-187-5.el32.labeled [GBID: 167, 187, 5] [EDGE LABEL: HAS_TAG]
dmesg > labeled_grid_generator.cpp:458
Converting /root/cuMatch/scratch/LGF/el32_tmp/167/167-187-5.el32.labeled, 24125502 edges (193004016 byte)
Input: /root/cuMatch/scratch/LGF/el32_tmp/168/168-187-5.el32.labeled [GBID: 168, 187, 5] [EDGE LABEL: HAS_TAG]
dmesg > labeled_grid_generator.cpp:458
Converting /root/cuMatch/scratch/LGF/el32_tmp/168/168-187-5.el32.labeled, 24142059 edges (193136472 byte)
Input: /root/cuMatch/scratch/LGF/el32_tmp/169/169-187-5.el32.labeled [GBID: 169, 187, 5] [EDGE LABEL: HAS_TAG]
dmesg > labeled_grid_generator.cpp:458
Converting /root/cuMatch/scratch/LGF/el32_tmp/169/169-187-5.el32.labeled, 24341561 edges (194732488 byte)
Input: /root/cuMatch/scratch/LGF/el32_tmp/170/170-187-5.el32.labeled [GBID: 170, 187, 5] [EDGE LABEL: HAS_TAG]
dmesg > labeled_grid_generator.cpp:458
Converting /root/cuMatch/scratch/LGF/el32_tmp/170/170-187-5.el32.labeled, 24024627 edges (192197016 byte)
Input: /root/cuMatch/scratch/LGF/el32_tmp/171/171-187-5.el32.labeled [GBID: 171, 187, 5] [EDGE LABEL: HAS_TAG]
dmesg > labeled_grid_generator.cpp:458
Converting /root/cuMatch/scratch/LGF/el32_tmp/171/171-187-5.el32.labeled, 23842488 edges (190739904 byte)
Input: /root/cuMatch/scratch/LGF/el32_tmp/172/172-187-5.el32.labeled [GBID: 172, 187, 5] [EDGE LABEL: HAS_TAG]
dmesg > labeled_grid_generator.cpp:458
Converting /root/cuMatch/scratch/LGF/el32_tmp/172/172-187-5.el32.labeled, 23776730 edges (190213840 byte)
Input: /root/cuMatch/scratch/LGF/el32_tmp/173/173-187-5.el32.labeled [GBID: 173, 187, 5] [EDGE LABEL: HAS_TAG]
dmesg > labeled_grid_generator.cpp:458
Converting /root/cuMatch/scratch/LGF/el32_tmp/173/173-187-5.el32.labeled, 24063725 edges (192509800 byte)
Input: /root/cuMatch/scratch/LGF/el32_tmp/174/174-187-5.el32.labeled [GBID: 174, 187, 5] [EDGE LABEL: HAS_TAG]
dmesg > labeled_grid_generator.cpp:458
Converting /root/cuMatch/scratch/LGF/el32_tmp/174/174-187-5.el32.labeled, 24377763 edges (195022104 byte)
Input: /root/cuMatch/scratch/LGF/el32_tmp/175/175-187-5.el32.labeled [GBID: 175, 187, 5] [EDGE LABEL: HAS_TAG]
dmesg > labeled_grid_generator.cpp:458
Converting /root/cuMatch/scratch/LGF/el32_tmp/175/175-187-5.el32.labeled, 24525317 edges (196202536 byte)
Input: /root/cuMatch/scratch/LGF/el32_tmp/176/176-187-5.el32.labeled [GBID: 176, 187, 5] [EDGE LABEL: HAS_TAG]
dmesg > labeled_grid_generator.cpp:458
Converting /root/cuMatch/scratch/LGF/el32_tmp/176/176-187-5.el32.labeled, 23768807 edges (190150456 byte)
Input: /root/cuMatch/scratch/LGF/el32_tmp/177/177-187-5.el32.labeled [GBID: 177, 187, 5] [EDGE LABEL: HAS_TAG]
dmesg > labeled_grid_generator.cpp:458
Converting /root/cuMatch/scratch/LGF/el32_tmp/177/177-187-5.el32.labeled, 24334832 edges (194678656 byte)
Input: /root/cuMatch/scratch/LGF/el32_tmp/178/178-187-5.el32.labeled [GBID: 178, 187, 5] [EDGE LABEL: HAS_TAG]
dmesg > labeled_grid_generator.cpp:458
Converting /root/cuMatch/scratch/LGF/el32_tmp/178/178-187-5.el32.labeled, 23958260 edges (191666080 byte)
Input: /root/cuMatch/scratch/LGF/el32_tmp/179/179-187-5.el32.labeled [GBID: 179, 187, 5] [EDGE LABEL: HAS_TAG]
dmesg > labeled_grid_generator.cpp:458
Converting /root/cuMatch/scratch/LGF/el32_tmp/179/179-187-5.el32.labeled, 24424235 edges (195393880 byte)
Input: /root/cuMatch/scratch/LGF/el32_tmp/180/180-187-5.el32.labeled [GBID: 180, 187, 5] [EDGE LABEL: HAS_TAG]
dmesg > labeled_grid_generator.cpp:458
Converting /root/cuMatch/scratch/LGF/el32_tmp/180/180-187-5.el32.labeled, 24245541 edges (193964328 byte)
Input: /root/cuMatch/scratch/LGF/el32_tmp/181/181-187-5.el32.labeled [GBID: 181, 187, 5] [EDGE LABEL: HAS_TAG]
dmesg > labeled_grid_generator.cpp:458
Converting /root/cuMatch/scratch/LGF/el32_tmp/181/181-187-5.el32.labeled, 23908831 edges (191270648 byte)
Input: /root/cuMatch/scratch/LGF/el32_tmp/182/182-187-5.el32.labeled [GBID: 182, 187, 5] [EDGE LABEL: HAS_TAG]
dmesg > labeled_grid_generator.cpp:458
Converting /root/cuMatch/scratch/LGF/el32_tmp/182/182-187-5.el32.labeled, 23953544 edges (191628352 byte)
Input: /root/cuMatch/scratch/LGF/el32_tmp/183/183-187-5.el32.labeled [GBID: 183, 187, 5] [EDGE LABEL: HAS_TAG]
dmesg > labeled_grid_generator.cpp:458
Converting /root/cuMatch/scratch/LGF/el32_tmp/183/183-187-5.el32.labeled, 23995472 edges (191963776 byte)
Input: /root/cuMatch/scratch/LGF/el32_tmp/184/184-187-5.el32.labeled [GBID: 184, 187, 5] [EDGE LABEL: HAS_TAG]
dmesg > labeled_grid_generator.cpp:458
Converting /root/cuMatch/scratch/LGF/el32_tmp/184/184-187-5.el32.labeled, 24476943 edges (195815544 byte)
Input: /root/cuMatch/scratch/LGF/el32_tmp/185/185-187-5.el32.labeled [GBID: 185, 187, 5] [EDGE LABEL: HAS_TAG]
dmesg > labeled_grid_generator.cpp:458
Converting /root/cuMatch/scratch/LGF/el32_tmp/185/185-187-5.el32.labeled, 13334480 edges (106675840 byte)
Input: /root/cuMatch/scratch/LGF/el32_tmp/186/186-187-2.el32.labeled [GBID: 186, 187, 2] [EDGE LABEL: HAS_INTEREST]
dmesg > labeled_grid_generator.cpp:458
Converting /root/cuMatch/scratch/LGF/el32_tmp/186/186-187-2.el32.labeled, 84271074 edges (674168592 byte)
Input: /root/cuMatch/scratch/LGF/el32_tmp/187/187-188-6.el32.labeled [GBID: 187, 188, 6] [EDGE LABEL: HAS_TYPE]
dmesg > labeled_grid_generator.cpp:458
Converting /root/cuMatch/scratch/LGF/el32_tmp/187/187-188-6.el32.labeled, 16080 edges (128640 byte)
Input: /root/cuMatch/scratch/LGF/el32_tmp/188/188-188-9.el32.labeled [GBID: 188, 188, 9] [EDGE LABEL: IS_SUBCLASS_OF]
dmesg > labeled_grid_generator.cpp:458
Converting /root/cuMatch/scratch/LGF/el32_tmp/188/188-188-9.el32.labeled, 70 edges (560 byte)
Input: /root/cuMatch/scratch/LGF/el32_tmp/186/186-189-13.el32.labeled [GBID: 186, 189, 13] [EDGE LABEL: STUDY_AT]
dmesg > labeled_grid_generator.cpp:458
Converting /root/cuMatch/scratch/LGF/el32_tmp/186/186-189-13.el32.labeled, 2880430 edges (23043440 byte)
+---------------------------------------------------------+
| Labeled Grid Format Info                                |
+--------------------------+------------------------------+
| Name                     |                  LSQB_sf1000 |
| Dim                      |               190 x 190 x 15 |
| Grid Size                |    248020844544  (231.0 GiB) |
| Vertex range             |      3187671040      (3.2 B) |
| # of non-isol. vertices  |      3022426959      (3.0 B) |
| # of edges               |     21050528090     (21.1 B) |
| Index-tree size          |          447516  (437.0 KiB) |
| # of Slices              |                         2402 |
| # of Vertex Labels       |                           12 |
| # of Edge Labels         |                           15 |
| Max. Slice size          |      3221225472      (3 GiB) |
+--------------------------+------------------------------+
Step 1 elapsed time: 6858.307033 seconds
Step 2 elapsed time: 817.783842 seconds
Elapsed time: 7683.91 seconds
